/*
 Navicat Premium Data Transfer

 Source Server         : 81.70.179.86_13306
 Source Server Type    : MySQL
 Source Server Version : 80026 (8.0.26)
 Source Host           : 81.70.179.86:13306
 Source Schema         : poor_user

 Target Server Type    : MySQL
 Target Server Version : 80026 (8.0.26)
 File Encoding         : 65001

 Date: 21/08/2025 15:02:11
*/

SET NAMES utf8mb4;
SET FOREIGN_KEY_CHECKS = 0;

-- ----------------------------
-- Table structure for gen_table
-- ----------------------------
DROP TABLE IF EXISTS `gen_table`;
CREATE TABLE `gen_table`  (
  `table_id` bigint NOT NULL AUTO_INCREMENT COMMENT '编号',
  `table_name` varchar(200) CHARACTER SET utf8mb4 COLLATE utf8mb4_general_ci NULL DEFAULT '' COMMENT '表名称',
  `table_comment` varchar(500) CHARACTER SET utf8mb4 COLLATE utf8mb4_general_ci NULL DEFAULT '' COMMENT '表描述',
  `sub_table_name` varchar(64) CHARACTER SET utf8mb4 COLLATE utf8mb4_general_ci NULL DEFAULT NULL COMMENT '关联子表的表名',
  `sub_table_fk_name` varchar(64) CHARACTER SET utf8mb4 COLLATE utf8mb4_general_ci NULL DEFAULT NULL COMMENT '子表关联的外键名',
  `class_name` varchar(100) CHARACTER SET utf8mb4 COLLATE utf8mb4_general_ci NULL DEFAULT '' COMMENT '实体类名称',
  `tpl_category` varchar(200) CHARACTER SET utf8mb4 COLLATE utf8mb4_general_ci NULL DEFAULT 'crud' COMMENT '使用的模板（crud单表操作 tree树表操作）',
  `tpl_web_type` varchar(30) CHARACTER SET utf8mb4 COLLATE utf8mb4_general_ci NULL DEFAULT '' COMMENT '前端模板类型（element-ui模版 element-plus模版）',
  `package_name` varchar(100) CHARACTER SET utf8mb4 COLLATE utf8mb4_general_ci NULL DEFAULT NULL COMMENT '生成包路径',
  `module_name` varchar(30) CHARACTER SET utf8mb4 COLLATE utf8mb4_general_ci NULL DEFAULT NULL COMMENT '生成模块名',
  `business_name` varchar(30) CHARACTER SET utf8mb4 COLLATE utf8mb4_general_ci NULL DEFAULT NULL COMMENT '生成业务名',
  `function_name` varchar(50) CHARACTER SET utf8mb4 COLLATE utf8mb4_general_ci NULL DEFAULT NULL COMMENT '生成功能名',
  `function_author` varchar(50) CHARACTER SET utf8mb4 COLLATE utf8mb4_general_ci NULL DEFAULT NULL COMMENT '生成功能作者',
  `gen_type` char(1) CHARACTER SET utf8mb4 COLLATE utf8mb4_general_ci NULL DEFAULT '0' COMMENT '生成代码方式（0zip压缩包 1自定义路径）',
  `gen_path` varchar(200) CHARACTER SET utf8mb4 COLLATE utf8mb4_general_ci NULL DEFAULT '/' COMMENT '生成路径（不填默认项目路径）',
  `options` varchar(1000) CHARACTER SET utf8mb4 COLLATE utf8mb4_general_ci NULL DEFAULT NULL COMMENT '其它生成选项',
  `create_by` varchar(64) CHARACTER SET utf8mb4 COLLATE utf8mb4_general_ci NULL DEFAULT '' COMMENT '创建者',
  `create_time` datetime NULL DEFAULT NULL COMMENT '创建时间',
  `update_by` varchar(64) CHARACTER SET utf8mb4 COLLATE utf8mb4_general_ci NULL DEFAULT '' COMMENT '更新者',
  `update_time` datetime NULL DEFAULT NULL COMMENT '更新时间',
  `remark` varchar(500) CHARACTER SET utf8mb4 COLLATE utf8mb4_general_ci NULL DEFAULT NULL COMMENT '备注',
  PRIMARY KEY (`table_id`) USING BTREE
) ENGINE = InnoDB CHARACTER SET = utf8mb4 COLLATE = utf8mb4_general_ci COMMENT = '代码生成业务表' ROW_FORMAT = DYNAMIC;

-- ----------------------------
-- Records of gen_table
-- ----------------------------

-- ----------------------------
-- Table structure for gen_table_column
-- ----------------------------
DROP TABLE IF EXISTS `gen_table_column`;
CREATE TABLE `gen_table_column`  (
  `column_id` bigint NOT NULL AUTO_INCREMENT COMMENT '编号',
  `table_id` bigint NULL DEFAULT NULL COMMENT '归属表编号',
  `column_name` varchar(200) CHARACTER SET utf8mb4 COLLATE utf8mb4_general_ci NULL DEFAULT NULL COMMENT '列名称',
  `column_comment` varchar(500) CHARACTER SET utf8mb4 COLLATE utf8mb4_general_ci NULL DEFAULT NULL COMMENT '列描述',
  `column_type` varchar(100) CHARACTER SET utf8mb4 COLLATE utf8mb4_general_ci NULL DEFAULT NULL COMMENT '列类型',
  `java_type` varchar(500) CHARACTER SET utf8mb4 COLLATE utf8mb4_general_ci NULL DEFAULT NULL COMMENT 'JAVA类型',
  `java_field` varchar(200) CHARACTER SET utf8mb4 COLLATE utf8mb4_general_ci NULL DEFAULT NULL COMMENT 'JAVA字段名',
  `is_pk` char(1) CHARACTER SET utf8mb4 COLLATE utf8mb4_general_ci NULL DEFAULT NULL COMMENT '是否主键（1是）',
  `is_increment` char(1) CHARACTER SET utf8mb4 COLLATE utf8mb4_general_ci NULL DEFAULT NULL COMMENT '是否自增（1是）',
  `is_required` char(1) CHARACTER SET utf8mb4 COLLATE utf8mb4_general_ci NULL DEFAULT NULL COMMENT '是否必填（1是）',
  `is_insert` char(1) CHARACTER SET utf8mb4 COLLATE utf8mb4_general_ci NULL DEFAULT NULL COMMENT '是否为插入字段（1是）',
  `is_edit` char(1) CHARACTER SET utf8mb4 COLLATE utf8mb4_general_ci NULL DEFAULT NULL COMMENT '是否编辑字段（1是）',
  `is_list` char(1) CHARACTER SET utf8mb4 COLLATE utf8mb4_general_ci NULL DEFAULT NULL COMMENT '是否列表字段（1是）',
  `is_query` char(1) CHARACTER SET utf8mb4 COLLATE utf8mb4_general_ci NULL DEFAULT NULL COMMENT '是否查询字段（1是）',
  `query_type` varchar(200) CHARACTER SET utf8mb4 COLLATE utf8mb4_general_ci NULL DEFAULT 'EQ' COMMENT '查询方式（等于、不等于、大于、小于、范围）',
  `html_type` varchar(200) CHARACTER SET utf8mb4 COLLATE utf8mb4_general_ci NULL DEFAULT NULL COMMENT '显示类型（文本框、文本域、下拉框、复选框、单选框、日期控件）',
  `dict_type` varchar(200) CHARACTER SET utf8mb4 COLLATE utf8mb4_general_ci NULL DEFAULT '' COMMENT '字典类型',
  `sort` int NULL DEFAULT NULL COMMENT '排序',
  `create_by` varchar(64) CHARACTER SET utf8mb4 COLLATE utf8mb4_general_ci NULL DEFAULT '' COMMENT '创建者',
  `create_time` datetime NULL DEFAULT NULL COMMENT '创建时间',
  `update_by` varchar(64) CHARACTER SET utf8mb4 COLLATE utf8mb4_general_ci NULL DEFAULT '' COMMENT '更新者',
  `update_time` datetime NULL DEFAULT NULL COMMENT '更新时间',
  PRIMARY KEY (`column_id`) USING BTREE
) ENGINE = InnoDB CHARACTER SET = utf8mb4 COLLATE = utf8mb4_general_ci COMMENT = '代码生成业务表字段' ROW_FORMAT = DYNAMIC;

-- ----------------------------
-- Records of gen_table_column
-- ----------------------------

-- ----------------------------
-- Table structure for poor_data_file
-- ----------------------------
DROP TABLE IF EXISTS `poor_data_file`;
CREATE TABLE `poor_data_file`  (
  `id` bigint NOT NULL,
  `del_flag` char(1) CHARACTER SET utf8mb4 COLLATE utf8mb4_general_ci NULL DEFAULT '0' COMMENT '删除标志（0代表存在 2代表删除）',
  `create_by` varchar(64) CHARACTER SET utf8mb4 COLLATE utf8mb4_general_ci NULL DEFAULT '' COMMENT '创建者',
  `create_time` datetime NULL DEFAULT NULL COMMENT '创建时间',
  `update_by` varchar(64) CHARACTER SET utf8mb4 COLLATE utf8mb4_general_ci NULL DEFAULT '' COMMENT '更新者',
  `update_time` datetime NULL DEFAULT NULL COMMENT '更新时间',
  `file_name` varchar(255) CHARACTER SET utf8mb4 COLLATE utf8mb4_general_ci NULL DEFAULT NULL COMMENT '文件名称',
  `subsidy_type` varchar(255) CHARACTER SET utf8mb4 COLLATE utf8mb4_general_ci NULL DEFAULT NULL COMMENT '补贴类型',
  `data_count` int NULL DEFAULT NULL COMMENT '数据量',
  `subsidy_date` date NULL DEFAULT NULL COMMENT '发放月份',
  `file_path` varchar(255) CHARACTER SET utf8mb4 COLLATE utf8mb4_general_ci NULL DEFAULT NULL COMMENT '文件路径',
  `sheet_name` varchar(255) CHARACTER SET utf8mb4 COLLATE utf8mb4_general_ci NULL DEFAULT NULL COMMENT 'sheetName',
  `title_index` int NULL DEFAULT NULL COMMENT '标题所在行数',
  `data_index` int NULL DEFAULT NULL COMMENT '数据所在行数',
  PRIMARY KEY (`id`) USING BTREE
) ENGINE = InnoDB CHARACTER SET = utf8mb4 COLLATE = utf8mb4_general_ci ROW_FORMAT = DYNAMIC;

-- ----------------------------
-- Records of poor_data_file
-- ----------------------------
INSERT INTO `poor_data_file` VALUES (1796099217792090112, '0', 'admin', '2024-05-30 16:40:10', 'admin', '2024-05-30 16:40:10', '2024年5月份残疾生活补贴（最终版）.xlsx', '1', 191, '2024-05-01', '/profile/upload/data_excel/2024/05/30/2024年5月份残疾生活补贴（最终版）_20240530163907A001.xlsx', '总名单', NULL, NULL);
INSERT INTO `poor_data_file` VALUES (1796100552146993152, '0', 'admin', '2024-05-30 16:45:25', 'admin', '2024-05-30 16:45:25', '2024年5月份经济困难老年人补贴名单.xls', '5', 147, '2024-05-01', '/profile/upload/data_excel/2024/05/30/2024年5月份经济困难老年人补贴名单_20240530164445A003.xls', '发放名单', NULL, NULL);
INSERT INTO `poor_data_file` VALUES (1796101599833800704, '0', 'admin', '2024-05-30 16:49:52', 'admin', '2024-05-30 16:49:52', '2024年5月份重残护理补贴（最终版）.xls', '2', 458, '2024-05-01', '/profile/upload/data_excel/2024/05/30/2024年5月份重残护理补贴（最终版）_20240530164917A005.xls', '腰站镇', NULL, NULL);
INSERT INTO `poor_data_file` VALUES (1796103048860975104, '0', 'admin', '2024-05-30 16:55:16', 'admin', '2024-05-30 16:55:16', '2024.5农村分散供养人员经费花名册.xlsx', '3', 81, '2024-05-01', '/profile/upload/data_excel/2024/05/30/2024.5农村分散供养人员经费花名册_20240530165418A007.xlsx', '腰站镇5月', NULL, NULL);
INSERT INTO `poor_data_file` VALUES (1796104068307533824, '0', 'admin', '2024-05-30 16:59:53', 'admin', '2024-05-30 16:59:53', '23年高龄津贴一本通系统导出数据最终电话版.xlsx', '9', 664, '2023-12-01', '/profile/upload/data_excel/2024/05/30/23年高龄津贴一本通系统导出数据最终电话版_20240530165851A008.xlsx', '2023年腰站镇全年', NULL, NULL);
INSERT INTO `poor_data_file` VALUES (1796107185262608384, '0', 'admin', '2024-05-30 17:12:16', 'admin', '2024-05-30 17:12:16', '2022年高龄津贴.xls', '9', 653, '2022-12-01', '/profile/upload/data_excel/2024/05/30/2022年高龄津贴_20240530171107A009.xls', '2022年腰站镇高龄津贴', NULL, NULL);
INSERT INTO `poor_data_file` VALUES (1796114380440125440, '0', 'admin', '2024-05-30 17:40:28', 'admin', '2024-05-30 17:40:28', '2024年5月份农村低保名单.xls', '0', 260, '2024-05-01', '/profile/upload/data_excel/2024/05/30/2024年5月份农村低保名单_20240530174002A012.xls', '腰站', NULL, NULL);
INSERT INTO `poor_data_file` VALUES (1796383549739950080, '0', 'admin', '2024-05-31 11:29:49', 'admin', '2024-05-31 11:29:49', '腰站镇2023年秋季雨露计划补助对象参考名单.xlsx', '11', 6, '2023-12-01', '/profile/upload/data_excel/2024/05/31/腰站镇2023年秋季雨露计划补助对象参考名单_20240531112934A003.xlsx', '腰站镇', NULL, NULL);
INSERT INTO `poor_data_file` VALUES (1796384755401023488, '0', 'admin', '2024-05-31 11:34:36', 'admin', '2024-05-31 11:34:36', '腰站镇 2024年春季雨露计划参考名单.xlsx', '11', 6, '2024-05-01', '/profile/upload/data_excel/2024/05/31/腰站镇 2024年春季雨露计划参考名单_20240531113344A005.xlsx', '腰站', NULL, NULL);
INSERT INTO `poor_data_file` VALUES (1796462103511470080, '0', 'admin', '2024-05-31 16:45:53', 'admin', '2024-05-31 16:45:53', '养老金.xls', '6', 5874, '2024-05-01', '/profile/upload/data_excel/2024/05/31/养老金_20240531164121A001.xls', '腰站镇', NULL, NULL);
INSERT INTO `poor_data_file` VALUES (1796471388287045632, '0', 'admin', '2024-05-31 17:19:04', 'admin', '2024-05-31 17:19:04', '5月(1).xls', '7', 501, '2024-05-01', '/profile/upload/data_excel/2024/05/31/5月(1)_20240531171747A002.xls', '汇总', NULL, NULL);
INSERT INTO `poor_data_file` VALUES (1796477959234686976, '0', 'admin', '2024-05-31 17:44:58', 'admin', '2024-05-31 17:44:58', '补助模板.xlsx', '8', 24, '2023-12-01', '/profile/upload/data_excel/2024/05/31/补助模板_20240531174449A007.xlsx', 'Sheet1', NULL, NULL);
INSERT INTO `poor_data_file` VALUES (1797206090305208320, '0', 'admin', '2024-06-02 17:58:38', 'admin', '2024-06-02 17:58:38', '腰站镇养老金代缴名单.xls', '12', 285, '2024-05-01', '/profile/upload/data_excel/2024/06/02/腰站镇养老金代缴名单_20240602175801A001.xls', '腰站镇', NULL, NULL);

-- ----------------------------
-- Table structure for poor_family
-- ----------------------------
DROP TABLE IF EXISTS `poor_family`;
CREATE TABLE `poor_family`  (
  `id` bigint NOT NULL,
  `family_no` varchar(255) CHARACTER SET utf8mb4 COLLATE utf8mb4_general_ci NULL DEFAULT NULL COMMENT '户籍编号',
  `master_card_id` varchar(50) CHARACTER SET utf8mb4 COLLATE utf8mb4_general_ci NULL DEFAULT NULL COMMENT '户主',
  `address` varchar(255) CHARACTER SET utf8mb4 COLLATE utf8mb4_general_ci NULL DEFAULT NULL COMMENT '详细地址',
  `village` varchar(50) CHARACTER SET utf8mb4 COLLATE utf8mb4_general_ci NULL DEFAULT NULL COMMENT '村庄',
  `family_count` int NULL DEFAULT NULL COMMENT '户口人数',
  `del_flag` char(1) CHARACTER SET utf8mb4 COLLATE utf8mb4_general_ci NULL DEFAULT '0' COMMENT '删除标志（0代表存在 2代表删除）',
  `create_by` varchar(64) CHARACTER SET utf8mb4 COLLATE utf8mb4_general_ci NULL DEFAULT '' COMMENT '创建者',
  `create_time` datetime NULL DEFAULT NULL COMMENT '创建时间',
  `update_by` varchar(64) CHARACTER SET utf8mb4 COLLATE utf8mb4_general_ci NULL DEFAULT '' COMMENT '更新者',
  `update_time` datetime NULL DEFAULT NULL COMMENT '更新时间',
  PRIMARY KEY (`id`) USING BTREE
) ENGINE = InnoDB CHARACTER SET = utf8mb4 COLLATE = utf8mb4_general_ci ROW_FORMAT = DYNAMIC;

-- ----------------------------
-- Records of poor_family
-- ----------------------------
INSERT INTO `poor_family` VALUES (1820408835047747584, '37242219551011121X', '37242219551011121X', '北张村', '23', NULL, '0', 'admin', '2024-08-05 18:37:43', 'admin', '2024-08-06 20:52:56');
INSERT INTO `poor_family` VALUES (1820408837010681856, '371426198610251277', '371426198610251277', '北张村', '23', NULL, '0', 'admin', '2024-08-05 18:37:43', 'admin', '2024-08-06 20:53:34');
INSERT INTO `poor_family` VALUES (1820408838239612928, '372422195503251230', '372422195503251230', '北张村', '23', NULL, '0', 'admin', '2024-08-05 18:37:43', 'admin', '2024-08-06 20:53:58');
INSERT INTO `poor_family` VALUES (1820408840189964288, '372422197502201257', '372422197502201257', '陈排村', '33', NULL, '0', 'admin', '2024-08-05 18:37:44', 'admin', '2024-08-06 20:54:20');
INSERT INTO `poor_family` VALUES (1820408842740101120, '372422195404051225', '372422195404051225', '陈排村', '33', NULL, '0', 'admin', '2024-08-05 18:37:44', 'admin', '2024-08-06 20:55:08');
INSERT INTO `poor_family` VALUES (1820408844623343616, '372422193805061249', '372422193805061249', '大白村', '12', NULL, '0', 'admin', '2024-08-05 18:37:45', 'admin', '2024-08-06 21:42:58');
INSERT INTO `poor_family` VALUES (1820408845856468992, '372422194309221236', '372422194309221236', '大白村', '12', NULL, '0', 'admin', '2024-08-05 18:37:45', 'admin', '2024-08-06 21:43:56');
INSERT INTO `poor_family` VALUES (1820408847685185536, '372422193912191217', '372422193912191217', '大魏村', '8', NULL, '0', 'admin', '2024-08-05 18:37:46', 'admin', '2024-08-06 21:44:56');
INSERT INTO `poor_family` VALUES (1820408848914116608, '372422195204011210', '372422195204011210', '大魏村', '8', NULL, '0', 'admin', '2024-08-05 18:37:46', 'admin', '2024-08-06 21:45:15');
INSERT INTO `poor_family` VALUES (1820408850763804672, '372422195310071217', '372422195310071217', '大魏村', '8', NULL, '0', 'admin', '2024-08-05 18:37:46', 'admin', '2024-08-06 21:45:52');
INSERT INTO `poor_family` VALUES (1820408852626075648, '37242219701219121X', '37242219701219121X', NULL, '0', NULL, '0', 'admin', '2024-08-05 18:37:47', 'admin', '2024-08-05 18:37:47');
INSERT INTO `poor_family` VALUES (1820408854261854208, '372422197102241217', '372422197102241217', NULL, '0', NULL, '0', 'admin', '2024-08-05 18:37:47', 'admin', '2024-08-05 18:37:47');
INSERT INTO `poor_family` VALUES (1820408855499173888, '372422195701221219', '372422195701221219', '耿楼村', '41', NULL, '0', 'admin', '2024-08-05 18:37:47', 'admin', '2024-08-06 21:50:40');
INSERT INTO `poor_family` VALUES (1820408856719716352, '372422197607251218', '372422197607251218', '耿楼村', '41', NULL, '0', 'admin', '2024-08-05 18:37:48', 'admin', '2024-08-06 21:51:06');
INSERT INTO `poor_family` VALUES (1820408857915092992, '372422197501021211', '372422197501021211', '耿楼村', '41', NULL, '0', 'admin', '2024-08-05 18:37:48', 'admin', '2024-08-06 21:51:18');
INSERT INTO `poor_family` VALUES (1820408859106275328, '372422194102061220', '372422194102061220', '后槐村', '6', NULL, '0', 'admin', '2024-08-05 18:37:48', 'admin', '2024-08-06 21:51:40');
INSERT INTO `poor_family` VALUES (1820408862168117248, '372422196305201210', '372422196305201210', '后槐村', '6', NULL, '0', 'admin', '2024-08-05 18:37:49', 'admin', '2024-08-06 21:51:54');
INSERT INTO `poor_family` VALUES (1820408865372565504, '372422194508121211', '372422194508121211', '后槐村', '6', NULL, '0', 'admin', '2024-08-05 18:37:50', 'admin', '2024-08-06 21:52:09');
INSERT INTO `poor_family` VALUES (1820408866593107968, '372422194810281224', '372422194810281224', '后槐村', '6', NULL, '0', 'admin', '2024-08-05 18:37:50', 'admin', '2024-08-06 21:53:22');
INSERT INTO `poor_family` VALUES (1820408868396658688, '372422195308031232', '372422195308031232', '后槐村', '6', NULL, '0', 'admin', '2024-08-05 18:37:50', 'admin', '2024-08-06 21:53:34');
INSERT INTO `poor_family` VALUES (1820408869600423936, '372422196912281216', '372422196912281216', '阚庄村', '38', NULL, '0', 'admin', '2024-08-05 18:37:51', 'admin', '2024-08-06 21:53:47');
INSERT INTO `poor_family` VALUES (1820408871391391744, '372422195004161214', '372422195004161214', '孔庄村', '5', NULL, '0', 'admin', '2024-08-05 18:37:51', 'admin', '2024-08-06 21:54:18');
INSERT INTO `poor_family` VALUES (1820408871986982912, '372422195610121239', '372422195610121239', '孔庄村', '5', NULL, '0', 'admin', '2024-08-05 18:37:51', 'admin', '2024-08-06 21:54:32');
INSERT INTO `poor_family` VALUES (1820408873211719680, '372422195204281229', '372422195204281229', '梁庄村', '10', NULL, '0', 'admin', '2024-08-05 18:37:52', 'admin', '2024-08-06 21:54:55');
INSERT INTO `poor_family` VALUES (1820408873815699456, '372422195008121228', '372422195008121228', '梁庄村', '10', NULL, '0', 'admin', '2024-08-05 18:37:52', 'admin', '2024-08-06 21:56:34');
INSERT INTO `poor_family` VALUES (1820408874407096320, '372422196904221213', '372422196904221213', '梁庄村', '10', NULL, '0', 'admin', '2024-08-05 18:37:52', 'admin', '2024-08-06 21:56:54');
INSERT INTO `poor_family` VALUES (1820408876827209728, '372422194902051231', '372422194902051231', '梁庄村', '10', NULL, '0', 'admin', '2024-08-05 18:37:52', 'admin', '2024-08-06 21:57:07');
INSERT INTO `poor_family` VALUES (1820408880455282688, '372422196504041213', '372422196504041213', '林桥村', '32', NULL, '0', 'admin', '2024-08-05 18:37:53', 'admin', '2024-08-06 21:57:32');
INSERT INTO `poor_family` VALUES (1820408882263027712, '37242219701010125X', '37242219701010125X', '林桥村', '32', NULL, '0', 'admin', '2024-08-05 18:37:54', 'admin', '2024-08-06 21:57:49');
INSERT INTO `poor_family` VALUES (1820408884045606912, '372422197504121218', '372422197504121218', '林桥村', '32', NULL, '0', 'admin', '2024-08-05 18:37:54', 'admin', '2024-08-06 21:58:17');
INSERT INTO `poor_family` VALUES (1820408885240983552, '372422196403181217', '372422196403181217', '柳庄村', '15', NULL, '0', 'admin', '2024-08-05 18:37:54', 'admin', '2024-08-06 21:58:39');
INSERT INTO `poor_family` VALUES (1820408885853351936, '371426200110271247', '371426200110271247', '马庄村', '30', NULL, '0', 'admin', '2024-08-05 18:37:55', 'admin', '2024-08-06 21:59:09');
INSERT INTO `poor_family` VALUES (1820408887061311488, '372422195708291252', '372422195708291252', '马庄村', '30', NULL, '0', 'admin', '2024-08-05 18:37:55', 'admin', '2024-08-06 21:59:30');
INSERT INTO `poor_family` VALUES (1820408889540145152, '372422195204211212', '372422195204211212', '南街村', '22', NULL, '0', 'admin', '2024-08-05 18:37:56', 'admin', '2024-08-06 21:59:44');
INSERT INTO `poor_family` VALUES (1820408890131542016, '372422195602141213', '372422195602141213', '锅培口村', '1', NULL, '0', 'admin', '2024-08-05 18:37:56', 'admin', '2024-08-06 21:59:57');
INSERT INTO `poor_family` VALUES (1820408891754737664, '371325197306102318', '371325197306102318', '锅培口村', '1', NULL, '0', 'admin', '2024-08-05 18:37:56', 'admin', '2024-08-06 22:00:10');
INSERT INTO `poor_family` VALUES (1820408894258737152, '372422195604101231', '372422195604101231', '锅培口村', '1', NULL, '0', 'admin', '2024-08-05 18:37:57', 'admin', '2024-08-06 22:00:22');
INSERT INTO `poor_family` VALUES (1820408894862716928, '372422195708051232', '372422195708051232', '前槐村', '9', NULL, '0', 'admin', '2024-08-05 18:37:57', 'admin', '2024-08-06 22:00:37');
INSERT INTO `poor_family` VALUES (1820408895449919488, '372422195508291215', '372422195508291215', '前槐村', '9', NULL, '0', 'admin', '2024-08-05 18:37:57', 'admin', '2024-08-06 22:00:57');
INSERT INTO `poor_family` VALUES (1820408896662073344, '372422195502051210', '372422195502051210', '宋范村', '4', NULL, '0', 'admin', '2024-08-05 18:37:57', 'admin', '2024-08-06 22:01:13');
INSERT INTO `poor_family` VALUES (1820408899094769664, '372422193709131219', '372422193709131219', '宋范村', '4', NULL, '0', 'admin', '2024-08-05 18:37:58', 'admin', '2024-08-06 22:01:39');
INSERT INTO `poor_family` VALUES (1820408900910903296, '372422195006201224', '372422195006201224', '宋范村', '4', NULL, '0', 'admin', '2024-08-05 18:37:58', 'admin', '2024-08-06 22:01:49');
INSERT INTO `poor_family` VALUES (1820408902114668544, '372422195201091219', '372422195201091219', '宋范村', '4', NULL, '0', 'admin', '2024-08-05 18:37:58', 'admin', '2024-08-06 22:02:02');
INSERT INTO `poor_family` VALUES (1820408905847599104, '372422195105071218', '372422195105071218', '塘坊村', '16', NULL, '0', 'admin', '2024-08-05 18:37:59', 'admin', '2024-08-06 22:02:31');
INSERT INTO `poor_family` VALUES (1820408907084918784, '37242219431108121X', '37242219431108121X', '塘坊村', '16', NULL, '0', 'admin', '2024-08-05 18:38:00', 'admin', '2024-08-06 22:03:11');
INSERT INTO `poor_family` VALUES (1820408907672121344, '372422196112101213', '372422196112101213', '塘坊村', '16', NULL, '0', 'admin', '2024-08-05 18:38:00', 'admin', '2024-08-06 22:03:38');
INSERT INTO `poor_family` VALUES (1820408908871692288, '372422193703201239', '372422193703201239', '土屋村', '13', NULL, '0', 'admin', '2024-08-05 18:38:00', 'admin', '2024-08-06 22:03:55');
INSERT INTO `poor_family` VALUES (1820408909463089152, '372422195706101216', '372422195706101216', '土屋村', '37', NULL, '0', 'admin', '2024-08-05 18:38:00', 'admin', '2024-08-06 22:04:04');
INSERT INTO `poor_family` VALUES (1820408910071263232, '372422193912271217', '372422193912271217', '王双堂村', '7', NULL, '0', 'admin', '2024-08-05 18:38:00', 'admin', '2024-08-06 22:04:20');
INSERT INTO `poor_family` VALUES (1820408910679437312, '372422195408081253', '372422195408081253', '王双堂村', '7', NULL, '0', 'admin', '2024-08-05 18:38:01', 'admin', '2024-08-06 22:04:33');
INSERT INTO `poor_family` VALUES (1820408911291805696, '372422194604011215', '372422194604011215', '王双堂村', '7', NULL, '0', 'admin', '2024-08-05 18:38:01', 'admin', '2024-08-06 22:05:00');
INSERT INTO `poor_family` VALUES (1820408912466210816, '372422194101081238', '372422194101081238', '西韩村', '11', NULL, '0', 'admin', '2024-08-05 18:38:01', 'admin', '2024-08-06 22:05:22');
INSERT INTO `poor_family` VALUES (1820408913657393152, '372422195707061260', '372422195707061260', '西韩村', '11', NULL, '0', 'admin', '2024-08-05 18:38:01', 'admin', '2024-08-06 22:05:35');
INSERT INTO `poor_family` VALUES (1820408914240401408, '372422196510161211', '372422196510161211', '西韩村', '11', NULL, '0', 'admin', '2024-08-05 18:38:01', 'admin', '2024-08-06 22:05:50');
INSERT INTO `poor_family` VALUES (1820408916048146432, '37242219700611121X', '37242219700611121X', '西街村', '21', NULL, '0', 'admin', '2024-08-05 18:38:02', 'admin', '2024-08-06 22:06:02');
INSERT INTO `poor_family` VALUES (1820408916656320512, '370831196708051911', '370831196708051911', '小吴村', '31', NULL, '0', 'admin', '2024-08-05 18:38:02', 'admin', '2024-08-06 22:06:24');
INSERT INTO `poor_family` VALUES (1820408919063851008, '372422195504041251', '372422195504041251', '徐庄村', '34', NULL, '0', 'admin', '2024-08-05 18:38:03', 'admin', '2024-08-06 22:06:37');
INSERT INTO `poor_family` VALUES (1820408920410222592, '372422195604291215', '372422195604291215', '徐庄村', '34', NULL, '0', 'admin', '2024-08-05 18:38:03', 'admin', '2024-08-06 22:06:49');
INSERT INTO `poor_family` VALUES (1820408921026785280, '372422197310171225', '372422197310171225', '徐庄村', '34', NULL, '0', 'admin', '2024-08-05 18:38:03', 'admin', '2024-08-06 22:07:00');
INSERT INTO `poor_family` VALUES (1820408922863890432, '372422195609091212', '372422195609091212', NULL, '3', NULL, '0', 'admin', '2024-08-05 18:38:03', 'admin', '2024-08-05 18:38:04');
INSERT INTO `poor_family` VALUES (1820408924038295552, '372422197809201235', '372422197809201235', NULL, '3', NULL, '0', 'admin', '2024-08-05 18:38:04', 'admin', '2024-08-05 18:38:04');
INSERT INTO `poor_family` VALUES (1820408925887983616, '372422196112111219', '372422196112111219', '窑上村', '19', NULL, '0', 'admin', '2024-08-05 18:38:04', 'admin', '2024-08-06 22:07:46');
INSERT INTO `poor_family` VALUES (1820408927091748864, '372422194007181216', '372422194007181216', '窑上村', '19', NULL, '0', 'admin', '2024-08-05 18:38:04', 'admin', '2024-08-06 22:07:57');
INSERT INTO `poor_family` VALUES (1820408928882716672, '372422195610051234', '372422195610051234', '窑上村', '19', NULL, '0', 'admin', '2024-08-05 18:38:05', 'admin', '2024-08-06 22:08:11');
INSERT INTO `poor_family` VALUES (1820408929503473664, '37242219520426121X', '37242219520426121X', '窑上村', '19', NULL, '0', 'admin', '2024-08-05 18:38:05', 'admin', '2024-08-06 22:08:23');
INSERT INTO `poor_family` VALUES (1820408930757570560, '372422197001301217', '372422197001301217', '小芝坊村', '29', NULL, '0', 'admin', '2024-08-05 18:38:05', 'admin', '2024-08-06 22:08:53');
INSERT INTO `poor_family` VALUES (1820408932628230144, '372422195402261245', '372422195402261245', '小芝坊村', '29', NULL, '0', 'admin', '2024-08-05 18:38:06', 'admin', '2024-08-06 22:09:23');
INSERT INTO `poor_family` VALUES (1820408933240598528, '371426198406241215', '371426198406241215', '小芝坊村', '29', NULL, '0', 'admin', '2024-08-05 18:38:06', 'admin', '2024-08-06 22:09:39');
INSERT INTO `poor_family` VALUES (1820408933831995392, '37142619780801124X', '37142619780801124X', '小芝坊村', '29', NULL, '0', 'admin', '2024-08-05 18:38:06', 'admin', '2024-08-06 22:09:56');
INSERT INTO `poor_family` VALUES (1820408935664906240, '372422195507221223', '372422195507221223', '小芝坊村', '29', NULL, '0', 'admin', '2024-08-05 18:38:06', 'admin', '2024-08-06 22:10:13');
INSERT INTO `poor_family` VALUES (1820408936247914496, '371426199102051230', '371426199102051230', '柳庄村', '15', NULL, '0', 'admin', '2024-08-05 18:38:07', 'admin', '2024-08-06 22:10:33');
INSERT INTO `poor_family` VALUES (1820408938026299392, '372422195202131219', '372422195202131219', '徐庄村', '34', NULL, '0', 'admin', '2024-08-05 18:38:07', 'admin', '2024-08-06 22:11:03');
INSERT INTO `poor_family` VALUES (1820408939238453248, '372422197210027242', '372422197210027242', NULL, '17', NULL, '0', 'admin', '2024-08-05 18:38:07', 'admin', '2024-08-05 18:38:08');
INSERT INTO `poor_family` VALUES (1820408941037809664, '371426197108137618', '371426197108137618', '耿楼村', '41', NULL, '0', 'admin', '2024-08-05 18:38:08', 'admin', '2024-08-06 22:11:17');
INSERT INTO `poor_family` VALUES (1820408943399202816, '37242219570714121X', '37242219570714121X', '小李村', '40', NULL, '0', 'admin', '2024-08-05 18:38:08', 'admin', '2024-08-06 22:11:30');
INSERT INTO `poor_family` VALUES (1820408945177587712, '37242219550602122X', '37242219550602122X', '小李村', '40', NULL, '0', 'admin', '2024-08-05 18:38:09', 'admin', '2024-08-06 22:13:54');
INSERT INTO `poor_family` VALUES (1820408946997915648, '372422197202251236', '372422197202251236', '陈排村', '33', NULL, '0', 'admin', '2024-08-05 18:38:09', 'admin', '2024-08-06 22:14:09');
INSERT INTO `poor_family` VALUES (1820408948788883456, '372422195508161226', '372422195508161226', '沙庄村', '18', NULL, '0', 'admin', '2024-08-05 18:38:10', 'admin', '2024-08-06 22:14:33');
INSERT INTO `poor_family` VALUES (1820408949380280320, '37242219771225121X', '37242219771225121X', '黄庄村', '14', NULL, '0', 'admin', '2024-08-05 18:38:10', 'admin', '2024-08-06 22:14:52');

-- ----------------------------
-- Table structure for poor_family_user
-- ----------------------------
DROP TABLE IF EXISTS `poor_family_user`;
CREATE TABLE `poor_family_user`  (
  `id` bigint NOT NULL,
  `del_flag` char(1) CHARACTER SET utf8mb4 COLLATE utf8mb4_general_ci NULL DEFAULT '0' COMMENT '删除标志（0代表存在 2代表删除）',
  `create_by` varchar(64) CHARACTER SET utf8mb4 COLLATE utf8mb4_general_ci NULL DEFAULT '' COMMENT '创建者',
  `create_time` datetime NULL DEFAULT NULL COMMENT '创建时间',
  `update_by` varchar(64) CHARACTER SET utf8mb4 COLLATE utf8mb4_general_ci NULL DEFAULT '' COMMENT '更新者',
  `update_time` datetime NULL DEFAULT NULL COMMENT '更新时间',
  `card_id` varchar(255) CHARACTER SET utf8mb4 COLLATE utf8mb4_general_ci NULL DEFAULT NULL COMMENT '身份证号',
  `relation_type` varchar(2) CHARACTER SET utf8mb4 COLLATE utf8mb4_general_ci NULL DEFAULT NULL COMMENT '与户主关系',
  `family_id` bigint NULL DEFAULT NULL COMMENT '家庭id',
  `family_no` varchar(100) CHARACTER SET utf8mb4 COLLATE utf8mb4_general_ci NULL DEFAULT NULL COMMENT '家庭编号',
  PRIMARY KEY (`id`) USING BTREE
) ENGINE = InnoDB CHARACTER SET = utf8mb4 COLLATE = utf8mb4_general_ci ROW_FORMAT = DYNAMIC;

-- ----------------------------
-- Records of poor_family_user
-- ----------------------------
INSERT INTO `poor_family_user` VALUES (1, '0', '', NULL, '', NULL, '372422195404051225', '0', 1820408842740101120, '372422195404051225');
INSERT INTO `poor_family_user` VALUES (2, '0', '', NULL, '', NULL, '372422195310071217', '0', 1820408850763804672, '372422195310071217');
INSERT INTO `poor_family_user` VALUES (3, '0', '', NULL, '', NULL, '372422194102061220', '0', 1820408859106275328, '372422194102061220');
INSERT INTO `poor_family_user` VALUES (5, '0', '', NULL, '', NULL, '372422194902051231', '0', 1820408876827209728, '372422194902051231');
INSERT INTO `poor_family_user` VALUES (6, '0', '', NULL, '', NULL, '371426200110271247', '0', 1820408885853351936, '371426200110271247');
INSERT INTO `poor_family_user` VALUES (7, '0', '', NULL, '', NULL, '37242219570714121X', '0', 1820408943399202816, '37242219570714121X');
INSERT INTO `poor_family_user` VALUES (1820408836062769152, '0', 'admin', '2024-08-05 18:37:43', 'admin', '2024-08-05 18:37:43', '372422195704181224', '1', 1820408835047747584, '37242219551011121X');
INSERT INTO `poor_family_user` VALUES (1820408836687720448, '0', 'admin', '2024-08-05 18:37:43', 'admin', '2024-08-05 18:37:43', '371426199112231227', '3', 1820408835047747584, '37242219551011121X');
INSERT INTO `poor_family_user` VALUES (1820408837962788864, '0', 'admin', '2024-08-05 18:37:43', 'admin', '2024-08-05 18:37:43', '371426201006291218', '2', 1820408837010681856, '371426198610251277');
INSERT INTO `poor_family_user` VALUES (1820408839271411712, '0', 'admin', '2024-08-05 18:37:44', 'admin', '2024-08-05 18:37:44', '372422195510101249', '1', 1820408838239612928, '372422195503251230');
INSERT INTO `poor_family_user` VALUES (1820408839904751616, '0', 'admin', '2024-08-05 18:37:44', 'admin', '2024-08-05 18:37:44', '37142620081118121X', '7', 1820408838239612928, '372422195503251230');
INSERT INTO `poor_family_user` VALUES (1820408841192402944, '0', 'admin', '2024-08-05 18:37:44', 'admin', '2024-08-05 18:37:44', '372423197301011947', '1', 1820408840189964288, '372422197502201257');
INSERT INTO `poor_family_user` VALUES (1820408841838325760, '0', 'admin', '2024-08-05 18:37:44', 'admin', '2024-08-05 18:37:44', '371426200701051211', '2', 1820408840189964288, '372422197502201257');
INSERT INTO `poor_family_user` VALUES (1820408842463277056, '0', 'admin', '2024-08-05 18:37:44', 'admin', '2024-08-05 18:37:44', '371426200203261240', '3', 1820408840189964288, '372422197502201257');
INSERT INTO `poor_family_user` VALUES (1820408843708985344, '0', 'admin', '2024-08-05 18:37:45', 'admin', '2024-08-05 18:37:45', '372422197810191257', '2', 1820408842740101120, '372422195404051225');
INSERT INTO `poor_family_user` VALUES (1820408845588033536, '0', 'admin', '2024-08-05 18:37:45', 'admin', '2024-08-05 18:37:45', '37242219580921124X', '3', 1820408844623343616, '372422193805061249');
INSERT INTO `poor_family_user` VALUES (1820408846800187392, '0', 'admin', '2024-08-05 18:37:45', 'admin', '2024-08-05 18:37:45', '372422194612071226', '1', 1820408845856468992, '372422194309221236');
INSERT INTO `poor_family_user` VALUES (1820408847416750080, '0', 'admin', '2024-08-05 18:37:45', 'admin', '2024-08-05 18:37:45', '372422197301291217', '2', 1820408845856468992, '372422194309221236');
INSERT INTO `poor_family_user` VALUES (1820408848645681152, '0', 'admin', '2024-08-05 18:37:46', 'admin', '2024-08-05 18:37:46', '372422194708151247', '1', 1820408847685185536, '372422193912191217');
INSERT INTO `poor_family_user` VALUES (1820408849878806528, '0', 'admin', '2024-08-05 18:37:46', 'admin', '2024-08-05 18:37:46', '37242219520227122X', '1', 1820408848914116608, '372422195204011210');
INSERT INTO `poor_family_user` VALUES (1820408850486980608, '0', 'admin', '2024-08-05 18:37:46', 'admin', '2024-08-05 18:37:46', '371426198104231214', '2', 1820408848914116608, '372422195204011210');
INSERT INTO `poor_family_user` VALUES (1820408851736883200, '0', 'admin', '2024-08-05 18:37:46', 'admin', '2024-08-05 18:37:46', '372422195509251223', '1', 1820408850763804672, '372422195310071217');
INSERT INTO `poor_family_user` VALUES (1820408853985030144, '0', 'admin', '2024-08-05 18:37:47', 'admin', '2024-08-05 18:37:47', '37242219701219121X', '0', 1820408852626075648, '37242219701219121X');
INSERT INTO `poor_family_user` VALUES (1820408854605787136, '0', 'admin', '2024-08-05 18:37:47', 'admin', '2024-08-05 18:37:47', '372422197102241217', '0', 1820408854261854208, '372422197102241217');
INSERT INTO `poor_family_user` VALUES (1820408855218155520, '0', 'admin', '2024-08-05 18:37:47', 'admin', '2024-08-05 18:37:47', '372422197301041226', '1', 1820408854261854208, '372422197102241217');
INSERT INTO `poor_family_user` VALUES (1820408856426115072, '0', 'admin', '2024-08-05 18:37:48', 'admin', '2024-08-05 18:37:48', '372422195007251223', '1', 1820408855499173888, '372422195701221219');
INSERT INTO `poor_family_user` VALUES (1820408857646657536, '0', 'admin', '2024-08-05 18:37:48', 'admin', '2024-08-05 18:37:48', '371426200811151213', '2', 1820408856719716352, '372422197607251218');
INSERT INTO `poor_family_user` VALUES (1820408858837839872, '0', 'admin', '2024-08-05 18:37:48', 'admin', '2024-08-05 18:37:48', '371426200706091220', '3', 1820408857915092992, '372422197501021211');
INSERT INTO `poor_family_user` VALUES (1820408860037410816, '0', 'admin', '2024-08-05 18:37:48', 'admin', '2024-08-05 18:37:48', '372422197005271211', '2', 1820408859106275328, '372422194102061220');
INSERT INTO `poor_family_user` VALUES (1820408860637196288, '0', 'admin', '2024-08-05 18:37:49', 'admin', '2024-08-05 18:37:49', '372422197012271228', '4', 1820408859106275328, '372422194102061220');
INSERT INTO `poor_family_user` VALUES (1820408863766147072, '0', 'admin', '2024-08-05 18:37:49', 'admin', '2024-08-05 18:37:49', '372422195809201244', '1', 1820408862168117248, '372422196305201210');
INSERT INTO `poor_family_user` VALUES (1820408864516927488, '0', 'admin', '2024-08-05 18:37:50', 'admin', '2024-08-05 18:37:50', '371426198308191218', '2', 1820408862168117248, '372422196305201210');
INSERT INTO `poor_family_user` VALUES (1820408865108324352, '0', 'admin', '2024-08-05 18:37:50', 'admin', '2024-08-05 18:37:50', '371426201203251215', '7', 1820408862168117248, '372422196305201210');
INSERT INTO `poor_family_user` VALUES (1820408866312089600, '0', 'admin', '2024-08-05 18:37:50', 'admin', '2024-08-05 18:37:50', '372422194902031222', '1', 1820408865372565504, '372422194508121211');
INSERT INTO `poor_family_user` VALUES (1820408867528437760, '0', 'admin', '2024-08-05 18:37:50', 'admin', '2024-08-05 18:37:50', '372422197510251238', '2', 1820408866593107968, '372422194810281224');
INSERT INTO `poor_family_user` VALUES (1820408868119834624, '0', 'admin', '2024-08-05 18:37:50', 'admin', '2024-08-05 18:37:50', '371426200208201212', '7', 1820408866593107968, '372422194810281224');
INSERT INTO `poor_family_user` VALUES (1820408869319405568, '0', 'admin', '2024-08-05 18:37:51', 'admin', '2024-08-05 18:37:51', '372422195601171226', '1', 1820408868396658688, '372422195308031232');
INSERT INTO `poor_family_user` VALUES (1820408870535753728, '0', 'admin', '2024-08-05 18:37:51', 'admin', '2024-08-05 18:37:51', '372422197304231228', '1', 1820408869600423936, '372422196912281216');
INSERT INTO `poor_family_user` VALUES (1820408871131344896, '0', 'admin', '2024-08-05 18:37:51', 'admin', '2024-08-05 18:37:51', '371426200004191227', '3', 1820408869600423936, '372422196912281216');
INSERT INTO `poor_family_user` VALUES (1820408872947478528, '0', 'admin', '2024-08-05 18:37:52', 'admin', '2024-08-05 18:37:52', '372422195505081220', '1', 1820408871986982912, '372422195610121239');
INSERT INTO `poor_family_user` VALUES (1820408875367591936, '0', 'admin', '2024-08-05 18:37:52', 'admin', '2024-08-05 18:37:52', '372422196403141223', '1', 1820408874407096320, '372422196904221213');
INSERT INTO `poor_family_user` VALUES (1820408875958988800, '0', 'admin', '2024-08-05 18:37:52', 'admin', '2024-08-05 18:37:52', '371426198808151220', '3', 1820408874407096320, '372422196904221213');
INSERT INTO `poor_family_user` VALUES (1820408876562968576, '0', 'admin', '2024-08-05 18:37:52', 'admin', '2024-08-05 18:37:52', '371426200009181263', '3', 1820408874407096320, '372422196904221213');
INSERT INTO `poor_family_user` VALUES (1820408877766733824, '0', 'admin', '2024-08-05 18:37:53', 'admin', '2024-08-05 18:37:53', '37242219520515124X', '1', 1820408876827209728, '372422194902051231');
INSERT INTO `poor_family_user` VALUES (1820408878366519296, '0', 'admin', '2024-08-05 18:37:53', 'admin', '2024-08-05 18:37:53', '372422197608241230', '2', 1820408876827209728, '372422194902051231');
INSERT INTO `poor_family_user` VALUES (1820408878957916160, '0', 'admin', '2024-08-05 18:37:53', 'admin', '2024-08-05 18:37:53', '371427198102131961', '4', 1820408876827209728, '372422194902051231');
INSERT INTO `poor_family_user` VALUES (1820408879570284544, '0', 'admin', '2024-08-05 18:37:53', 'admin', '2024-08-05 18:37:53', '371426201307071219', '7', 1820408876827209728, '372422194902051231');
INSERT INTO `poor_family_user` VALUES (1820408881390612480, '0', 'admin', '2024-08-05 18:37:54', 'admin', '2024-08-05 18:37:54', '372422196406061245', '1', 1820408880455282688, '372422196504041213');
INSERT INTO `poor_family_user` VALUES (1820408881998786560, '0', 'admin', '2024-08-05 18:37:54', 'admin', '2024-08-05 18:37:54', '371426199508201235', '2', 1820408880455282688, '372422196504041213');
INSERT INTO `poor_family_user` VALUES (1820408883194163200, '0', 'admin', '2024-08-05 18:37:54', 'admin', '2024-08-05 18:37:54', '372422197409271242', '1', 1820408882263027712, '37242219701010125X');
INSERT INTO `poor_family_user` VALUES (1820408883785560064, '0', 'admin', '2024-08-05 18:37:54', 'admin', '2024-08-05 18:37:54', '37142620020710121X', '2', 1820408882263027712, '37242219701010125X');
INSERT INTO `poor_family_user` VALUES (1820408884972548096, '0', 'admin', '2024-08-05 18:37:54', 'admin', '2024-08-05 18:37:54', '371426200212081241', '3', 1820408884045606912, '372422197504121218');
INSERT INTO `poor_family_user` VALUES (1820408888067944448, '0', 'admin', '2024-08-05 18:37:55', 'admin', '2024-08-05 18:37:55', '371426198511141232', '2', 1820408887061311488, '372422195708291252');
INSERT INTO `poor_family_user` VALUES (1820408888671924224, '0', 'admin', '2024-08-05 18:37:55', 'admin', '2024-08-05 18:37:55', '372423197606082543', '4', 1820408887061311488, '372422195708291252');
INSERT INTO `poor_family_user` VALUES (1820408889275904000, '0', 'admin', '2024-08-05 18:37:55', 'admin', '2024-08-05 18:37:55', '371426201308181217', '7', 1820408887061311488, '372422195708291252');
INSERT INTO `poor_family_user` VALUES (1820408891385638912, '0', 'admin', '2024-08-05 18:37:56', 'admin', '2024-08-05 18:37:56', '372422195806051260', '1', 1820408890131542016, '372422195602141213');
INSERT INTO `poor_family_user` VALUES (1820408892711038976, '0', 'admin', '2024-08-05 18:37:56', 'admin', '2024-08-05 18:37:56', '372422197411171224', '1', 1820408891754737664, '371325197306102318');
INSERT INTO `poor_family_user` VALUES (1820408893327601664, '0', 'admin', '2024-08-05 18:37:56', 'admin', '2024-08-05 18:37:56', '371426200809101233', '2', 1820408891754737664, '371325197306102318');
INSERT INTO `poor_family_user` VALUES (1820408893973524480, '0', 'admin', '2024-08-05 18:37:57', 'admin', '2024-08-05 18:37:57', '371426200101221221', '3', 1820408891754737664, '371325197306102318');
INSERT INTO `poor_family_user` VALUES (1820408896389443584, '0', 'admin', '2024-08-05 18:37:57', 'admin', '2024-08-05 18:37:57', '372424196510120041', '1', 1820408895449919488, '372422195508291215');
INSERT INTO `poor_family_user` VALUES (1820408897597403136, '0', 'admin', '2024-08-05 18:37:57', 'admin', '2024-08-05 18:37:57', '372422195705201223', '1', 1820408896662073344, '372422195502051210');
INSERT INTO `poor_family_user` VALUES (1820408898188800000, '0', 'admin', '2024-08-05 18:37:58', 'admin', '2024-08-05 18:37:58', '371426198803171230', '2', 1820408896662073344, '372422195502051210');
INSERT INTO `poor_family_user` VALUES (1820408898805362688, '0', 'admin', '2024-08-05 18:37:58', 'admin', '2024-08-05 18:37:58', '37142620110729125X', '7', 1820408896662073344, '372422195502051210');
INSERT INTO `poor_family_user` VALUES (1820408900025905152, '0', 'admin', '2024-08-05 18:37:58', 'admin', '2024-08-05 18:37:58', '372422194306051227', '1', 1820408899094769664, '372422193709131219');
INSERT INTO `poor_family_user` VALUES (1820408900642467840, '0', 'admin', '2024-08-05 18:37:58', 'admin', '2024-08-05 18:37:58', '371426199101081219', '7', 1820408899094769664, '372422193709131219');
INSERT INTO `poor_family_user` VALUES (1820408901846233088, '0', 'admin', '2024-08-05 18:37:58', 'admin', '2024-08-05 18:37:58', '371426198001201215', '2', 1820408900910903296, '372422195006201224');
INSERT INTO `poor_family_user` VALUES (1820408903087747072, '0', 'admin', '2024-08-05 18:37:59', 'admin', '2024-08-05 18:37:59', '372422195506141221', '1', 1820408902114668544, '372422195201091219');
INSERT INTO `poor_family_user` VALUES (1820408903708504064, '0', 'admin', '2024-08-05 18:37:59', 'admin', '2024-08-05 18:37:59', '37142619740209126X', '3', 1820408902114668544, '372422195201091219');
INSERT INTO `poor_family_user` VALUES (1820408904299900928, '0', 'admin', '2024-08-05 18:37:59', 'admin', '2024-08-05 18:37:59', '372527197106250812', '5', 1820408902114668544, '372422195201091219');
INSERT INTO `poor_family_user` VALUES (1820408904970989568, '0', 'admin', '2024-08-05 18:37:59', 'admin', '2024-08-05 18:37:59', '371426199803151218', '8', 1820408902114668544, '372422195201091219');
INSERT INTO `poor_family_user` VALUES (1820408905579163648, '0', 'admin', '2024-08-05 18:37:59', 'admin', '2024-08-05 18:37:59', '371426200805211216', '8', 1820408902114668544, '372422195201091219');
INSERT INTO `poor_family_user` VALUES (1820408906808094720, '0', 'admin', '2024-08-05 18:38:00', 'admin', '2024-08-05 18:38:00', '372422195701101225', '1', 1820408905847599104, '372422195105071218');
INSERT INTO `poor_family_user` VALUES (1820408908599062528, '0', 'admin', '2024-08-05 18:38:00', 'admin', '2024-08-05 18:38:00', '372422196904051218', '6', 1820408907672121344, '372422196112101213');
INSERT INTO `poor_family_user` VALUES (1820408912206163968, '0', 'admin', '2024-08-05 18:38:01', 'admin', '2024-08-05 18:38:01', '372422194705011222', '1', 1820408911291805696, '372422194604011215');
INSERT INTO `poor_family_user` VALUES (1820408913393152000, '0', 'admin', '2024-08-05 18:38:01', 'admin', '2024-08-05 18:38:01', '372422194507171241', '1', 1820408912466210816, '372422194101081238');
INSERT INTO `poor_family_user` VALUES (1820408915184119808, '0', 'admin', '2024-08-05 18:38:02', 'admin', '2024-08-05 18:38:02', '37242219640824124X', '1', 1820408914240401408, '372422196510161211');
INSERT INTO `poor_family_user` VALUES (1820408915783905280, '0', 'admin', '2024-08-05 18:38:02', 'admin', '2024-08-05 18:38:02', '371426199601261216', '2', 1820408914240401408, '372422196510161211');
INSERT INTO `poor_family_user` VALUES (1820408917600038912, '0', 'admin', '2024-08-05 18:38:02', 'admin', '2024-08-05 18:38:02', '372422197507171229', '1', 1820408916656320512, '370831196708051911');
INSERT INTO `poor_family_user` VALUES (1820408918204018688, '0', 'admin', '2024-08-05 18:38:02', 'admin', '2024-08-05 18:38:02', '371426200801291220', '3', 1820408916656320512, '370831196708051911');
INSERT INTO `poor_family_user` VALUES (1820408918791221248, '0', 'admin', '2024-08-05 18:38:02', 'admin', '2024-08-05 18:38:02', '371426199911201227', '3', 1820408916656320512, '370831196708051911');
INSERT INTO `poor_family_user` VALUES (1820408920099844096, '0', 'admin', '2024-08-05 18:38:03', 'admin', '2024-08-05 18:38:03', '372422196009031229', '1', 1820408919063851008, '372422195504041251');
INSERT INTO `poor_family_user` VALUES (1820408922004058112, '0', 'admin', '2024-08-05 18:38:03', 'admin', '2024-08-05 18:38:03', '371426200311291228', '3', 1820408921026785280, '372422197310171225');
INSERT INTO `poor_family_user` VALUES (1820408922599649280, '0', 'admin', '2024-08-05 18:38:03', 'admin', '2024-08-05 18:38:03', '371426200601161229', '3', 1820408921026785280, '372422197310171225');
INSERT INTO `poor_family_user` VALUES (1820408923191046144, '0', 'admin', '2024-08-05 18:38:04', 'admin', '2024-08-05 18:38:04', '372422195609091212', '0', 1820408922863890432, '372422195609091212');
INSERT INTO `poor_family_user` VALUES (1820408923778248704, '0', 'admin', '2024-08-05 18:38:04', 'admin', '2024-08-05 18:38:04', '372422197303101229', '1', 1820408922863890432, '372422195609091212');
INSERT INTO `poor_family_user` VALUES (1820408924361256960, '0', 'admin', '2024-08-05 18:38:04', 'admin', '2024-08-05 18:38:04', '372422197809201235', '0', 1820408924038295552, '372422197809201235');
INSERT INTO `poor_family_user` VALUES (1820408925028151296, '0', 'admin', '2024-08-05 18:38:04', 'admin', '2024-08-05 18:38:04', '372422197604177227', '1', 1820408924038295552, '372422197809201235');
INSERT INTO `poor_family_user` VALUES (1820408925627936768, '0', 'admin', '2024-08-05 18:38:04', 'admin', '2024-08-05 18:38:04', '371426200204111236', '2', 1820408924038295552, '372422197809201235');
INSERT INTO `poor_family_user` VALUES (1820408926827507712, '0', 'admin', '2024-08-05 18:38:04', 'admin', '2024-08-05 18:38:04', '372422196307031227', '1', 1820408925887983616, '372422196112111219');
INSERT INTO `poor_family_user` VALUES (1820408928018690048, '0', 'admin', '2024-08-05 18:38:05', 'admin', '2024-08-05 18:38:05', '372422193911221226', '1', 1820408927091748864, '372422194007181216');
INSERT INTO `poor_family_user` VALUES (1820408928622669824, '0', 'admin', '2024-08-05 18:38:05', 'admin', '2024-08-05 18:38:05', '372422197207091251', '2', 1820408927091748864, '372422194007181216');
INSERT INTO `poor_family_user` VALUES (1820408930472357888, '0', 'admin', '2024-08-05 18:38:05', 'admin', '2024-08-05 18:38:05', '372422195403211215', '6', 1820408929503473664, '37242219520426121X');
INSERT INTO `poor_family_user` VALUES (1820408931713871872, '0', 'admin', '2024-08-05 18:38:06', 'admin', '2024-08-05 18:38:06', '372422196805051220', '1', 1820408930757570560, '372422197001301217');
INSERT INTO `poor_family_user` VALUES (1820408932351406080, '0', 'admin', '2024-08-05 18:38:06', 'admin', '2024-08-05 18:38:06', '371426199901221216', '2', 1820408930757570560, '372422197001301217');
INSERT INTO `poor_family_user` VALUES (1820408934788296704, '0', 'admin', '2024-08-05 18:38:06', 'admin', '2024-08-05 18:38:06', '371426197508142010', '1', 1820408933831995392, '37142619780801124X');
INSERT INTO `poor_family_user` VALUES (1820408935396470784, '0', 'admin', '2024-08-05 18:38:06', 'admin', '2024-08-05 18:38:06', '371426201409261216', '2', 1820408933831995392, '37142619780801124X');
INSERT INTO `poor_family_user` VALUES (1820408937158078464, '0', 'admin', '2024-08-05 18:38:07', 'admin', '2024-08-05 18:38:07', '371426198904051246', '1', 1820408936247914496, '371426199102051230');
INSERT INTO `poor_family_user` VALUES (1820408937762058240, '0', 'admin', '2024-08-05 18:38:07', 'admin', '2024-08-05 18:38:07', '371426201505041248', '3', 1820408936247914496, '371426199102051230');
INSERT INTO `poor_family_user` VALUES (1820408938978406400, '0', 'admin', '2024-08-05 18:38:07', 'admin', '2024-08-05 18:38:07', '372422196802191228', '1', 1820408938026299392, '372422195202131219');
INSERT INTO `poor_family_user` VALUES (1820408939561414656, '0', 'admin', '2024-08-05 18:38:07', 'admin', '2024-08-05 18:38:07', '372422197210027242', '0', 1820408939238453248, '372422197210027242');
INSERT INTO `poor_family_user` VALUES (1820408940165394432, '0', 'admin', '2024-08-05 18:38:08', 'admin', '2024-08-05 18:38:08', '371426200105141224', '3', 1820408939238453248, '372422197210027242');
INSERT INTO `poor_family_user` VALUES (1820408940773568512, '0', 'admin', '2024-08-05 18:38:08', 'admin', '2024-08-05 18:38:08', '37142620050606122X', '3', 1820408939238453248, '372422197210027242');
INSERT INTO `poor_family_user` VALUES (1820408941952167936, '0', 'admin', '2024-08-05 18:38:08', 'admin', '2024-08-05 18:38:08', '372527197302140821', '1', 1820408941037809664, '371426197108137618');
INSERT INTO `poor_family_user` VALUES (1820408942543564800, '0', 'admin', '2024-08-05 18:38:08', 'admin', '2024-08-05 18:38:08', '371426199810271226', '3', 1820408941037809664, '371426197108137618');
INSERT INTO `poor_family_user` VALUES (1820408943139155968, '0', 'admin', '2024-08-05 18:38:08', 'admin', '2024-08-05 18:38:08', '371426200605101215', '2', 1820408941037809664, '371426197108137618');
INSERT INTO `poor_family_user` VALUES (1820408944313561088, '0', 'admin', '2024-08-05 18:38:09', 'admin', '2024-08-05 18:38:09', '372422195710121224', '1', 1820408943399202816, '37242219570714121X');
INSERT INTO `poor_family_user` VALUES (1820408946138083328, '0', 'admin', '2024-08-05 18:38:09', 'admin', '2024-08-05 18:38:09', '371426200207261221', '3', 1820408945177587712, '37242219550602122X');
INSERT INTO `poor_family_user` VALUES (1820408946729480192, '0', 'admin', '2024-08-05 18:38:09', 'admin', '2024-08-05 18:38:09', '371426201006171224', '3', 1820408945177587712, '37242219550602122X');
INSERT INTO `poor_family_user` VALUES (1820408947933245440, '0', 'admin', '2024-08-05 18:38:09', 'admin', '2024-08-05 18:38:09', '372422197410091222', '1', 1820408946997915648, '372422197202251236');
INSERT INTO `poor_family_user` VALUES (1820408948528836608, '0', 'admin', '2024-08-05 18:38:10', 'admin', '2024-08-05 18:38:10', '371426199811011231', '2', 1820408946997915648, '372422197202251236');
INSERT INTO `poor_family_user` VALUES (1820408950290444288, '0', 'admin', '2024-08-05 18:38:10', 'admin', '2024-08-05 18:38:10', '372422197712107226', '1', 1820408949380280320, '37242219771225121X');
INSERT INTO `poor_family_user` VALUES (1820408950877646848, '0', 'admin', '2024-08-05 18:38:10', 'admin', '2024-08-05 18:38:10', '371426200206161210', '2', 1820408949380280320, '37242219771225121X');
INSERT INTO `poor_family_user` VALUES (1820805258646867968, '0', 'admin', '2024-08-06 20:52:57', 'admin', '2024-08-06 20:52:57', '37242219551011121X', '0', 1820408835047747584, '37242219551011121X');
INSERT INTO `poor_family_user` VALUES (1820805411550220288, '0', 'admin', '2024-08-06 20:53:34', 'admin', '2024-08-06 20:53:34', '371426198610251277', '0', 1820408837010681856, '371426198610251277');
INSERT INTO `poor_family_user` VALUES (1820805515233415168, '0', 'admin', '2024-08-06 20:53:58', 'admin', '2024-08-06 20:53:58', '372422195503251230', '0', 1820408838239612928, '372422195503251230');
INSERT INTO `poor_family_user` VALUES (1820805604765028352, '0', 'admin', '2024-08-06 20:54:20', 'admin', '2024-08-06 20:54:20', '372422197502201257', '0', 1820408840189964288, '372422197502201257');
INSERT INTO `poor_family_user` VALUES (1820805808100691968, '0', 'admin', '2024-08-06 20:55:08', 'admin', '2024-08-06 20:55:08', '371426200203286421', '9', 1820408842740101120, '372422195404051225');
INSERT INTO `poor_family_user` VALUES (1820817844746539008, '0', 'admin', '2024-08-06 21:42:58', 'admin', '2024-08-06 21:42:58', '372422193805061249', '0', 1820408844623343616, '372422193805061249');
INSERT INTO `poor_family_user` VALUES (1820818089928773632, '0', 'admin', '2024-08-06 21:43:56', 'admin', '2024-08-06 21:43:56', '372422194309221236', '0', 1820408845856468992, '372422194309221236');
INSERT INTO `poor_family_user` VALUES (1820818340328722432, '0', 'admin', '2024-08-06 21:44:56', 'admin', '2024-08-06 21:44:56', '372422193912191217', '0', 1820408847685185536, '372422193912191217');
INSERT INTO `poor_family_user` VALUES (1820818421366870016, '0', 'admin', '2024-08-06 21:45:15', 'admin', '2024-08-06 21:45:15', '372422195204011210', '0', 1820408848914116608, '372422195204011210');
INSERT INTO `poor_family_user` VALUES (1820818575792754688, '0', 'admin', '2024-08-06 21:45:52', 'admin', '2024-08-06 21:45:52', '371426200708011220', '10', 1820408850763804672, '372422195310071217');
INSERT INTO `poor_family_user` VALUES (1820819782179442688, '0', 'admin', '2024-08-06 21:50:40', 'admin', '2024-08-06 21:50:40', '372422195701221219', '0', 1820408855499173888, '372422195701221219');
INSERT INTO `poor_family_user` VALUES (1820819892217008128, '0', 'admin', '2024-08-06 21:51:06', 'admin', '2024-08-06 21:51:06', '372422197607251218', '0', 1820408856719716352, '372422197607251218');
INSERT INTO `poor_family_user` VALUES (1820819943303630848, '0', 'admin', '2024-08-06 21:51:18', 'admin', '2024-08-06 21:51:18', '372422197501021211', '0', 1820408857915092992, '372422197501021211');
INSERT INTO `poor_family_user` VALUES (1820820032977850368, '0', 'admin', '2024-08-06 21:51:40', 'admin', '2024-08-06 21:51:40', '371426200410241226', '9', 1820408859106275328, '372422194102061220');
INSERT INTO `poor_family_user` VALUES (1820820093040283648, '0', 'admin', '2024-08-06 21:51:54', 'admin', '2024-08-06 21:51:54', '372422196305201210', '0', 1820408862168117248, '372422196305201210');
INSERT INTO `poor_family_user` VALUES (1820820155770294272, '0', 'admin', '2024-08-06 21:52:09', 'admin', '2024-08-06 21:52:09', '372422194508121211', '0', 1820408865372565504, '372422194508121211');
INSERT INTO `poor_family_user` VALUES (1820820460943659008, '0', 'admin', '2024-08-06 21:53:22', 'admin', '2024-08-06 21:53:22', '372422194810281224', '0', 1820408866593107968, '372422194810281224');
INSERT INTO `poor_family_user` VALUES (1820820511212392448, '0', 'admin', '2024-08-06 21:53:34', 'admin', '2024-08-06 21:53:34', '372422195308031232', '0', 1820408868396658688, '372422195308031232');
INSERT INTO `poor_family_user` VALUES (1820820568754049024, '0', 'admin', '2024-08-06 21:53:47', 'admin', '2024-08-06 21:53:47', '372422196912281216', '0', 1820408869600423936, '372422196912281216');
INSERT INTO `poor_family_user` VALUES (1820820698664226816, '0', 'admin', '2024-08-06 21:54:18', 'admin', '2024-08-06 21:54:18', '372422195004161214', '0', 1820408871391391744, '372422195004161214');
INSERT INTO `poor_family_user` VALUES (1820820757015384064, '0', 'admin', '2024-08-06 21:54:32', 'admin', '2024-08-06 21:54:32', '372422195610121239', '0', 1820408871986982912, '372422195610121239');
INSERT INTO `poor_family_user` VALUES (1820820852083478528, '0', 'admin', '2024-08-06 21:54:55', 'admin', '2024-08-06 21:54:55', '372422195204281229', '0', 1820408873211719680, '372422195204281229');
INSERT INTO `poor_family_user` VALUES (1820821265847373824, '0', 'admin', '2024-08-06 21:56:34', 'admin', '2024-08-06 21:56:34', '372422195008121228', '0', 1820408873815699456, '372422195008121228');
INSERT INTO `poor_family_user` VALUES (1820821350790418432, '0', 'admin', '2024-08-06 21:56:54', 'admin', '2024-08-06 21:56:54', '372422196904221213', '0', 1820408874407096320, '372422196904221213');
INSERT INTO `poor_family_user` VALUES (1820821408072028160, '0', 'admin', '2024-08-06 21:57:08', 'admin', '2024-08-06 21:57:08', '371426200412071224', '9', 1820408876827209728, '372422194902051231');
INSERT INTO `poor_family_user` VALUES (1820821509540630528, '0', 'admin', '2024-08-06 21:57:32', 'admin', '2024-08-06 21:57:32', '372422196504041213', '0', 1820408880455282688, '372422196504041213');
INSERT INTO `poor_family_user` VALUES (1820821582647349248, '0', 'admin', '2024-08-06 21:57:49', 'admin', '2024-08-06 21:57:49', '37242219701010125X', '0', 1820408882263027712, '37242219701010125X');
INSERT INTO `poor_family_user` VALUES (1820821699756511232, '0', 'admin', '2024-08-06 21:58:17', 'admin', '2024-08-06 21:58:17', '372422197504121218', '0', 1820408884045606912, '372422197504121218');
INSERT INTO `poor_family_user` VALUES (1820821791267835904, '0', 'admin', '2024-08-06 21:58:39', 'admin', '2024-08-06 21:58:39', '372422196403181217', '0', 1820408885240983552, '372422196403181217');
INSERT INTO `poor_family_user` VALUES (1820821919680647168, '0', 'admin', '2024-08-06 21:59:10', 'admin', '2024-08-06 21:59:10', '371426200701171248', '11', 1820408885853351936, '371426200110271247');
INSERT INTO `poor_family_user` VALUES (1820822008008495104, '0', 'admin', '2024-08-06 21:59:31', 'admin', '2024-08-06 21:59:31', '372422195708291252', '0', 1820408887061311488, '372422195708291252');
INSERT INTO `poor_family_user` VALUES (1820822065298493440, '0', 'admin', '2024-08-06 21:59:44', 'admin', '2024-08-06 21:59:44', '372422195204211212', '0', 1820408889540145152, '372422195204211212');
INSERT INTO `poor_family_user` VALUES (1820822121103708160, '0', 'admin', '2024-08-06 21:59:58', 'admin', '2024-08-06 21:59:58', '372422195602141213', '0', 1820408890131542016, '372422195602141213');
INSERT INTO `poor_family_user` VALUES (1820822172391657472, '0', 'admin', '2024-08-06 22:00:10', 'admin', '2024-08-06 22:00:10', '371325197306102318', '0', 1820408891754737664, '371325197306102318');
INSERT INTO `poor_family_user` VALUES (1820822224237449216, '0', 'admin', '2024-08-06 22:00:22', 'admin', '2024-08-06 22:00:22', '372422195604101231', '0', 1820408894258737152, '372422195604101231');
INSERT INTO `poor_family_user` VALUES (1820822285772083200, '0', 'admin', '2024-08-06 22:00:37', 'admin', '2024-08-06 22:00:37', '372422195708051232', '0', 1820408894862716928, '372422195708051232');
INSERT INTO `poor_family_user` VALUES (1820822370199228416, '0', 'admin', '2024-08-06 22:00:57', 'admin', '2024-08-06 22:00:57', '372422195508291215', '0', 1820408895449919488, '372422195508291215');
INSERT INTO `poor_family_user` VALUES (1820822437295509504, '0', 'admin', '2024-08-06 22:01:13', 'admin', '2024-08-06 22:01:13', '372422195502051210', '0', 1820408896662073344, '372422195502051210');
INSERT INTO `poor_family_user` VALUES (1820822545298837504, '0', 'admin', '2024-08-06 22:01:39', 'admin', '2024-08-06 22:01:39', '372422193709131219', '0', 1820408899094769664, '372422193709131219');
INSERT INTO `poor_family_user` VALUES (1820822590660235264, '0', 'admin', '2024-08-06 22:01:50', 'admin', '2024-08-06 22:01:50', '372422195006201224', '0', 1820408900910903296, '372422195006201224');
INSERT INTO `poor_family_user` VALUES (1820822644557041664, '0', 'admin', '2024-08-06 22:02:02', 'admin', '2024-08-06 22:02:02', '372422195201091219', '0', 1820408902114668544, '372422195201091219');
INSERT INTO `poor_family_user` VALUES (1820822766351241216, '0', 'admin', '2024-08-06 22:02:31', 'admin', '2024-08-06 22:02:31', '372422195105071218', '0', 1820408905847599104, '372422195105071218');
INSERT INTO `poor_family_user` VALUES (1820822932449873920, '0', 'admin', '2024-08-06 22:03:11', 'admin', '2024-08-06 22:03:11', '37242219431108121X', '0', 1820408907084918784, '37242219431108121X');
INSERT INTO `poor_family_user` VALUES (1820823044853026816, '0', 'admin', '2024-08-06 22:03:38', 'admin', '2024-08-06 22:03:38', '372422196112101213', '0', 1820408907672121344, '372422196112101213');
INSERT INTO `poor_family_user` VALUES (1820823115803873280, '0', 'admin', '2024-08-06 22:03:55', 'admin', '2024-08-06 22:03:55', '372422193703201239', '0', 1820408908871692288, '372422193703201239');
INSERT INTO `poor_family_user` VALUES (1820823156803194880, '0', 'admin', '2024-08-06 22:04:04', 'admin', '2024-08-06 22:04:04', '372422195706101216', '0', 1820408909463089152, '372422195706101216');
INSERT INTO `poor_family_user` VALUES (1820823224054665216, '0', 'admin', '2024-08-06 22:04:21', 'admin', '2024-08-06 22:04:21', '372422193912271217', '0', 1820408910071263232, '372422193912271217');
INSERT INTO `poor_family_user` VALUES (1820823275871096832, '0', 'admin', '2024-08-06 22:04:33', 'admin', '2024-08-06 22:04:33', '372422195408081253', '0', 1820408910679437312, '372422195408081253');
INSERT INTO `poor_family_user` VALUES (1820823390698557440, '0', 'admin', '2024-08-06 22:05:00', 'admin', '2024-08-06 22:05:00', '372422194604011215', '0', 1820408911291805696, '372422194604011215');
INSERT INTO `poor_family_user` VALUES (1820823481316495360, '0', 'admin', '2024-08-06 22:05:22', 'admin', '2024-08-06 22:05:22', '372422194101081238', '0', 1820408912466210816, '372422194101081238');
INSERT INTO `poor_family_user` VALUES (1820823535032946688, '0', 'admin', '2024-08-06 22:05:35', 'admin', '2024-08-06 22:05:35', '372422195707061260', '0', 1820408913657393152, '372422195707061260');
INSERT INTO `poor_family_user` VALUES (1820823598127861760, '0', 'admin', '2024-08-06 22:05:50', 'admin', '2024-08-06 22:05:50', '372422196510161211', '0', 1820408914240401408, '372422196510161211');
INSERT INTO `poor_family_user` VALUES (1820823652205023232, '0', 'admin', '2024-08-06 22:06:03', 'admin', '2024-08-06 22:06:03', '37242219700611121X', '0', 1820408916048146432, '37242219700611121X');
INSERT INTO `poor_family_user` VALUES (1820823740369293312, '0', 'admin', '2024-08-06 22:06:24', 'admin', '2024-08-06 22:06:24', '370831196708051911', '0', 1820408916656320512, '370831196708051911');
INSERT INTO `poor_family_user` VALUES (1820823797004980224, '0', 'admin', '2024-08-06 22:06:37', 'admin', '2024-08-06 22:06:37', '372422195504041251', '0', 1820408919063851008, '372422195504041251');
INSERT INTO `poor_family_user` VALUES (1820823846044782592, '0', 'admin', '2024-08-06 22:06:49', 'admin', '2024-08-06 22:06:49', '372422195604291215', '0', 1820408920410222592, '372422195604291215');
INSERT INTO `poor_family_user` VALUES (1820823894694514688, '0', 'admin', '2024-08-06 22:07:00', 'admin', '2024-08-06 22:07:00', '372422197310171225', '0', 1820408921026785280, '372422197310171225');
INSERT INTO `poor_family_user` VALUES (1820824086915272704, '0', 'admin', '2024-08-06 22:07:46', 'admin', '2024-08-06 22:07:46', '372422196112111219', '0', 1820408925887983616, '372422196112111219');
INSERT INTO `poor_family_user` VALUES (1820824134327685120, '0', 'admin', '2024-08-06 22:07:58', 'admin', '2024-08-06 22:07:58', '372422194007181216', '0', 1820408927091748864, '372422194007181216');
INSERT INTO `poor_family_user` VALUES (1820824191001120768, '0', 'admin', '2024-08-06 22:08:11', 'admin', '2024-08-06 22:08:11', '372422195610051234', '0', 1820408928882716672, '372422195610051234');
INSERT INTO `poor_family_user` VALUES (1820824240691040256, '0', 'admin', '2024-08-06 22:08:23', 'admin', '2024-08-06 22:08:23', '37242219520426121X', '0', 1820408929503473664, '37242219520426121X');
INSERT INTO `poor_family_user` VALUES (1820824365962317824, '0', 'admin', '2024-08-06 22:08:53', 'admin', '2024-08-06 22:08:53', '372422197001301217', '0', 1820408930757570560, '372422197001301217');
INSERT INTO `poor_family_user` VALUES (1820824492257005568, '0', 'admin', '2024-08-06 22:09:23', 'admin', '2024-08-06 22:09:23', '372422195402261245', '0', 1820408932628230144, '372422195402261245');
INSERT INTO `poor_family_user` VALUES (1820824560972288000, '0', 'admin', '2024-08-06 22:09:39', 'admin', '2024-08-06 22:09:39', '371426198406241215', '0', 1820408933240598528, '371426198406241215');
INSERT INTO `poor_family_user` VALUES (1820824629775650816, '0', 'admin', '2024-08-06 22:09:56', 'admin', '2024-08-06 22:09:56', '37142619780801124X', '0', 1820408933831995392, '37142619780801124X');
INSERT INTO `poor_family_user` VALUES (1820824701208842240, '0', 'admin', '2024-08-06 22:10:13', 'admin', '2024-08-06 22:10:13', '372422195507221223', '0', 1820408935664906240, '372422195507221223');
INSERT INTO `poor_family_user` VALUES (1820824785203974144, '0', 'admin', '2024-08-06 22:10:33', 'admin', '2024-08-06 22:10:33', '371426199102051230', '0', 1820408936247914496, '371426199102051230');
INSERT INTO `poor_family_user` VALUES (1820824913130246144, '0', 'admin', '2024-08-06 22:11:03', 'admin', '2024-08-06 22:11:03', '372422195202131219', '0', 1820408938026299392, '372422195202131219');
INSERT INTO `poor_family_user` VALUES (1820824971955359744, '0', 'admin', '2024-08-06 22:11:17', 'admin', '2024-08-06 22:11:17', '371426197108137618', '0', 1820408941037809664, '371426197108137618');
INSERT INTO `poor_family_user` VALUES (1820825025013305344, '0', 'admin', '2024-08-06 22:11:30', 'admin', '2024-08-06 22:11:30', '371426197904241221', '12', 1820408943399202816, '37242219570714121X');
INSERT INTO `poor_family_user` VALUES (1820825631471915008, '0', 'admin', '2024-08-06 22:13:55', 'admin', '2024-08-06 22:13:55', '37242219550602122X', '0', 1820408945177587712, '37242219550602122X');
INSERT INTO `poor_family_user` VALUES (1820825691446267904, '0', 'admin', '2024-08-06 22:14:09', 'admin', '2024-08-06 22:14:09', '372422197202251236', '0', 1820408946997915648, '372422197202251236');
INSERT INTO `poor_family_user` VALUES (1820825792386387968, '0', 'admin', '2024-08-06 22:14:33', 'admin', '2024-08-06 22:14:33', '372422195508161226', '0', 1820408948788883456, '372422195508161226');
INSERT INTO `poor_family_user` VALUES (1820825873068019712, '0', 'admin', '2024-08-06 22:14:52', 'admin', '2024-08-06 22:14:52', '37242219771225121X', '0', 1820408949380280320, '37242219771225121X');

-- ----------------------------
-- Table structure for poor_subsidy
-- ----------------------------
DROP TABLE IF EXISTS `poor_subsidy`;
CREATE TABLE `poor_subsidy`  (
  `id` bigint NOT NULL,
  `del_flag` char(1) CHARACTER SET utf8mb4 COLLATE utf8mb4_general_ci NULL DEFAULT '0' COMMENT '删除标志（0代表存在 2代表删除）',
  `create_by` varchar(64) CHARACTER SET utf8mb4 COLLATE utf8mb4_general_ci NULL DEFAULT '' COMMENT '创建者',
  `create_time` datetime NULL DEFAULT NULL COMMENT '创建时间',
  `update_by` varchar(64) CHARACTER SET utf8mb4 COLLATE utf8mb4_general_ci NULL DEFAULT '' COMMENT '更新者',
  `update_time` datetime NULL DEFAULT NULL COMMENT '更新时间',
  `card_id` varchar(50) CHARACTER SET utf8mb4 COLLATE utf8mb4_general_ci NULL DEFAULT NULL COMMENT '身份证号',
  `money` decimal(10, 2) NULL DEFAULT NULL COMMENT '金额',
  `subsidy_date` date NULL DEFAULT NULL COMMENT '发放月份',
  `subsidy_type` varchar(2) CHARACTER SET utf8mb4 COLLATE utf8mb4_general_ci NULL DEFAULT NULL COMMENT '补助金类型',
  `data_file_id` bigint NULL DEFAULT NULL,
  PRIMARY KEY (`id`) USING BTREE,
  INDEX `card_id`(`card_id` ASC) USING BTREE,
  INDEX `subsidy_type`(`subsidy_type` ASC) USING BTREE,
  INDEX `subsidy_date`(`subsidy_date` ASC) USING BTREE
) ENGINE = InnoDB CHARACTER SET = utf8mb4 COLLATE = utf8mb4_general_ci ROW_FORMAT = DYNAMIC;

-- ----------------------------
-- Records of poor_subsidy
-- ----------------------------
INSERT INTO `poor_subsidy` VALUES (1796099221067841536, '0', 'admin', '2024-05-30 16:39:59', 'admin', '2024-05-30 16:39:59', '372422197510251238', 191.00, '2024-05-01', '1', 1796099217792090112);
INSERT INTO `poor_subsidy` VALUES (1796099222774923264, '0', 'admin', '2024-05-30 16:39:59', 'admin', '2024-05-30 16:39:59', '371426198406241215', 147.00, '2024-05-01', '1', 1796099217792090112);
INSERT INTO `poor_subsidy` VALUES (1796099223848665088, '0', 'admin', '2024-05-30 16:40:00', 'admin', '2024-05-30 16:40:00', '371426199601261216', 191.00, '2024-05-01', '1', 1796099217792090112);
INSERT INTO `poor_subsidy` VALUES (1796099224926601216, '0', 'admin', '2024-05-30 16:40:00', 'admin', '2024-05-30 16:40:00', '372422197409271242', 191.00, '2024-05-01', '1', 1796099217792090112);
INSERT INTO `poor_subsidy` VALUES (1796099226008731648, '0', 'admin', '2024-05-30 16:40:00', 'admin', '2024-05-30 16:40:00', '37242219701010125X', 147.00, '2024-05-01', '1', 1796099217792090112);
INSERT INTO `poor_subsidy` VALUES (1796099227401240576, '0', 'admin', '2024-05-30 16:40:00', 'admin', '2024-05-30 16:40:00', '372422195504041251', 191.00, '2024-05-01', '1', 1796099217792090112);
INSERT INTO `poor_subsidy` VALUES (1796099230211424256, '0', 'admin', '2024-05-30 16:40:01', 'admin', '2024-05-30 16:40:01', '372422197810191257', 191.00, '2024-05-01', '1', 1796099217792090112);
INSERT INTO `poor_subsidy` VALUES (1796099230727323648, '0', 'admin', '2024-05-30 16:40:01', 'admin', '2024-05-30 16:40:01', '371325197306102318', 147.00, '2024-05-01', '1', 1796099217792090112);
INSERT INTO `poor_subsidy` VALUES (1796099232459571200, '0', 'admin', '2024-05-30 16:40:02', 'admin', '2024-05-30 16:40:02', '372422196912281216', 147.00, '2024-05-01', '1', 1796099217792090112);
INSERT INTO `poor_subsidy` VALUES (1796099232732200960, '0', 'admin', '2024-05-30 16:40:02', 'admin', '2024-05-30 16:40:02', '371426201307071219', 191.00, '2024-05-01', '1', 1796099217792090112);
INSERT INTO `poor_subsidy` VALUES (1796099233554284544, '0', 'admin', '2024-05-30 16:40:02', 'admin', '2024-05-30 16:40:02', '372422195506141221', 147.00, '2024-05-01', '1', 1796099217792090112);
INSERT INTO `poor_subsidy` VALUES (1796099233835302912, '0', 'admin', '2024-05-30 16:40:02', 'admin', '2024-05-30 16:40:02', '371426198610251277', 147.00, '2024-05-01', '1', 1796099217792090112);
INSERT INTO `poor_subsidy` VALUES (1796099234145681408, '0', 'admin', '2024-05-30 16:40:02', 'admin', '2024-05-30 16:40:02', '372422197504121218', 147.00, '2024-05-01', '1', 1796099217792090112);
INSERT INTO `poor_subsidy` VALUES (1796099237593399296, '0', 'admin', '2024-05-30 16:40:03', 'admin', '2024-05-30 16:40:03', '37142619780801124X', 191.00, '2024-05-01', '1', 1796099217792090112);
INSERT INTO `poor_subsidy` VALUES (1796099238209961984, '0', 'admin', '2024-05-30 16:40:03', 'admin', '2024-05-30 16:40:03', '372422196904221213', 147.00, '2024-05-01', '1', 1796099217792090112);
INSERT INTO `poor_subsidy` VALUES (1796099238486786048, '0', 'admin', '2024-05-30 16:40:03', 'admin', '2024-05-30 16:40:03', '372422194708151247', 147.00, '2024-05-01', '1', 1796099217792090112);
INSERT INTO `poor_subsidy` VALUES (1796099239287898112, '0', 'admin', '2024-05-30 16:40:03', 'admin', '2024-05-30 16:40:03', '372422195006201224', 147.00, '2024-05-01', '1', 1796099217792090112);
INSERT INTO `poor_subsidy` VALUES (1796099239833157632, '0', 'admin', '2024-05-30 16:40:03', 'admin', '2024-05-30 16:40:03', '372422196009031229', 147.00, '2024-05-01', '1', 1796099217792090112);
INSERT INTO `poor_subsidy` VALUES (1796099241234055168, '0', 'admin', '2024-05-30 16:40:04', 'admin', '2024-05-30 16:40:04', '372422197210027242', 191.00, '2024-05-01', '1', 1796099217792090112);
INSERT INTO `poor_subsidy` VALUES (1796099242001612800, '0', 'admin', '2024-05-30 16:40:04', 'admin', '2024-05-30 16:40:04', '372422194508121211', 191.00, '2024-05-01', '1', 1796099217792090112);
INSERT INTO `poor_subsidy` VALUES (1796099244815990784, '0', 'admin', '2024-05-30 16:40:05', 'admin', '2024-05-30 16:40:05', '372422195202131219', 191.00, '2024-05-01', '1', 1796099217792090112);
INSERT INTO `poor_subsidy` VALUES (1796099245340278784, '0', 'admin', '2024-05-30 16:40:05', 'admin', '2024-05-30 16:40:05', '372422196802191228', 191.00, '2024-05-01', '1', 1796099217792090112);
INSERT INTO `poor_subsidy` VALUES (1796099257235324928, '0', 'admin', '2024-05-30 16:40:07', 'admin', '2024-05-30 16:40:07', '37242219520515124X', 191.00, '2024-05-01', '1', 1796099217792090112);
INSERT INTO `poor_subsidy` VALUES (1796099265049313280, '0', 'admin', '2024-05-30 16:40:09', 'admin', '2024-05-30 16:40:09', '371426197108137618', 191.00, '2024-05-01', '1', 1796099217792090112);
INSERT INTO `poor_subsidy` VALUES (1796099266269855744, '0', 'admin', '2024-05-30 16:40:10', 'admin', '2024-05-30 16:40:10', '372422196305201210', 191.00, '2024-05-01', '1', 1796099217792090112);
INSERT INTO `poor_subsidy` VALUES (1796100555431133184, '0', 'admin', '2024-05-30 16:45:17', 'admin', '2024-05-30 16:45:17', '372422195503251230', 80.00, '2024-05-01', '5', 1796100552146993152);
INSERT INTO `poor_subsidy` VALUES (1796100555762483200, '0', 'admin', '2024-05-30 16:45:17', 'admin', '2024-05-30 16:45:17', '372422195510101249', 80.00, '2024-05-01', '5', 1796100552146993152);
INSERT INTO `poor_subsidy` VALUES (1796100557196935168, '0', 'admin', '2024-05-30 16:45:17', 'admin', '2024-05-30 16:45:17', '372422193805061249', 100.00, '2024-05-01', '5', 1796100552146993152);
INSERT INTO `poor_subsidy` VALUES (1796100557440204800, '0', 'admin', '2024-05-30 16:45:17', 'admin', '2024-05-30 16:45:17', '372422194309221236', 100.00, '2024-05-01', '5', 1796100552146993152);
INSERT INTO `poor_subsidy` VALUES (1796100557691863040, '0', 'admin', '2024-05-30 16:45:18', 'admin', '2024-05-30 16:45:18', '372422194612071226', 80.00, '2024-05-01', '5', 1796100552146993152);
INSERT INTO `poor_subsidy` VALUES (1796100558358757376, '0', 'admin', '2024-05-30 16:45:18', 'admin', '2024-05-30 16:45:18', '372422194708151247', 80.00, '2024-05-01', '5', 1796100552146993152);
INSERT INTO `poor_subsidy` VALUES (1796100563366756352, '0', 'admin', '2024-05-30 16:45:19', 'admin', '2024-05-30 16:45:19', '372422195701221219', 80.00, '2024-05-01', '5', 1796100552146993152);
INSERT INTO `poor_subsidy` VALUES (1796100565652652032, '0', 'admin', '2024-05-30 16:45:19', 'admin', '2024-05-30 16:45:19', '372422194508121211', 80.00, '2024-05-01', '5', 1796100552146993152);
INSERT INTO `poor_subsidy` VALUES (1796100565879144448, '0', 'admin', '2024-05-30 16:45:19', 'admin', '2024-05-30 16:45:19', '372422194902031222', 80.00, '2024-05-01', '5', 1796100552146993152);
INSERT INTO `poor_subsidy` VALUES (1796100568244731904, '0', 'admin', '2024-05-30 16:45:20', 'admin', '2024-05-30 16:45:20', '372422195004161214', 80.00, '2024-05-01', '5', 1796100552146993152);
INSERT INTO `poor_subsidy` VALUES (1796100568492195840, '0', 'admin', '2024-05-30 16:45:20', 'admin', '2024-05-30 16:45:20', '372422195204281229', 80.00, '2024-05-01', '5', 1796100552146993152);
INSERT INTO `poor_subsidy` VALUES (1796100568949374976, '0', 'admin', '2024-05-30 16:45:20', 'admin', '2024-05-30 16:45:20', '372422196403141223', 80.00, '2024-05-01', '5', 1796100552146993152);
INSERT INTO `poor_subsidy` VALUES (1796100569205227520, '0', 'admin', '2024-05-30 16:45:20', 'admin', '2024-05-30 16:45:20', '372422194902051231', 80.00, '2024-05-01', '5', 1796100552146993152);
INSERT INTO `poor_subsidy` VALUES (1796100569440108544, '0', 'admin', '2024-05-30 16:45:20', 'admin', '2024-05-30 16:45:20', '37242219520515124X', 80.00, '2024-05-01', '5', 1796100552146993152);
INSERT INTO `poor_subsidy` VALUES (1796100572082520064, '0', 'admin', '2024-05-30 16:45:21', 'admin', '2024-05-30 16:45:21', '372422196403181217', 80.00, '2024-05-01', '5', 1796100552146993152);
INSERT INTO `poor_subsidy` VALUES (1796100574817206272, '0', 'admin', '2024-05-30 16:45:22', 'admin', '2024-05-30 16:45:22', '372422195708051232', 80.00, '2024-05-01', '5', 1796100552146993152);
INSERT INTO `poor_subsidy` VALUES (1796100576130023424, '0', 'admin', '2024-05-30 16:45:22', 'admin', '2024-05-30 16:45:22', '372422195506141221', 80.00, '2024-05-01', '5', 1796100552146993152);
INSERT INTO `poor_subsidy` VALUES (1796100576557842432, '0', 'admin', '2024-05-30 16:45:22', 'admin', '2024-05-30 16:45:22', '372422195006201224', 80.00, '2024-05-01', '5', 1796100552146993152);
INSERT INTO `poor_subsidy` VALUES (1796100578797600768, '0', 'admin', '2024-05-30 16:45:23', 'admin', '2024-05-30 16:45:23', '372422195402261245', 80.00, '2024-05-01', '5', 1796100552146993152);
INSERT INTO `poor_subsidy` VALUES (1796100579128950784, '0', 'admin', '2024-05-30 16:45:23', 'admin', '2024-05-30 16:45:23', '372422195507221223', 80.00, '2024-05-01', '5', 1796100552146993152);
INSERT INTO `poor_subsidy` VALUES (1796100580655677440, '0', 'admin', '2024-05-30 16:45:23', 'admin', '2024-05-30 16:45:23', '372422195504041251', 80.00, '2024-05-01', '5', 1796100552146993152);
INSERT INTO `poor_subsidy` VALUES (1796100580957667328, '0', 'admin', '2024-05-30 16:45:23', 'admin', '2024-05-30 16:45:23', '372422196009031229', 80.00, '2024-05-01', '5', 1796100552146993152);
INSERT INTO `poor_subsidy` VALUES (1796100581179965440, '0', 'admin', '2024-05-30 16:45:23', 'admin', '2024-05-30 16:45:23', '372422195202131219', 80.00, '2024-05-01', '5', 1796100552146993152);
INSERT INTO `poor_subsidy` VALUES (1796100583939817472, '0', 'admin', '2024-05-30 16:45:24', 'admin', '2024-05-30 16:45:24', '372422196112111219', 80.00, '2024-05-01', '5', 1796100552146993152);
INSERT INTO `poor_subsidy` VALUES (1796100584170504192, '0', 'admin', '2024-05-30 16:45:24', 'admin', '2024-05-30 16:45:24', '372422196307031227', 80.00, '2024-05-01', '5', 1796100552146993152);
INSERT INTO `poor_subsidy` VALUES (1796100584598323200, '0', 'admin', '2024-05-30 16:45:24', 'admin', '2024-05-30 16:45:24', '372422196305201210', 80.00, '2024-05-01', '5', 1796100552146993152);
INSERT INTO `poor_subsidy` VALUES (1796101602958557184, '0', 'admin', '2024-05-30 16:49:27', 'admin', '2024-05-30 16:49:27', '372422197510251238', 143.00, '2024-05-01', '2', 1796101599833800704);
INSERT INTO `poor_subsidy` VALUES (1796101603981967360, '0', 'admin', '2024-05-30 16:49:27', 'admin', '2024-05-30 16:49:27', '372422197810191257', 143.00, '2024-05-01', '2', 1796101599833800704);
INSERT INTO `poor_subsidy` VALUES (1796101614417395712, '0', 'admin', '2024-05-30 16:49:29', 'admin', '2024-05-30 16:49:29', '372422196305201210', 172.00, '2024-05-01', '2', 1796101599833800704);
INSERT INTO `poor_subsidy` VALUES (1796101621526740992, '0', 'admin', '2024-05-30 16:49:31', 'admin', '2024-05-30 16:49:31', '37242219520515124X', 143.00, '2024-05-01', '2', 1796101599833800704);
INSERT INTO `poor_subsidy` VALUES (1796101628195684352, '0', 'admin', '2024-05-30 16:49:33', 'admin', '2024-05-30 16:49:33', '37242219431108121X', 143.00, '2024-05-01', '2', 1796101599833800704);
INSERT INTO `poor_subsidy` VALUES (1796101632264159232, '0', 'admin', '2024-05-30 16:49:34', 'admin', '2024-05-30 16:49:34', '372422195504041251', 143.00, '2024-05-01', '2', 1796101599833800704);
INSERT INTO `poor_subsidy` VALUES (1796101633937686528, '0', 'admin', '2024-05-30 16:49:34', 'admin', '2024-05-30 16:49:34', '371426199601261216', 172.00, '2024-05-01', '2', 1796101599833800704);
INSERT INTO `poor_subsidy` VALUES (1796101644796739584, '0', 'admin', '2024-05-30 16:49:37', 'admin', '2024-05-30 16:49:37', '372423197606082543', 143.00, '2024-05-01', '2', 1796101599833800704);
INSERT INTO `poor_subsidy` VALUES (1796101648819077120, '0', 'admin', '2024-05-30 16:49:38', 'admin', '2024-05-30 16:49:38', '372422197303101229', 143.00, '2024-05-01', '2', 1796101599833800704);
INSERT INTO `poor_subsidy` VALUES (1796101653009186816, '0', 'admin', '2024-05-30 16:49:39', 'admin', '2024-05-30 16:49:39', '371426201203251215', 172.00, '2024-05-01', '2', 1796101599833800704);
INSERT INTO `poor_subsidy` VALUES (1796101655450271744, '0', 'admin', '2024-05-30 16:49:39', 'admin', '2024-05-30 16:49:39', '372422194102061220', 143.00, '2024-05-01', '2', 1796101599833800704);
INSERT INTO `poor_subsidy` VALUES (1796101670516211712, '0', 'admin', '2024-05-30 16:49:43', 'admin', '2024-05-30 16:49:43', '37142619780801124X', 172.00, '2024-05-01', '2', 1796101599833800704);
INSERT INTO `poor_subsidy` VALUES (1796101671724171264, '0', 'admin', '2024-05-30 16:49:43', 'admin', '2024-05-30 16:49:43', '372422197409271242', 172.00, '2024-05-01', '2', 1796101599833800704);
INSERT INTO `poor_subsidy` VALUES (1796101676564398080, '0', 'admin', '2024-05-30 16:49:44', 'admin', '2024-05-30 16:49:44', '372422197210027242', 172.00, '2024-05-01', '2', 1796101599833800704);
INSERT INTO `poor_subsidy` VALUES (1796101679605268480, '0', 'admin', '2024-05-30 16:49:45', 'admin', '2024-05-30 16:49:45', '372422194508121211', 143.00, '2024-05-01', '2', 1796101599833800704);
INSERT INTO `poor_subsidy` VALUES (1796101683996704768, '0', 'admin', '2024-05-30 16:49:46', 'admin', '2024-05-30 16:49:46', '37242219570714121X', 143.00, '2024-05-01', '2', 1796101599833800704);
INSERT INTO `poor_subsidy` VALUES (1796101685888335872, '0', 'admin', '2024-05-30 16:49:47', 'admin', '2024-05-30 16:49:47', '372422195202131219', 143.00, '2024-05-01', '2', 1796101599833800704);
INSERT INTO `poor_subsidy` VALUES (1796101686370680832, '0', 'admin', '2024-05-30 16:49:47', 'admin', '2024-05-30 16:49:47', '372422196802191228', 143.00, '2024-05-01', '2', 1796101599833800704);
INSERT INTO `poor_subsidy` VALUES (1796101690598539264, '0', 'admin', '2024-05-30 16:49:48', 'admin', '2024-05-30 16:49:48', '37142619740209126X', 172.00, '2024-05-01', '2', 1796101599833800704);
INSERT INTO `poor_subsidy` VALUES (1796101696839663616, '0', 'admin', '2024-05-30 16:49:49', 'admin', '2024-05-30 16:49:49', '371426201307071219', 143.00, '2024-05-01', '2', 1796101599833800704);
INSERT INTO `poor_subsidy` VALUES (1796101703688962048, '0', 'admin', '2024-05-30 16:49:51', 'admin', '2024-05-30 16:49:51', '371426197108137618', 172.00, '2024-05-01', '2', 1796101599833800704);
INSERT INTO `poor_subsidy` VALUES (1796103049926328320, '0', 'admin', '2024-05-30 16:55:12', 'admin', '2024-05-30 16:55:12', '372422195508291215', 1013.00, '2024-05-01', '3', 1796103048860975104);
INSERT INTO `poor_subsidy` VALUES (1796103050148626432, '0', 'admin', '2024-05-30 16:55:12', 'admin', '2024-05-30 16:55:12', '372424196510120041', 1013.00, '2024-05-01', '3', 1796103048860975104);
INSERT INTO `poor_subsidy` VALUES (1796103053147553792, '0', 'admin', '2024-05-30 16:55:13', 'admin', '2024-05-30 16:55:13', '372422195204211212', 1013.00, '2024-05-01', '3', 1796103048860975104);
INSERT INTO `poor_subsidy` VALUES (1796103053378240512, '0', 'admin', '2024-05-30 16:55:13', 'admin', '2024-05-30 16:55:13', '372422195403211215', 1013.00, '2024-05-01', '3', 1796103048860975104);
INSERT INTO `poor_subsidy` VALUES (1796103053625704448, '0', 'admin', '2024-05-30 16:55:13', 'admin', '2024-05-30 16:55:13', '372422195610051234', 1013.00, '2024-05-01', '3', 1796103048860975104);
INSERT INTO `poor_subsidy` VALUES (1796103055336980480, '0', 'admin', '2024-05-30 16:55:13', 'admin', '2024-05-30 16:55:13', '372422195604291215', 1013.00, '2024-05-01', '3', 1796103048860975104);
INSERT INTO `poor_subsidy` VALUES (1796103057861951488, '0', 'admin', '2024-05-30 16:55:14', 'admin', '2024-05-30 16:55:14', '372422193703201239', 1013.00, '2024-05-01', '3', 1796103048860975104);
INSERT INTO `poor_subsidy` VALUES (1796103061968175104, '0', 'admin', '2024-05-30 16:55:15', 'admin', '2024-05-30 16:55:15', '371426198001201215', 1013.00, '2024-05-01', '3', 1796103048860975104);
INSERT INTO `poor_subsidy` VALUES (1796103062467297280, '0', 'admin', '2024-05-30 16:55:15', 'admin', '2024-05-30 16:55:15', '372422196112101213', 1013.00, '2024-05-01', '3', 1796103048860975104);
INSERT INTO `poor_subsidy` VALUES (1796103063230660608, '0', 'admin', '2024-05-30 16:55:15', 'admin', '2024-05-30 16:55:15', '372422197301291217', 1013.00, '2024-05-01', '3', 1796103048860975104);
INSERT INTO `poor_subsidy` VALUES (1796103064178573312, '0', 'admin', '2024-05-30 16:55:15', 'admin', '2024-05-30 16:55:15', '37242219701219121X', 1013.00, '2024-05-01', '3', 1796103048860975104);
INSERT INTO `poor_subsidy` VALUES (1796103065571082240, '0', 'admin', '2024-05-30 16:55:15', 'admin', '2024-05-30 16:55:15', '372422196504041213', 1013.00, '2024-05-01', '3', 1796103048860975104);
INSERT INTO `poor_subsidy` VALUES (1796103065789186048, '0', 'admin', '2024-05-30 16:55:16', 'admin', '2024-05-30 16:55:16', '372422196406061245', 1013.00, '2024-05-01', '3', 1796103048860975104);
INSERT INTO `poor_subsidy` VALUES (1796103066036649984, '0', 'admin', '2024-05-30 16:55:16', 'admin', '2024-05-30 16:55:16', '371426199508201235', 1013.00, '2024-05-01', '3', 1796103048860975104);
INSERT INTO `poor_subsidy` VALUES (1796103066258948096, '0', 'admin', '2024-05-30 16:55:16', 'admin', '2024-05-30 16:55:16', '372422195706101216', 1013.00, '2024-05-01', '3', 1796103048860975104);
INSERT INTO `poor_subsidy` VALUES (1796103068607758336, '0', 'admin', '2024-05-30 16:55:16', 'admin', '2024-05-30 16:55:16', '372422197207091251', 1013.00, '2024-05-01', '3', 1796103048860975104);
INSERT INTO `poor_subsidy` VALUES (1796104099525738496, '0', 'admin', '2024-05-30 16:59:22', 'admin', '2024-05-30 16:59:22', '372422194007181216', 200.00, '2023-12-01', '9', 1796104068307533824);
INSERT INTO `poor_subsidy` VALUES (1796104099739648000, '0', 'admin', '2024-05-30 16:59:22', 'admin', '2024-05-30 16:59:22', '372422193911221226', 200.00, '2023-12-01', '9', 1796104068307533824);
INSERT INTO `poor_subsidy` VALUES (1796104109197803520, '0', 'admin', '2024-05-30 16:59:24', 'admin', '2024-05-30 16:59:24', '372422194306051227', 200.00, '2023-12-01', '9', 1796104068307533824);
INSERT INTO `poor_subsidy` VALUES (1796104109680148480, '0', 'admin', '2024-05-30 16:59:24', 'admin', '2024-05-30 16:59:24', '372422193709131219', 200.00, '2023-12-01', '9', 1796104068307533824);
INSERT INTO `poor_subsidy` VALUES (1796104123387133952, '0', 'admin', '2024-05-30 16:59:28', 'admin', '2024-05-30 16:59:28', '372422194309221236', 200.00, '2023-12-01', '9', 1796104068307533824);
INSERT INTO `poor_subsidy` VALUES (1796104124909666304, '0', 'admin', '2024-05-30 16:59:28', 'admin', '2024-05-30 16:59:28', '372422193805061249', 200.00, '2023-12-01', '9', 1796104068307533824);
INSERT INTO `poor_subsidy` VALUES (1796104128294469632, '0', 'admin', '2024-05-30 16:59:29', 'admin', '2024-05-30 16:59:29', '372422193703201239', 200.00, '2023-12-01', '9', 1796104068307533824);
INSERT INTO `poor_subsidy` VALUES (1796104136741797888, '0', 'admin', '2024-05-30 16:59:31', 'admin', '2024-05-30 16:59:31', '37242219431108121X', 200.00, '2023-12-01', '9', 1796104068307533824);
INSERT INTO `poor_subsidy` VALUES (1796104145562419200, '0', 'admin', '2024-05-30 16:59:33', 'admin', '2024-05-30 16:59:33', '372422193912271217', 200.00, '2023-12-01', '9', 1796104068307533824);
INSERT INTO `poor_subsidy` VALUES (1796104161655963648, '0', 'admin', '2024-05-30 16:59:37', 'admin', '2024-05-30 16:59:37', '372422193912191217', 200.00, '2023-12-01', '9', 1796104068307533824);
INSERT INTO `poor_subsidy` VALUES (1796104176147283968, '0', 'admin', '2024-05-30 16:59:40', 'admin', '2024-05-30 16:59:40', '372422194102061220', 200.00, '2023-12-01', '9', 1796104068307533824);
INSERT INTO `poor_subsidy` VALUES (1796104186813399040, '0', 'admin', '2024-05-30 16:59:43', 'admin', '2024-05-30 16:59:43', '372422194101081238', 200.00, '2023-12-01', '9', 1796104068307533824);
INSERT INTO `poor_subsidy` VALUES (1796107217151901696, '0', 'admin', '2024-05-30 17:11:45', 'admin', '2024-05-30 17:11:45', '372422194007181216', 200.00, '2022-12-01', '9', 1796107185262608384);
INSERT INTO `poor_subsidy` VALUES (1796107217617469440, '0', 'admin', '2024-05-30 17:11:45', 'admin', '2024-05-30 17:11:45', '372422193911221226', 200.00, '2022-12-01', '9', 1796107185262608384);
INSERT INTO `poor_subsidy` VALUES (1796107225897025536, '0', 'admin', '2024-05-30 17:11:47', 'admin', '2024-05-30 17:11:47', '372422193709131219', 200.00, '2022-12-01', '9', 1796107185262608384);
INSERT INTO `poor_subsidy` VALUES (1796107238417022976, '0', 'admin', '2024-05-30 17:11:50', 'admin', '2024-05-30 17:11:50', '372422193805061249', 200.00, '2022-12-01', '9', 1796107185262608384);
INSERT INTO `poor_subsidy` VALUES (1796107243043340288, '0', 'admin', '2024-05-30 17:11:51', 'admin', '2024-05-30 17:11:51', '372422193703201239', 200.00, '2022-12-01', '9', 1796107185262608384);
INSERT INTO `poor_subsidy` VALUES (1796107259518566400, '0', 'admin', '2024-05-30 17:11:55', 'admin', '2024-05-30 17:11:55', '372422193912271217', 200.00, '2022-12-01', '9', 1796107185262608384);
INSERT INTO `poor_subsidy` VALUES (1796107278137081856, '0', 'admin', '2024-05-30 17:12:00', 'admin', '2024-05-30 17:12:00', '372422193912191217', 200.00, '2022-12-01', '9', 1796107185262608384);
INSERT INTO `poor_subsidy` VALUES (1796107293739892736, '0', 'admin', '2024-05-30 17:12:04', 'admin', '2024-05-30 17:12:04', '372422194102061220', 200.00, '2022-12-01', '9', 1796107185262608384);
INSERT INTO `poor_subsidy` VALUES (1796107299892936704, '0', 'admin', '2024-05-30 17:12:05', 'admin', '2024-05-30 17:12:05', '372422194101081238', 200.00, '2022-12-01', '9', 1796107185262608384);
INSERT INTO `poor_subsidy` VALUES (1796114385485873152, '0', 'admin', '2024-05-30 17:40:14', 'admin', '2024-05-30 17:40:14', '371426198610251277', 530.00, '2024-05-01', '0', 1796114380440125440);
INSERT INTO `poor_subsidy` VALUES (1796114386026938368, '0', 'admin', '2024-05-30 17:40:14', 'admin', '2024-05-30 17:40:14', '372422195503251230', 530.00, '2024-05-01', '0', 1796114380440125440);
INSERT INTO `poor_subsidy` VALUES (1796114387465584640, '0', 'admin', '2024-05-30 17:40:15', 'admin', '2024-05-30 17:40:15', '372422197810191257', 514.00, '2024-05-01', '0', 1796114380440125440);
INSERT INTO `poor_subsidy` VALUES (1796114387935346688, '0', 'admin', '2024-05-30 17:40:15', 'admin', '2024-05-30 17:40:15', '372422197502201257', 752.00, '2024-05-01', '0', 1796114380440125440);
INSERT INTO `poor_subsidy` VALUES (1796114388182810624, '0', 'admin', '2024-05-30 17:40:15', 'admin', '2024-05-30 17:40:15', '372422193805061249', 455.00, '2024-05-01', '0', 1796114380440125440);
INSERT INTO `poor_subsidy` VALUES (1796114388405108736, '0', 'admin', '2024-05-30 17:40:15', 'admin', '2024-05-30 17:40:15', '372422194309221236', 910.00, '2024-05-01', '0', 1796114380440125440);
INSERT INTO `poor_subsidy` VALUES (1796114389596291072, '0', 'admin', '2024-05-30 17:40:15', 'admin', '2024-05-30 17:40:15', '372422194708151247', 455.00, '2024-05-01', '0', 1796114380440125440);
INSERT INTO `poor_subsidy` VALUES (1796114391936712704, '0', 'admin', '2024-05-30 17:40:16', 'admin', '2024-05-30 17:40:16', '372422197210027242', 1842.00, '2024-05-01', '0', 1796114380440125440);
INSERT INTO `poor_subsidy` VALUES (1796114397427056640, '0', 'admin', '2024-05-30 17:40:17', 'admin', '2024-05-30 17:40:17', '372422197607251218', 910.00, '2024-05-01', '0', 1796114380440125440);
INSERT INTO `poor_subsidy` VALUES (1796114397653549056, '0', 'admin', '2024-05-30 17:40:17', 'admin', '2024-05-30 17:40:17', '372422195701221219', 614.00, '2024-05-01', '0', 1796114380440125440);
INSERT INTO `poor_subsidy` VALUES (1796114398190419968, '0', 'admin', '2024-05-30 17:40:17', 'admin', '2024-05-30 17:40:17', '372422197501021211', 614.00, '2024-05-01', '0', 1796114380440125440);
INSERT INTO `poor_subsidy` VALUES (1796114399067029504, '0', 'admin', '2024-05-30 17:40:18', 'admin', '2024-05-30 17:40:18', '371426197108137618', 514.00, '2024-05-01', '0', 1796114380440125440);
INSERT INTO `poor_subsidy` VALUES (1796114402284060672, '0', 'admin', '2024-05-30 17:40:18', 'admin', '2024-05-30 17:40:18', '371325197306102318', 590.00, '2024-05-01', '0', 1796114380440125440);
INSERT INTO `poor_subsidy` VALUES (1796114404800643072, '0', 'admin', '2024-05-30 17:40:19', 'admin', '2024-05-30 17:40:19', '372422197510251238', 455.00, '2024-05-01', '0', 1796114380440125440);
INSERT INTO `poor_subsidy` VALUES (1796114405006163968, '0', 'admin', '2024-05-30 17:40:19', 'admin', '2024-05-30 17:40:19', '372422194508121211', 1228.00, '2024-05-01', '0', 1796114380440125440);
INSERT INTO `poor_subsidy` VALUES (1796114407774404608, '0', 'admin', '2024-05-30 17:40:20', 'admin', '2024-05-30 17:40:20', '372422196912281216', 455.00, '2024-05-01', '0', 1796114380440125440);
INSERT INTO `poor_subsidy` VALUES (1796114408768454656, '0', 'admin', '2024-05-30 17:40:20', 'admin', '2024-05-30 17:40:20', '372422195004161214', 414.00, '2024-05-01', '0', 1796114380440125440);
INSERT INTO `poor_subsidy` VALUES (1796114409032695808, '0', 'admin', '2024-05-30 17:40:20', 'admin', '2024-05-30 17:40:20', '372422195204281229', 455.00, '2024-05-01', '0', 1796114380440125440);
INSERT INTO `poor_subsidy` VALUES (1796114410081271808, '0', 'admin', '2024-05-30 17:40:20', 'admin', '2024-05-30 17:40:20', '372422196904221213', 490.00, '2024-05-01', '0', 1796114380440125440);
INSERT INTO `poor_subsidy` VALUES (1796114410328735744, '0', 'admin', '2024-05-30 17:40:20', 'admin', '2024-05-30 17:40:20', '371426201307071219', 1326.00, '2024-05-01', '0', 1796114380440125440);
INSERT INTO `poor_subsidy` VALUES (1796114411301814272, '0', 'admin', '2024-05-30 17:40:21', 'admin', '2024-05-30 17:40:21', '372422197504121218', 455.00, '2024-05-01', '0', 1796114380440125440);
INSERT INTO `poor_subsidy` VALUES (1796114411754799104, '0', 'admin', '2024-05-30 17:40:21', 'admin', '2024-05-30 17:40:21', '37242219701010125X', 1108.00, '2024-05-01', '0', 1796114380440125440);
INSERT INTO `poor_subsidy` VALUES (1796114413990363136, '0', 'admin', '2024-05-30 17:40:21', 'admin', '2024-05-30 17:40:21', '372422196403181217', 455.00, '2024-05-01', '0', 1796114380440125440);
INSERT INTO `poor_subsidy` VALUES (1796114419061276672, '0', 'admin', '2024-05-30 17:40:22', 'admin', '2024-05-30 17:40:22', '372422195708051232', 614.00, '2024-05-01', '0', 1796114380440125440);
INSERT INTO `poor_subsidy` VALUES (1796114422521577472, '0', 'admin', '2024-05-30 17:40:23', 'admin', '2024-05-30 17:40:23', '372422195506141221', 455.00, '2024-05-01', '0', 1796114380440125440);
INSERT INTO `poor_subsidy` VALUES (1796114423037476864, '0', 'admin', '2024-05-30 17:40:23', 'admin', '2024-05-30 17:40:23', '372422195006201224', 554.00, '2024-05-01', '0', 1796114380440125440);
INSERT INTO `poor_subsidy` VALUES (1796114427567325184, '0', 'admin', '2024-05-30 17:40:24', 'admin', '2024-05-30 17:40:24', '371426199601261216', 614.00, '2024-05-01', '0', 1796114380440125440);
INSERT INTO `poor_subsidy` VALUES (1796114428011921408, '0', 'admin', '2024-05-30 17:40:24', 'admin', '2024-05-30 17:40:24', '37242219700611121X', 455.00, '2024-05-01', '0', 1796114380440125440);
INSERT INTO `poor_subsidy` VALUES (1796114432462077952, '0', 'admin', '2024-05-30 17:40:26', 'admin', '2024-05-30 17:40:26', '37142619780801124X', 554.00, '2024-05-01', '0', 1796114380440125440);
INSERT INTO `poor_subsidy` VALUES (1796114432952811520, '0', 'admin', '2024-05-30 17:40:26', 'admin', '2024-05-30 17:40:26', '372422197001301217', 514.00, '2024-05-01', '0', 1796114380440125440);
INSERT INTO `poor_subsidy` VALUES (1796114433217052672, '0', 'admin', '2024-05-30 17:40:26', 'admin', '2024-05-30 17:40:26', '371426198406241215', 614.00, '2024-05-01', '0', 1796114380440125440);
INSERT INTO `poor_subsidy` VALUES (1796114433464516608, '0', 'admin', '2024-05-30 17:40:26', 'admin', '2024-05-30 17:40:26', '372422195402261245', 455.00, '2024-05-01', '0', 1796114380440125440);
INSERT INTO `poor_subsidy` VALUES (1796114433711980544, '0', 'admin', '2024-05-30 17:40:26', 'admin', '2024-05-30 17:40:26', '372422195507221223', 554.00, '2024-05-01', '0', 1796114380440125440);
INSERT INTO `poor_subsidy` VALUES (1796114435456811008, '0', 'admin', '2024-05-30 17:40:26', 'admin', '2024-05-30 17:40:26', '372422195504041251', 1108.00, '2024-05-01', '0', 1796114380440125440);
INSERT INTO `poor_subsidy` VALUES (1796114435716857856, '0', 'admin', '2024-05-30 17:40:26', 'admin', '2024-05-30 17:40:26', '372422195202131219', 1108.00, '2024-05-01', '0', 1796114380440125440);
INSERT INTO `poor_subsidy` VALUES (1796114438560595968, '0', 'admin', '2024-05-30 17:40:27', 'admin', '2024-05-30 17:40:27', '372422196112111219', 630.00, '2024-05-01', '0', 1796114380440125440);
INSERT INTO `poor_subsidy` VALUES (1796114440334786560, '0', 'admin', '2024-05-30 17:40:27', 'admin', '2024-05-30 17:40:27', '372422196305201210', 414.00, '2024-05-01', '0', 1796114380440125440);
INSERT INTO `poor_subsidy` VALUES (1796383549895139328, '0', 'admin', '2024-05-31 11:29:48', 'admin', '2024-05-31 11:29:48', '371426200701051211', 1500.00, '2023-12-01', '11', 1796383549739950080);
INSERT INTO `poor_subsidy` VALUES (1796383550301986816, '0', 'admin', '2024-05-31 11:29:48', 'admin', '2024-05-31 11:29:48', '37142620020710121X', 1500.00, '2023-12-01', '11', 1796383549739950080);
INSERT INTO `poor_subsidy` VALUES (1796383550511702016, '0', 'admin', '2024-05-31 11:29:48', 'admin', '2024-05-31 11:29:48', '371426200701171248', 1500.00, '2023-12-01', '11', 1796383549739950080);
INSERT INTO `poor_subsidy` VALUES (1796383550792720384, '0', 'admin', '2024-05-31 11:29:48', 'admin', '2024-05-31 11:29:48', '371426200410241226', 1500.00, '2023-12-01', '11', 1796383549739950080);
INSERT INTO `poor_subsidy` VALUES (1796383551002435584, '0', 'admin', '2024-05-31 11:29:48', 'admin', '2024-05-31 11:29:48', '371426200412071224', 1500.00, '2023-12-01', '11', 1796383549739950080);
INSERT INTO `poor_subsidy` VALUES (1796383551279259648, '0', 'admin', '2024-05-31 11:29:48', 'admin', '2024-05-31 11:29:48', '371426200805211216', 1500.00, '2023-12-01', '11', 1796383549739950080);
INSERT INTO `poor_subsidy` VALUES (1796384755677847552, '0', 'admin', '2024-05-31 11:34:36', 'admin', '2024-05-31 11:34:36', '371426200701051211', 1500.00, '2024-05-01', '11', 1796384755401023488);
INSERT INTO `poor_subsidy` VALUES (1796384755954671616, '0', 'admin', '2024-05-31 11:34:36', 'admin', '2024-05-31 11:34:36', '37142620020710121X', 1500.00, '2024-05-01', '11', 1796384755401023488);
INSERT INTO `poor_subsidy` VALUES (1796384756164386816, '0', 'admin', '2024-05-31 11:34:36', 'admin', '2024-05-31 11:34:36', '371426200701171248', 1500.00, '2024-05-01', '11', 1796384755401023488);
INSERT INTO `poor_subsidy` VALUES (1796384756449599488, '0', 'admin', '2024-05-31 11:34:36', 'admin', '2024-05-31 11:34:36', '371426200410241226', 1500.00, '2024-05-01', '11', 1796384755401023488);
INSERT INTO `poor_subsidy` VALUES (1796384756797726720, '0', 'admin', '2024-05-31 11:34:36', 'admin', '2024-05-31 11:34:36', '371426200412071224', 1500.00, '2024-05-01', '11', 1796384755401023488);
INSERT INTO `poor_subsidy` VALUES (1796384757070356480, '0', 'admin', '2024-05-31 11:34:36', 'admin', '2024-05-31 11:34:36', '371426200805211216', 1500.00, '2024-05-01', '11', 1796384755401023488);
INSERT INTO `poor_subsidy` VALUES (1796462111874912256, '0', 'admin', '2024-05-31 16:41:59', 'admin', '2024-05-31 16:41:59', '372422195204211212', 176.31, '2024-05-01', '6', 1796462103511470080);
INSERT INTO `poor_subsidy` VALUES (1796462191197589504, '0', 'admin', '2024-05-31 16:42:18', 'admin', '2024-05-31 16:42:18', '372422195503251230', 179.60, '2024-05-01', '6', 1796462103511470080);
INSERT INTO `poor_subsidy` VALUES (1796462192074199040, '0', 'admin', '2024-05-31 16:42:18', 'admin', '2024-05-31 16:42:18', '372422195510101249', 181.20, '2024-05-01', '6', 1796462103511470080);
INSERT INTO `poor_subsidy` VALUES (1796462192246165504, '0', 'admin', '2024-05-31 16:42:18', 'admin', '2024-05-31 16:42:18', '37242219551011121X', 179.40, '2024-05-01', '6', 1796462103511470080);
INSERT INTO `poor_subsidy` VALUES (1796462194083270656, '0', 'admin', '2024-05-31 16:42:18', 'admin', '2024-05-31 16:42:18', '372422195704181224', 186.30, '2024-05-01', '6', 1796462103511470080);
INSERT INTO `poor_subsidy` VALUES (1796462214215929856, '0', 'admin', '2024-05-31 16:42:23', 'admin', '2024-05-31 16:42:23', '372422193911221226', 178.00, '2024-05-01', '6', 1796462103511470080);
INSERT INTO `poor_subsidy` VALUES (1796462214383702016, '0', 'admin', '2024-05-31 16:42:23', 'admin', '2024-05-31 16:42:23', '372422194007181216', 178.00, '2024-05-01', '6', 1796462103511470080);
INSERT INTO `poor_subsidy` VALUES (1796462223695056896, '0', 'admin', '2024-05-31 16:42:25', 'admin', '2024-05-31 16:42:25', '37242219520426121X', 174.87, '2024-05-01', '6', 1796462103511470080);
INSERT INTO `poor_subsidy` VALUES (1796462226110976000, '0', 'admin', '2024-05-31 16:42:26', 'admin', '2024-05-31 16:42:26', '372422195403211215', 178.00, '2024-05-01', '6', 1796462103511470080);
INSERT INTO `poor_subsidy` VALUES (1796462231450324992, '0', 'admin', '2024-05-31 16:42:27', 'admin', '2024-05-31 16:42:27', '372422195610051234', 184.00, '2024-05-01', '6', 1796462103511470080);
INSERT INTO `poor_subsidy` VALUES (1796462234944180224, '0', 'admin', '2024-05-31 16:42:28', 'admin', '2024-05-31 16:42:28', '372422196112111219', 177.00, '2024-05-01', '6', 1796462103511470080);
INSERT INTO `poor_subsidy` VALUES (1796462240220614656, '0', 'admin', '2024-05-31 16:42:29', 'admin', '2024-05-31 16:42:29', '372422196307031227', 206.00, '2024-05-01', '6', 1796462103511470080);
INSERT INTO `poor_subsidy` VALUES (1796462246864392192, '0', 'admin', '2024-05-31 16:42:31', 'admin', '2024-05-31 16:42:31', '372422195004161214', 173.00, '2024-05-01', '6', 1796462103511470080);
INSERT INTO `poor_subsidy` VALUES (1796462250559574016, '0', 'admin', '2024-05-31 16:42:32', 'admin', '2024-05-31 16:42:32', '372422195505081220', 181.10, '2024-05-01', '6', 1796462103511470080);
INSERT INTO `poor_subsidy` VALUES (1796462251717201920, '0', 'admin', '2024-05-31 16:42:32', 'admin', '2024-05-31 16:42:32', '372422195610121239', 184.00, '2024-05-01', '6', 1796462103511470080);
INSERT INTO `poor_subsidy` VALUES (1796462266346934272, '0', 'admin', '2024-05-31 16:42:36', 'admin', '2024-05-31 16:42:36', '372422195007251223', 173.00, '2024-05-01', '6', 1796462103511470080);
INSERT INTO `poor_subsidy` VALUES (1796462278728519680, '0', 'admin', '2024-05-31 16:42:39', 'admin', '2024-05-31 16:42:39', '372422195701221219', 185.00, '2024-05-01', '6', 1796462103511470080);
INSERT INTO `poor_subsidy` VALUES (1796462291810553856, '0', 'admin', '2024-05-31 16:42:42', 'admin', '2024-05-31 16:42:42', '372422193709131219', 178.00, '2024-05-01', '6', 1796462103511470080);
INSERT INTO `poor_subsidy` VALUES (1796462293316308992, '0', 'admin', '2024-05-31 16:42:42', 'admin', '2024-05-31 16:42:42', '372422194306051227', 178.00, '2024-05-01', '6', 1796462103511470080);
INSERT INTO `poor_subsidy` VALUES (1796462296151658496, '0', 'admin', '2024-05-31 16:42:43', 'admin', '2024-05-31 16:42:43', '372422195006201224', 173.00, '2024-05-01', '6', 1796462103511470080);
INSERT INTO `poor_subsidy` VALUES (1796462297917460480, '0', 'admin', '2024-05-31 16:42:43', 'admin', '2024-05-31 16:42:43', '372422195201091219', 174.87, '2024-05-01', '6', 1796462103511470080);
INSERT INTO `poor_subsidy` VALUES (1796462300408877056, '0', 'admin', '2024-05-31 16:42:44', 'admin', '2024-05-31 16:42:44', '372422195502051210', 181.00, '2024-05-01', '6', 1796462103511470080);
INSERT INTO `poor_subsidy` VALUES (1796462300840890368, '0', 'admin', '2024-05-31 16:42:44', 'admin', '2024-05-31 16:42:44', '372422195506141221', 178.10, '2024-05-01', '6', 1796462103511470080);
INSERT INTO `poor_subsidy` VALUES (1796462302468280320, '0', 'admin', '2024-05-31 16:42:44', 'admin', '2024-05-31 16:42:44', '372422195705201223', 180.40, '2024-05-01', '6', 1796462103511470080);
INSERT INTO `poor_subsidy` VALUES (1796462316439506944, '0', 'admin', '2024-05-31 16:42:48', 'admin', '2024-05-31 16:42:48', '37242219550602122X', 181.10, '2024-05-01', '6', 1796462103511470080);
INSERT INTO `poor_subsidy` VALUES (1796462389491699712, '0', 'admin', '2024-05-31 16:43:05', 'admin', '2024-05-31 16:43:05', '372422195508161226', 181.10, '2024-05-01', '6', 1796462103511470080);
INSERT INTO `poor_subsidy` VALUES (1796462402317881344, '0', 'admin', '2024-05-31 16:43:08', 'admin', '2024-05-31 16:43:08', '37242219431108121X', 178.00, '2024-05-01', '6', 1796462103511470080);
INSERT INTO `poor_subsidy` VALUES (1796462406684151808, '0', 'admin', '2024-05-31 16:43:09', 'admin', '2024-05-31 16:43:09', '372422195105071218', 173.00, '2024-05-01', '6', 1796462103511470080);
INSERT INTO `poor_subsidy` VALUES (1796462410022817792, '0', 'admin', '2024-05-31 16:43:10', 'admin', '2024-05-31 16:43:10', '372422195701101225', 186.50, '2024-05-01', '6', 1796462103511470080);
INSERT INTO `poor_subsidy` VALUES (1796462411188834304, '0', 'admin', '2024-05-31 16:43:10', 'admin', '2024-05-31 16:43:10', '372422196112101213', 173.90, '2024-05-01', '6', 1796462103511470080);
INSERT INTO `poor_subsidy` VALUES (1796462437608755200, '0', 'admin', '2024-05-31 16:43:16', 'admin', '2024-05-31 16:43:16', '372422193805061249', 178.00, '2024-05-01', '6', 1796462103511470080);
INSERT INTO `poor_subsidy` VALUES (1796462438451810304, '0', 'admin', '2024-05-31 16:43:17', 'admin', '2024-05-31 16:43:17', '372422194309221236', 178.00, '2024-05-01', '6', 1796462103511470080);
INSERT INTO `poor_subsidy` VALUES (1796462439278088192, '0', 'admin', '2024-05-31 16:43:17', 'admin', '2024-05-31 16:43:17', '372422194612071226', 178.00, '2024-05-01', '6', 1796462103511470080);
INSERT INTO `poor_subsidy` VALUES (1796462451571593216, '0', 'admin', '2024-05-31 16:43:20', 'admin', '2024-05-31 16:43:20', '37242219580921124X', 191.50, '2024-05-01', '6', 1796462103511470080);
INSERT INTO `poor_subsidy` VALUES (1796462489265803264, '0', 'admin', '2024-05-31 16:43:29', 'admin', '2024-05-31 16:43:29', '372422195609091212', 184.00, '2024-05-01', '6', 1796462103511470080);
INSERT INTO `poor_subsidy` VALUES (1796462498258391040, '0', 'admin', '2024-05-31 16:43:31', 'admin', '2024-05-31 16:43:31', '372422193703201239', 178.00, '2024-05-01', '6', 1796462103511470080);
INSERT INTO `poor_subsidy` VALUES (1796462513089449984, '0', 'admin', '2024-05-31 16:43:34', 'admin', '2024-05-31 16:43:34', '372422195706101216', 183.60, '2024-05-01', '6', 1796462103511470080);
INSERT INTO `poor_subsidy` VALUES (1796462523550044160, '0', 'admin', '2024-05-31 16:43:37', 'admin', '2024-05-31 16:43:37', '372422193912271217', 178.00, '2024-05-01', '6', 1796462103511470080);
INSERT INTO `poor_subsidy` VALUES (1796462526540582912, '0', 'admin', '2024-05-31 16:43:38', 'admin', '2024-05-31 16:43:38', '372422194604011215', 178.00, '2024-05-01', '6', 1796462103511470080);
INSERT INTO `poor_subsidy` VALUES (1796462527874371584, '0', 'admin', '2024-05-31 16:43:38', 'admin', '2024-05-31 16:43:38', '372422194705011222', 178.00, '2024-05-01', '6', 1796462103511470080);
INSERT INTO `poor_subsidy` VALUES (1796462546824237056, '0', 'admin', '2024-05-31 16:43:42', 'admin', '2024-05-31 16:43:42', '372422195408081253', 178.40, '2024-05-01', '6', 1796462103511470080);
INSERT INTO `poor_subsidy` VALUES (1796462595738210304, '0', 'admin', '2024-05-31 16:43:54', 'admin', '2024-05-31 16:43:54', '372422195508291215', 181.10, '2024-05-01', '6', 1796462103511470080);
INSERT INTO `poor_subsidy` VALUES (1796462599869599744, '0', 'admin', '2024-05-31 16:43:55', 'admin', '2024-05-31 16:43:55', '372422195708051232', 185.90, '2024-05-01', '6', 1796462103511470080);
INSERT INTO `poor_subsidy` VALUES (1796462609302589440, '0', 'admin', '2024-05-31 16:43:57', 'admin', '2024-05-31 16:43:57', '372424196510120041', 173.30, '2024-05-01', '6', 1796462103511470080);
INSERT INTO `poor_subsidy` VALUES (1796462612444123136, '0', 'admin', '2024-05-31 16:43:58', 'admin', '2024-05-31 16:43:58', '372422194102061220', 178.00, '2024-05-01', '6', 1796462103511470080);
INSERT INTO `poor_subsidy` VALUES (1796462615745040384, '0', 'admin', '2024-05-31 16:43:59', 'admin', '2024-05-31 16:43:59', '372422194508121211', 178.00, '2024-05-01', '6', 1796462103511470080);
INSERT INTO `poor_subsidy` VALUES (1796462618903351296, '0', 'admin', '2024-05-31 16:44:00', 'admin', '2024-05-31 16:44:00', '372422194810281224', 178.00, '2024-05-01', '6', 1796462103511470080);
INSERT INTO `poor_subsidy` VALUES (1796462619574439936, '0', 'admin', '2024-05-31 16:44:00', 'admin', '2024-05-31 16:44:00', '372422194902031222', 178.00, '2024-05-01', '6', 1796462103511470080);
INSERT INTO `poor_subsidy` VALUES (1796462627229044736, '0', 'admin', '2024-05-31 16:44:02', 'admin', '2024-05-31 16:44:02', '372422195308031232', 175.80, '2024-05-01', '6', 1796462103511470080);
INSERT INTO `poor_subsidy` VALUES (1796462634216755200, '0', 'admin', '2024-05-31 16:44:03', 'admin', '2024-05-31 16:44:03', '372422195601171226', 183.60, '2024-05-01', '6', 1796462103511470080);
INSERT INTO `poor_subsidy` VALUES (1796462640021671936, '0', 'admin', '2024-05-31 16:44:05', 'admin', '2024-05-31 16:44:05', '372422195809201244', 190.20, '2024-05-01', '6', 1796462103511470080);
INSERT INTO `poor_subsidy` VALUES (1796462645331660800, '0', 'admin', '2024-05-31 16:44:06', 'admin', '2024-05-31 16:44:06', '372422196305201210', 178.90, '2024-05-01', '6', 1796462103511470080);
INSERT INTO `poor_subsidy` VALUES (1796462794971844608, '0', 'admin', '2024-05-31 16:44:42', 'admin', '2024-05-31 16:44:42', '372422196406061245', 173.40, '2024-05-01', '6', 1796462103511470080);
INSERT INTO `poor_subsidy` VALUES (1796462795294806016, '0', 'admin', '2024-05-31 16:44:42', 'admin', '2024-05-31 16:44:42', '372422196504041213', 185.80, '2024-05-01', '6', 1796462103511470080);
INSERT INTO `poor_subsidy` VALUES (1796462801842114560, '0', 'admin', '2024-05-31 16:44:43', 'admin', '2024-05-31 16:44:43', '372422195402261245', 178.90, '2024-05-01', '6', 1796462103511470080);
INSERT INTO `poor_subsidy` VALUES (1796462803003936768, '0', 'admin', '2024-05-31 16:44:44', 'admin', '2024-05-31 16:44:44', '372422195507221223', 179.60, '2024-05-01', '6', 1796462103511470080);
INSERT INTO `poor_subsidy` VALUES (1796462815360356352, '0', 'admin', '2024-05-31 16:44:47', 'admin', '2024-05-31 16:44:47', '37242219570714121X', 186.70, '2024-05-01', '6', 1796462103511470080);
INSERT INTO `poor_subsidy` VALUES (1796462828199120896, '0', 'admin', '2024-05-31 16:44:50', 'admin', '2024-05-31 16:44:50', '372422195404051225', 178.20, '2024-05-01', '6', 1796462103511470080);
INSERT INTO `poor_subsidy` VALUES (1796462839179808768, '0', 'admin', '2024-05-31 16:44:52', 'admin', '2024-05-31 16:44:52', '372422195708291252', 187.60, '2024-05-01', '6', 1796462103511470080);
INSERT INTO `poor_subsidy` VALUES (1796462843156008960, '0', 'admin', '2024-05-31 16:44:53', 'admin', '2024-05-31 16:44:53', '372422194101081238', 178.00, '2024-05-01', '6', 1796462103511470080);
INSERT INTO `poor_subsidy` VALUES (1796462843655131136, '0', 'admin', '2024-05-31 16:44:53', 'admin', '2024-05-31 16:44:53', '372422194507171241', 178.00, '2024-05-01', '6', 1796462103511470080);
INSERT INTO `poor_subsidy` VALUES (1796462853008429056, '0', 'admin', '2024-05-31 16:44:55', 'admin', '2024-05-31 16:44:55', '372422195707061260', 186.70, '2024-05-01', '6', 1796462103511470080);
INSERT INTO `poor_subsidy` VALUES (1796462913007947776, '0', 'admin', '2024-05-31 16:45:10', 'admin', '2024-05-31 16:45:10', '372422194902051231', 178.00, '2024-05-01', '6', 1796462103511470080);
INSERT INTO `poor_subsidy` VALUES (1796462914677280768, '0', 'admin', '2024-05-31 16:45:10', 'admin', '2024-05-31 16:45:10', '372422195008121228', 173.00, '2024-05-01', '6', 1796462103511470080);
INSERT INTO `poor_subsidy` VALUES (1796462916656992256, '0', 'admin', '2024-05-31 16:45:11', 'admin', '2024-05-31 16:45:11', '372422195204281229', 174.87, '2024-05-01', '6', 1796462103511470080);
INSERT INTO `poor_subsidy` VALUES (1796462916824764416, '0', 'admin', '2024-05-31 16:45:11', 'admin', '2024-05-31 16:45:11', '37242219520515124X', 174.87, '2024-05-01', '6', 1796462103511470080);
INSERT INTO `poor_subsidy` VALUES (1796462954078572544, '0', 'admin', '2024-05-31 16:45:20', 'admin', '2024-05-31 16:45:20', '372422193912191217', 178.00, '2024-05-01', '6', 1796462103511470080);
INSERT INTO `poor_subsidy` VALUES (1796462958537117696, '0', 'admin', '2024-05-31 16:45:21', 'admin', '2024-05-31 16:45:21', '372422194708151247', 178.00, '2024-05-01', '6', 1796462103511470080);
INSERT INTO `poor_subsidy` VALUES (1796462966636318720, '0', 'admin', '2024-05-31 16:45:23', 'admin', '2024-05-31 16:45:23', '37242219520227122X', 174.87, '2024-05-01', '6', 1796462103511470080);
INSERT INTO `poor_subsidy` VALUES (1796462966980251648, '0', 'admin', '2024-05-31 16:45:23', 'admin', '2024-05-31 16:45:23', '372422195204011210', 174.87, '2024-05-01', '6', 1796462103511470080);
INSERT INTO `poor_subsidy` VALUES (1796462968808968192, '0', 'admin', '2024-05-31 16:45:23', 'admin', '2024-05-31 16:45:23', '372422195310071217', 175.80, '2024-05-01', '6', 1796462103511470080);
INSERT INTO `poor_subsidy` VALUES (1796462974110568448, '0', 'admin', '2024-05-31 16:45:24', 'admin', '2024-05-31 16:45:24', '372422195509251223', 181.20, '2024-05-01', '6', 1796462103511470080);
INSERT INTO `poor_subsidy` VALUES (1796463020910612480, '0', 'admin', '2024-05-31 16:45:36', 'admin', '2024-05-31 16:45:36', '372422195602141213', 183.70, '2024-05-01', '6', 1796462103511470080);
INSERT INTO `poor_subsidy` VALUES (1796463021246156800, '0', 'admin', '2024-05-31 16:45:36', 'admin', '2024-05-31 16:45:36', '372422195604101231', 183.70, '2024-05-01', '6', 1796462103511470080);
INSERT INTO `poor_subsidy` VALUES (1796463023724990464, '0', 'admin', '2024-05-31 16:45:36', 'admin', '2024-05-31 16:45:36', '372422195806051260', 191.10, '2024-05-01', '6', 1796462103511470080);
INSERT INTO `poor_subsidy` VALUES (1796463060865552384, '0', 'admin', '2024-05-31 16:45:45', 'admin', '2024-05-31 16:45:45', '372422195202131219', 174.87, '2024-05-01', '6', 1796462103511470080);
INSERT INTO `poor_subsidy` VALUES (1796463063709290496, '0', 'admin', '2024-05-31 16:45:46', 'admin', '2024-05-31 16:45:46', '372422195504041251', 181.00, '2024-05-01', '6', 1796462103511470080);
INSERT INTO `poor_subsidy` VALUES (1796463064707534848, '0', 'admin', '2024-05-31 16:45:46', 'admin', '2024-05-31 16:45:46', '372422195604291215', 178.20, '2024-05-01', '6', 1796462103511470080);
INSERT INTO `poor_subsidy` VALUES (1796463067861651456, '0', 'admin', '2024-05-31 16:45:47', 'admin', '2024-05-31 16:45:47', '372422196009031229', 189.80, '2024-05-01', '6', 1796462103511470080);
INSERT INTO `poor_subsidy` VALUES (1796463071007379456, '0', 'admin', '2024-05-31 16:45:47', 'admin', '2024-05-31 16:45:47', '372422196802191228', 187.10, '2024-05-01', '6', 1796462103511470080);
INSERT INTO `poor_subsidy` VALUES (1796471401436188672, '0', 'admin', '2024-05-31 17:18:54', 'admin', '2024-05-31 17:18:54', '371426199102051230', 450.00, '2024-05-01', '7', 1796471388287045632);
INSERT INTO `poor_subsidy` VALUES (1796471405177507840, '0', 'admin', '2024-05-31 17:18:54', 'admin', '2024-05-31 17:18:54', '372422197202251236', 350.00, '2024-05-01', '7', 1796471388287045632);
INSERT INTO `poor_subsidy` VALUES (1796471409996763136, '0', 'admin', '2024-05-31 17:18:56', 'admin', '2024-05-31 17:18:56', '372422197303101229', 550.00, '2024-05-01', '7', 1796471388287045632);
INSERT INTO `poor_subsidy` VALUES (1796471443265982464, '0', 'admin', '2024-05-31 17:19:04', 'admin', '2024-05-31 17:19:04', '372422196510161211', 350.00, '2024-05-01', '7', 1796471388287045632);
INSERT INTO `poor_subsidy` VALUES (1796477959293407232, '0', 'admin', '2024-05-31 17:44:57', 'admin', '2024-05-31 17:44:57', '372422197102241217', 2898.00, '2023-12-01', '8', 1796477959234686976);
INSERT INTO `poor_subsidy` VALUES (1796477959767363584, '0', 'admin', '2024-05-31 17:44:57', 'admin', '2024-05-31 17:44:57', '372422195503251230', 2898.00, '2023-12-01', '8', 1796477959234686976);
INSERT INTO `poor_subsidy` VALUES (1796477959930941440, '0', 'admin', '2024-05-31 17:44:57', 'admin', '2024-05-31 17:44:57', '371426198610251277', 2898.00, '2023-12-01', '8', 1796477959234686976);
INSERT INTO `poor_subsidy` VALUES (1796477960098713600, '0', 'admin', '2024-05-31 17:44:57', 'admin', '2024-05-31 17:44:57', '372422195004161214', 2898.00, '2023-12-01', '8', 1796477959234686976);
INSERT INTO `poor_subsidy` VALUES (1796477960262291456, '0', 'admin', '2024-05-31 17:44:57', 'admin', '2024-05-31 17:44:57', '372422195403211215', 2898.00, '2023-12-01', '8', 1796477959234686976);
INSERT INTO `poor_subsidy` VALUES (1796477960430063616, '0', 'admin', '2024-05-31 17:44:57', 'admin', '2024-05-31 17:44:57', '372422195610051234', 2898.00, '2023-12-01', '8', 1796477959234686976);
INSERT INTO `poor_subsidy` VALUES (1796477960597835776, '0', 'admin', '2024-05-31 17:44:57', 'admin', '2024-05-31 17:44:57', '372422195701221219', 2898.00, '2023-12-01', '8', 1796477959234686976);
INSERT INTO `poor_subsidy` VALUES (1796477960761413632, '0', 'admin', '2024-05-31 17:44:57', 'admin', '2024-05-31 17:44:57', '372422195201091219', 2898.00, '2023-12-01', '8', 1796477959234686976);
INSERT INTO `poor_subsidy` VALUES (1796477960933380096, '0', 'admin', '2024-05-31 17:44:57', 'admin', '2024-05-31 17:44:57', '372422195609091212', 2898.00, '2023-12-01', '8', 1796477959234686976);
INSERT INTO `poor_subsidy` VALUES (1796477961096957952, '0', 'admin', '2024-05-31 17:44:58', 'admin', '2024-05-31 17:44:58', '372422197301291217', 2898.00, '2023-12-01', '8', 1796477959234686976);
INSERT INTO `poor_subsidy` VALUES (1796477961260535808, '0', 'admin', '2024-05-31 17:44:58', 'admin', '2024-05-31 17:44:58', '372422195105071218', 2898.00, '2023-12-01', '8', 1796477959234686976);
INSERT INTO `poor_subsidy` VALUES (1796477961428307968, '0', 'admin', '2024-05-31 17:44:58', 'admin', '2024-05-31 17:44:58', '372422194604011215', 2898.00, '2023-12-01', '8', 1796477959234686976);
INSERT INTO `poor_subsidy` VALUES (1796477961591885824, '0', 'admin', '2024-05-31 17:44:58', 'admin', '2024-05-31 17:44:58', '372422195508291215', 2898.00, '2023-12-01', '8', 1796477959234686976);
INSERT INTO `poor_subsidy` VALUES (1796477961751269376, '0', 'admin', '2024-05-31 17:44:58', 'admin', '2024-05-31 17:44:58', '372422197005271211', 2898.00, '2023-12-01', '8', 1796477959234686976);
INSERT INTO `poor_subsidy` VALUES (1796477961923235840, '0', 'admin', '2024-05-31 17:44:58', 'admin', '2024-05-31 17:44:58', '372422195308031232', 2898.00, '2023-12-01', '8', 1796477959234686976);
INSERT INTO `poor_subsidy` VALUES (1796477962086813696, '0', 'admin', '2024-05-31 17:44:58', 'admin', '2024-05-31 17:44:58', '372422196510161211', 2898.00, '2023-12-01', '8', 1796477959234686976);
INSERT INTO `poor_subsidy` VALUES (1796477962267168768, '0', 'admin', '2024-05-31 17:44:58', 'admin', '2024-05-31 17:44:58', '372422196912281216', 2898.00, '2023-12-01', '8', 1796477959234686976);
INSERT INTO `poor_subsidy` VALUES (1796477962430746624, '0', 'admin', '2024-05-31 17:44:58', 'admin', '2024-05-31 17:44:58', '372422195602141213', 2898.00, '2023-12-01', '8', 1796477959234686976);
INSERT INTO `poor_subsidy` VALUES (1796477962598518784, '0', 'admin', '2024-05-31 17:44:58', 'admin', '2024-05-31 17:44:58', '372422195604101231', 2898.00, '2023-12-01', '8', 1796477959234686976);
INSERT INTO `poor_subsidy` VALUES (1796477962770485248, '0', 'admin', '2024-05-31 17:44:58', 'admin', '2024-05-31 17:44:58', '372422196009031229', 2898.00, '2023-12-01', '8', 1796477959234686976);
INSERT INTO `poor_subsidy` VALUES (1796477962934063104, '0', 'admin', '2024-05-31 17:44:58', 'admin', '2024-05-31 17:44:58', '372422195708291252', 2898.00, '2023-12-01', '8', 1796477959234686976);
INSERT INTO `poor_subsidy` VALUES (1796477963101835264, '0', 'admin', '2024-05-31 17:44:58', 'admin', '2024-05-31 17:44:58', '372422197810191257', 2898.00, '2023-12-01', '8', 1796477959234686976);
INSERT INTO `poor_subsidy` VALUES (1796477963273801728, '0', 'admin', '2024-05-31 17:44:58', 'admin', '2024-05-31 17:44:58', '372422197210027242', 2898.00, '2023-12-01', '8', 1796477959234686976);
INSERT INTO `poor_subsidy` VALUES (1796477963437379584, '0', 'admin', '2024-05-31 17:44:58', 'admin', '2024-05-31 17:44:58', '372422197504121218', 2898.00, '2023-12-01', '8', 1796477959234686976);
INSERT INTO `poor_subsidy` VALUES (1797206095711666176, '0', 'admin', '2024-06-02 17:58:18', 'admin', '2024-06-02 17:58:18', '372422197207091251', 130.00, '2024-05-01', '12', 1797206090305208320);
INSERT INTO `poor_subsidy` VALUES (1797206098177916928, '0', 'admin', '2024-06-02 17:58:19', 'admin', '2024-06-02 17:58:19', '372422197303101229', 130.00, '2024-05-01', '12', 1797206090305208320);
INSERT INTO `poor_subsidy` VALUES (1797206100698693632, '0', 'admin', '2024-06-02 17:58:20', 'admin', '2024-06-02 17:58:20', '372422197301291217', 130.00, '2024-05-01', '12', 1797206090305208320);
INSERT INTO `poor_subsidy` VALUES (1797206103152361472, '0', 'admin', '2024-06-02 17:58:20', 'admin', '2024-06-02 17:58:20', '372423197606082543', 130.00, '2024-05-01', '12', 1797206090305208320);
INSERT INTO `poor_subsidy` VALUES (1797206103445962752, '0', 'admin', '2024-06-02 17:58:20', 'admin', '2024-06-02 17:58:20', '371426199508201235', 130.00, '2024-05-01', '12', 1797206090305208320);
INSERT INTO `poor_subsidy` VALUES (1797206104037359616, '0', 'admin', '2024-06-02 17:58:20', 'admin', '2024-06-02 17:58:20', '372422197409271242', 130.00, '2024-05-01', '12', 1797206090305208320);
INSERT INTO `poor_subsidy` VALUES (1797206110198792192, '0', 'admin', '2024-06-02 17:58:22', 'admin', '2024-06-02 17:58:22', '372422197510251238', 130.00, '2024-05-01', '12', 1797206090305208320);
INSERT INTO `poor_subsidy` VALUES (1797206114078523392, '0', 'admin', '2024-06-02 17:58:23', 'admin', '2024-06-02 17:58:23', '371426199601261216', 130.00, '2024-05-01', '12', 1797206090305208320);
INSERT INTO `poor_subsidy` VALUES (1797206122504880128, '0', 'admin', '2024-06-02 17:58:25', 'admin', '2024-06-02 17:58:25', '37142619780801124X', 130.00, '2024-05-01', '12', 1797206090305208320);
INSERT INTO `poor_subsidy` VALUES (1797206123738005504, '0', 'admin', '2024-06-02 17:58:25', 'admin', '2024-06-02 17:58:25', '372422197810191257', 130.00, '2024-05-01', '12', 1797206090305208320);
INSERT INTO `poor_subsidy` VALUES (1797206129844912128, '0', 'admin', '2024-06-02 17:58:26', 'admin', '2024-06-02 17:58:26', '37242219701219121X', 130.00, '2024-05-01', '12', 1797206090305208320);
INSERT INTO `poor_subsidy` VALUES (1797206133439430656, '0', 'admin', '2024-06-02 17:58:27', 'admin', '2024-06-02 17:58:27', '371426197108137618', 130.00, '2024-05-01', '12', 1797206090305208320);
INSERT INTO `poor_subsidy` VALUES (1797206136400609280, '0', 'admin', '2024-06-02 17:58:28', 'admin', '2024-06-02 17:58:28', '372422197210027242', 130.00, '2024-05-01', '12', 1797206090305208320);
INSERT INTO `poor_subsidy` VALUES (1797206142331355136, '0', 'admin', '2024-06-02 17:58:29', 'admin', '2024-06-02 17:58:29', '371426198001201215', 130.00, '2024-05-01', '12', 1797206090305208320);
INSERT INTO `poor_subsidy` VALUES (1797206143816138752, '0', 'admin', '2024-06-02 17:58:30', 'admin', '2024-06-02 17:58:30', '37142619740209126X', 130.00, '2024-05-01', '12', 1797206090305208320);
INSERT INTO `poor_subsidy` VALUES (1797206145045069824, '0', 'admin', '2024-06-02 17:58:30', 'admin', '2024-06-02 17:58:30', '371426198610251277', 130.00, '2024-05-01', '12', 1797206090305208320);
INSERT INTO `poor_subsidy` VALUES (1797206145967816704, '0', 'admin', '2024-06-02 17:58:30', 'admin', '2024-06-02 17:58:30', '372422197502201257', 130.00, '2024-05-01', '12', 1797206090305208320);
INSERT INTO `poor_subsidy` VALUES (1797206146261417984, '0', 'admin', '2024-06-02 17:58:30', 'admin', '2024-06-02 17:58:30', '372423197301011947', 130.00, '2024-05-01', '12', 1797206090305208320);
INSERT INTO `poor_subsidy` VALUES (1797206148350181376, '0', 'admin', '2024-06-02 17:58:31', 'admin', '2024-06-02 17:58:31', '37142620050606122X', 130.00, '2024-05-01', '12', 1797206090305208320);
INSERT INTO `poor_subsidy` VALUES (1797206150124371968, '0', 'admin', '2024-06-02 17:58:31', 'admin', '2024-06-02 17:58:31', '372422197607251218', 130.00, '2024-05-01', '12', 1797206090305208320);
INSERT INTO `poor_subsidy` VALUES (1797206150417973248, '0', 'admin', '2024-06-02 17:58:31', 'admin', '2024-06-02 17:58:31', '372422197501021211', 130.00, '2024-05-01', '12', 1797206090305208320);
INSERT INTO `poor_subsidy` VALUES (1797206151055507456, '0', 'admin', '2024-06-02 17:58:32', 'admin', '2024-06-02 17:58:32', '371325197306102318', 130.00, '2024-05-01', '12', 1797206090305208320);
INSERT INTO `poor_subsidy` VALUES (1797206151424606208, '0', 'admin', '2024-06-02 17:58:32', 'admin', '2024-06-02 17:58:32', '372422197411171224', 130.00, '2024-05-01', '12', 1797206090305208320);
INSERT INTO `poor_subsidy` VALUES (1797206154570334208, '0', 'admin', '2024-06-02 17:58:32', 'admin', '2024-06-02 17:58:32', '372422196912281216', 130.00, '2024-05-01', '12', 1797206090305208320);
INSERT INTO `poor_subsidy` VALUES (1797206155446943744, '0', 'admin', '2024-06-02 17:58:33', 'admin', '2024-06-02 17:58:33', '372422196904221213', 130.00, '2024-05-01', '12', 1797206090305208320);
INSERT INTO `poor_subsidy` VALUES (1797206155774099456, '0', 'admin', '2024-06-02 17:58:33', 'admin', '2024-06-02 17:58:33', '372422197608241230', 130.00, '2024-05-01', '12', 1797206090305208320);
INSERT INTO `poor_subsidy` VALUES (1797206156126420992, '0', 'admin', '2024-06-02 17:58:33', 'admin', '2024-06-02 17:58:33', '371427198102131961', 130.00, '2024-05-01', '12', 1797206090305208320);
INSERT INTO `poor_subsidy` VALUES (1797206156415827968, '0', 'admin', '2024-06-02 17:58:33', 'admin', '2024-06-02 17:58:33', '372422197504121218', 130.00, '2024-05-01', '12', 1797206090305208320);
INSERT INTO `poor_subsidy` VALUES (1797206156713623552, '0', 'admin', '2024-06-02 17:58:33', 'admin', '2024-06-02 17:58:33', '37242219701010125X', 130.00, '2024-05-01', '12', 1797206090305208320);
INSERT INTO `poor_subsidy` VALUES (1797206163244154880, '0', 'admin', '2024-06-02 17:58:34', 'admin', '2024-06-02 17:58:34', '37242219700611121X', 130.00, '2024-05-01', '12', 1797206090305208320);
INSERT INTO `poor_subsidy` VALUES (1797206166226305024, '0', 'admin', '2024-06-02 17:58:35', 'admin', '2024-06-02 17:58:35', '372422197001301217', 130.00, '2024-05-01', '12', 1797206090305208320);
INSERT INTO `poor_subsidy` VALUES (1797206166519906304, '0', 'admin', '2024-06-02 17:58:35', 'admin', '2024-06-02 17:58:35', '371426198406241215', 130.00, '2024-05-01', '12', 1797206090305208320);
INSERT INTO `poor_subsidy` VALUES (1797206169598525440, '0', 'admin', '2024-06-02 17:58:36', 'admin', '2024-06-02 17:58:36', '372422196805051220', 130.00, '2024-05-01', '12', 1797206090305208320);
INSERT INTO `poor_subsidy` VALUES (1797206169887932416, '0', 'admin', '2024-06-02 17:58:36', 'admin', '2024-06-02 17:58:36', '371426197508142010', 130.00, '2024-05-01', '12', 1797206090305208320);
INSERT INTO `poor_subsidy` VALUES (1797206170177339392, '0', 'admin', '2024-06-02 17:58:36', 'admin', '2024-06-02 17:58:36', '371426200101221221', 130.00, '2024-05-01', '12', 1797206090305208320);
INSERT INTO `poor_subsidy` VALUES (1797206170479329280, '0', 'admin', '2024-06-02 17:58:36', 'admin', '2024-06-02 17:58:36', '372422197809201235', 130.00, '2024-05-01', '12', 1797206090305208320);
INSERT INTO `poor_subsidy` VALUES (1797206170781319168, '0', 'admin', '2024-06-02 17:58:36', 'admin', '2024-06-02 17:58:36', '371426198803171230', 130.00, '2024-05-01', '12', 1797206090305208320);
INSERT INTO `poor_subsidy` VALUES (1797206171091697664, '0', 'admin', '2024-06-02 17:58:36', 'admin', '2024-06-02 17:58:36', '372527197106250812', 130.00, '2024-05-01', '12', 1797206090305208320);
INSERT INTO `poor_subsidy` VALUES (1797206171393687552, '0', 'admin', '2024-06-02 17:58:36', 'admin', '2024-06-02 17:58:36', '371426199112231227', 130.00, '2024-05-01', '12', 1797206090305208320);
INSERT INTO `poor_subsidy` VALUES (1797206171691483136, '0', 'admin', '2024-06-02 17:58:36', 'admin', '2024-06-02 17:58:36', '371426198104231214', 130.00, '2024-05-01', '12', 1797206090305208320);
INSERT INTO `poor_subsidy` VALUES (1797206171989278720, '0', 'admin', '2024-06-02 17:58:37', 'admin', '2024-06-02 17:58:37', '372422197012271228', 130.00, '2024-05-01', '12', 1797206090305208320);
INSERT INTO `poor_subsidy` VALUES (1797206172278685696, '0', 'admin', '2024-06-02 17:58:37', 'admin', '2024-06-02 17:58:37', '372422197005271211', 130.00, '2024-05-01', '12', 1797206090305208320);
INSERT INTO `poor_subsidy` VALUES (1797206172597452800, '0', 'admin', '2024-06-02 17:58:37', 'admin', '2024-06-02 17:58:37', '371426198308191218', 130.00, '2024-05-01', '12', 1797206090305208320);
INSERT INTO `poor_subsidy` VALUES (1797206172886859776, '0', 'admin', '2024-06-02 17:58:37', 'admin', '2024-06-02 17:58:37', '371426200208201212', 130.00, '2024-05-01', '12', 1797206090305208320);
INSERT INTO `poor_subsidy` VALUES (1797206173176266752, '0', 'admin', '2024-06-02 17:58:37', 'admin', '2024-06-02 17:58:37', '371426198808151220', 130.00, '2024-05-01', '12', 1797206090305208320);
INSERT INTO `poor_subsidy` VALUES (1797206173478256640, '0', 'admin', '2024-06-02 17:58:37', 'admin', '2024-06-02 17:58:37', '371426200212081241', 130.00, '2024-05-01', '12', 1797206090305208320);
INSERT INTO `poor_subsidy` VALUES (1797206173797023744, '0', 'admin', '2024-06-02 17:58:37', 'admin', '2024-06-02 17:58:37', '371426200110271247', 130.00, '2024-05-01', '12', 1797206090305208320);
INSERT INTO `poor_subsidy` VALUES (1797206174090625024, '0', 'admin', '2024-06-02 17:58:37', 'admin', '2024-06-02 17:58:37', '372422196904051218', 130.00, '2024-05-01', '12', 1797206090305208320);
INSERT INTO `poor_subsidy` VALUES (1797206174384226304, '0', 'admin', '2024-06-02 17:58:37', 'admin', '2024-06-02 17:58:37', '37242219640824124X', 130.00, '2024-05-01', '12', 1797206090305208320);
INSERT INTO `poor_subsidy` VALUES (1797206174673633280, '0', 'admin', '2024-06-02 17:58:37', 'admin', '2024-06-02 17:58:37', '372422196510161211', 130.00, '2024-05-01', '12', 1797206090305208320);
INSERT INTO `poor_subsidy` VALUES (1797206175025954816, '0', 'admin', '2024-06-02 17:58:37', 'admin', '2024-06-02 17:58:37', '372422197304231228', 130.00, '2024-05-01', '12', 1797206090305208320);
INSERT INTO `poor_subsidy` VALUES (1797206175323750400, '0', 'admin', '2024-06-02 17:58:37', 'admin', '2024-06-02 17:58:37', '370831196708051911', 130.00, '2024-05-01', '12', 1797206090305208320);
INSERT INTO `poor_subsidy` VALUES (1797206175613157376, '0', 'admin', '2024-06-02 17:58:37', 'admin', '2024-06-02 17:58:37', '372422197507171229', 130.00, '2024-05-01', '12', 1797206090305208320);
INSERT INTO `poor_subsidy` VALUES (1797206175906758656, '0', 'admin', '2024-06-02 17:58:37', 'admin', '2024-06-02 17:58:37', '372422197310171225', 130.00, '2024-05-01', '12', 1797206090305208320);
INSERT INTO `poor_subsidy` VALUES (1797206176233914368, '0', 'admin', '2024-06-02 17:58:38', 'admin', '2024-06-02 17:58:38', '371426199102051230', 130.00, '2024-05-01', '12', 1797206090305208320);
INSERT INTO `poor_subsidy` VALUES (1797206176531709952, '0', 'admin', '2024-06-02 17:58:38', 'admin', '2024-06-02 17:58:38', '371426198904051246', 130.00, '2024-05-01', '12', 1797206090305208320);
INSERT INTO `poor_subsidy` VALUES (1797206176825311232, '0', 'admin', '2024-06-02 17:58:38', 'admin', '2024-06-02 17:58:38', '372422197301041226', 130.00, '2024-05-01', '12', 1797206090305208320);
INSERT INTO `poor_subsidy` VALUES (1797206177114718208, '0', 'admin', '2024-06-02 17:58:38', 'admin', '2024-06-02 17:58:38', '372422197102241217', 130.00, '2024-05-01', '12', 1797206090305208320);
INSERT INTO `poor_subsidy` VALUES (1797206177408319488, '0', 'admin', '2024-06-02 17:58:38', 'admin', '2024-06-02 17:58:38', '371426197904241221', 130.00, '2024-05-01', '12', 1797206090305208320);

-- ----------------------------
-- Table structure for poor_user
-- ----------------------------
DROP TABLE IF EXISTS `poor_user`;
CREATE TABLE `poor_user`  (
  `id` bigint NOT NULL,
  `card_id` varchar(50) CHARACTER SET utf8mb4 COLLATE utf8mb4_general_ci NULL DEFAULT NULL COMMENT '身份证号',
  `name` varchar(255) CHARACTER SET utf8mb4 COLLATE utf8mb4_general_ci NULL DEFAULT NULL,
  `sex` varchar(1) CHARACTER SET utf8mb4 COLLATE utf8mb4_general_ci NULL DEFAULT NULL,
  `birthday` date NULL DEFAULT NULL,
  `disability` varchar(1) CHARACTER SET utf8mb4 COLLATE utf8mb4_general_ci NOT NULL COMMENT '是否残疾',
  `disability_id` varchar(255) CHARACTER SET utf8mb4 COLLATE utf8mb4_general_ci NULL DEFAULT NULL COMMENT '残疾证号',
  `live` varchar(1) CHARACTER SET utf8mb4 COLLATE utf8mb4_general_ci NULL DEFAULT NULL COMMENT '是否活着',
  `phone` varchar(255) CHARACTER SET utf8mb4 COLLATE utf8mb4_general_ci NULL DEFAULT NULL COMMENT '手机号',
  `village` varchar(255) CHARACTER SET utf8mb4 COLLATE utf8mb4_general_ci NULL DEFAULT NULL COMMENT '村落',
  `address` varchar(255) CHARACTER SET utf8mb4 COLLATE utf8mb4_general_ci NULL DEFAULT NULL COMMENT '详细地址',
  `del_flag` char(1) CHARACTER SET utf8mb4 COLLATE utf8mb4_general_ci NULL DEFAULT '0' COMMENT '删除标志（0代表存在 2代表删除）',
  `create_by` varchar(64) CHARACTER SET utf8mb4 COLLATE utf8mb4_general_ci NULL DEFAULT '' COMMENT '创建者',
  `create_time` datetime NULL DEFAULT NULL COMMENT '创建时间',
  `update_by` varchar(64) CHARACTER SET utf8mb4 COLLATE utf8mb4_general_ci NULL DEFAULT '' COMMENT '更新者',
  `update_time` datetime NULL DEFAULT NULL COMMENT '更新时间',
  `village_id` bigint NULL DEFAULT NULL COMMENT '所属村庄',
  `remark` varchar(255) CHARACTER SET utf8mb4 COLLATE utf8mb4_general_ci NULL DEFAULT NULL COMMENT '备注 上访记录  贫困原因',
  `type` varchar(1) CHARACTER SET utf8mb4 COLLATE utf8mb4_general_ci NULL DEFAULT NULL COMMENT '人员类型 0 普通 1重点关注 2残疾 3贫困',
  PRIMARY KEY (`id`) USING BTREE,
  INDEX `card_id`(`card_id` ASC) USING BTREE
) ENGINE = InnoDB CHARACTER SET = utf8mb4 COLLATE = utf8mb4_general_ci ROW_FORMAT = DYNAMIC;

-- ----------------------------
-- Records of poor_user
-- ----------------------------
INSERT INTO `poor_user` VALUES (1796122946910044160, '37242219551011121X', '宋传平', '0', '1955-10-11', '0', NULL, '0', NULL, NULL, '北张', '0', 'admin', '2024-05-30 18:14:16', 'admin', '2024-08-06 17:42:38', NULL, NULL, NULL);
INSERT INTO `poor_user` VALUES (1796122947228811264, '372422195704181224', '耿秀英', '1', '1957-04-18', '0', NULL, '0', NULL, NULL, '北张', '0', 'admin', '2024-05-30 18:14:16', 'admin', '2024-08-06 17:48:01', NULL, NULL, NULL);
INSERT INTO `poor_user` VALUES (1796122947463692288, '371426199112231227', '宋洪梅', NULL, NULL, '0', NULL, '0', NULL, NULL, '北张', '0', 'admin', '2024-05-30 18:14:16', 'admin', '2024-05-30 18:14:16', NULL, NULL, NULL);
INSERT INTO `poor_user` VALUES (1796122947690184704, '371426198610251277', '宋廷云', '0', '2024-08-02', '0', NULL, '0', NULL, NULL, '北张', '0', 'admin', '2024-05-30 18:14:16', 'admin', '2024-08-02 18:09:28', NULL, NULL, NULL);
INSERT INTO `poor_user` VALUES (1796122947912482816, '371426201006291218', '宋建康', NULL, NULL, '0', NULL, '0', NULL, NULL, '北张', '0', 'admin', '2024-05-30 18:14:16', 'admin', '2024-05-30 18:14:16', NULL, NULL, NULL);
INSERT INTO `poor_user` VALUES (1796122948214472704, '372422195503251230', '刘玉德', NULL, NULL, '0', NULL, '0', NULL, NULL, '北张', '0', 'admin', '2024-05-30 18:14:16', 'admin', '2024-05-30 18:14:16', NULL, NULL, NULL);
INSERT INTO `poor_user` VALUES (1796122948499685376, '372422195510101249', '倪爱荣', NULL, NULL, '0', NULL, '0', NULL, NULL, '北张', '0', 'admin', '2024-05-30 18:14:16', 'admin', '2024-05-30 18:14:16', NULL, NULL, NULL);
INSERT INTO `poor_user` VALUES (1796122948776509440, '37142620081118121X', '刘延续', NULL, NULL, '0', NULL, '0', NULL, NULL, '北张', '0', 'admin', '2024-05-30 18:14:16', 'admin', '2024-05-30 18:14:16', NULL, NULL, NULL);
INSERT INTO `poor_user` VALUES (1796122948994613248, '372422197502201257', '陈文寅', NULL, NULL, '0', NULL, '0', NULL, NULL, '陈排村', '0', 'admin', '2024-05-30 18:14:16', 'admin', '2024-05-30 18:14:16', NULL, NULL, NULL);
INSERT INTO `poor_user` VALUES (1796122949200134144, '372423197301011947', '秦春花', NULL, NULL, '0', NULL, '0', NULL, NULL, '陈排村', '0', 'admin', '2024-05-30 18:14:16', 'admin', '2024-05-30 18:14:16', NULL, NULL, NULL);
INSERT INTO `poor_user` VALUES (1796122949409849344, '371426200701051211', '陈蘅', NULL, NULL, '0', NULL, '0', NULL, NULL, '陈排村', '0', 'admin', '2024-05-30 18:14:16', 'admin', '2024-05-30 18:14:16', NULL, NULL, NULL);
INSERT INTO `poor_user` VALUES (1796122949619564544, '371426200203261240', '陈云', NULL, NULL, '0', NULL, '0', NULL, NULL, '陈排村', '0', 'admin', '2024-05-30 18:14:16', 'admin', '2024-05-30 18:14:16', NULL, NULL, NULL);
INSERT INTO `poor_user` VALUES (1796122949862834176, '372422195404051225', '张洪英', NULL, NULL, '0', NULL, '0', NULL, NULL, '陈排村', '0', 'admin', '2024-05-30 18:14:16', 'admin', '2024-05-30 18:14:16', NULL, NULL, NULL);
INSERT INTO `poor_user` VALUES (1796122950068355072, '372422197810191257', '陈文海', NULL, NULL, '0', NULL, '0', NULL, NULL, '陈排村', '0', 'admin', '2024-05-30 18:14:16', 'admin', '2024-05-30 18:14:16', NULL, NULL, NULL);
INSERT INTO `poor_user` VALUES (1796122950286458880, '371426200203286421', '霍鑫彤', NULL, NULL, '0', NULL, '0', NULL, NULL, '陈排村', '0', 'admin', '2024-05-30 18:14:16', 'admin', '2024-05-30 18:14:16', NULL, NULL, NULL);
INSERT INTO `poor_user` VALUES (1796122950500368384, '372422193805061249', '任吉香', NULL, NULL, '0', NULL, '0', NULL, NULL, '大白村', '0', 'admin', '2024-05-30 18:14:16', 'admin', '2024-05-30 18:14:16', NULL, NULL, NULL);
INSERT INTO `poor_user` VALUES (1796122950714277888, '37242219580921124X', '徐秀兰', NULL, NULL, '0', NULL, '0', NULL, NULL, '大白村', '0', 'admin', '2024-05-30 18:14:16', 'admin', '2024-05-30 18:14:16', NULL, NULL, NULL);
INSERT INTO `poor_user` VALUES (1796122950919798784, '372422194309221236', '徐桂平', NULL, NULL, '0', NULL, '0', NULL, NULL, '大白村', '0', 'admin', '2024-05-30 18:14:17', 'admin', '2024-05-30 18:14:17', NULL, NULL, NULL);
INSERT INTO `poor_user` VALUES (1796122951125319680, '372422194612071226', '张文香', NULL, NULL, '0', NULL, '0', NULL, NULL, '大白村', '0', 'admin', '2024-05-30 18:14:17', 'admin', '2024-05-30 18:14:17', NULL, NULL, NULL);
INSERT INTO `poor_user` VALUES (1796122951330840576, '372422197301291217', '徐吉侠', NULL, NULL, '0', NULL, '0', NULL, NULL, '大白村', '0', 'admin', '2024-05-30 18:14:17', 'admin', '2024-05-30 18:14:17', NULL, NULL, NULL);
INSERT INTO `poor_user` VALUES (1796122951540555776, '372422193912191217', '魏风彬', NULL, NULL, '0', NULL, '0', NULL, NULL, '大魏村', '0', 'admin', '2024-05-30 18:14:17', 'admin', '2024-05-30 18:14:17', NULL, NULL, NULL);
INSERT INTO `poor_user` VALUES (1796122951746076672, '372422194708151247', '刘荣英', NULL, NULL, '0', NULL, '0', NULL, NULL, '大魏村', '0', 'admin', '2024-05-30 18:14:17', 'admin', '2024-05-30 18:14:17', NULL, NULL, NULL);
INSERT INTO `poor_user` VALUES (1796122951976763392, '372422195204011210', '魏玉良', NULL, NULL, '0', NULL, '0', NULL, NULL, '大魏村', '0', 'admin', '2024-05-30 18:14:17', 'admin', '2024-05-30 18:14:17', NULL, NULL, NULL);
INSERT INTO `poor_user` VALUES (1796122952178089984, '37242219520227122X', '赵玉环', NULL, NULL, '0', NULL, '0', NULL, NULL, '大魏村', '0', 'admin', '2024-05-30 18:14:17', 'admin', '2024-05-30 18:14:17', NULL, NULL, NULL);
INSERT INTO `poor_user` VALUES (1796122952383610880, '371426198104231214', '魏胜军', NULL, NULL, '0', NULL, '0', NULL, NULL, '大魏村', '0', 'admin', '2024-05-30 18:14:17', 'admin', '2024-05-30 18:14:17', NULL, NULL, NULL);
INSERT INTO `poor_user` VALUES (1796122952584937472, '372422195310071217', '魏恒顺', NULL, NULL, '0', NULL, '0', NULL, NULL, '大魏村', '0', 'admin', '2024-05-30 18:14:17', 'admin', '2024-05-30 18:14:17', NULL, NULL, NULL);
INSERT INTO `poor_user` VALUES (1796122952790458368, '372422195509251223', '刘云', NULL, NULL, '0', NULL, '0', NULL, NULL, '大魏村', '0', 'admin', '2024-05-30 18:14:17', 'admin', '2024-05-30 18:14:17', NULL, NULL, NULL);
INSERT INTO `poor_user` VALUES (1796122952987590656, '371426200708011220', '魏梦菲', NULL, NULL, '0', NULL, '0', NULL, NULL, '大魏村', '0', 'admin', '2024-05-30 18:14:17', 'admin', '2024-05-30 18:14:17', NULL, NULL, NULL);
INSERT INTO `poor_user` VALUES (1796122953193111552, '37242219701219121X', '周洪生', NULL, NULL, '0', NULL, '0', NULL, NULL, '东街村', '0', 'admin', '2024-05-30 18:14:17', 'admin', '2024-05-30 18:14:17', NULL, NULL, NULL);
INSERT INTO `poor_user` VALUES (1796122953398632448, '372422197102241217', '安玉砚', NULL, NULL, '0', NULL, '0', NULL, NULL, '东街村', '0', 'admin', '2024-05-30 18:14:17', 'admin', '2024-05-30 18:14:17', NULL, NULL, NULL);
INSERT INTO `poor_user` VALUES (1796122953616736256, '372422197301041226', '付俊华', NULL, NULL, '0', NULL, '0', NULL, NULL, '东街村', '0', 'admin', '2024-05-30 18:14:17', 'admin', '2024-05-30 18:14:17', NULL, NULL, NULL);
INSERT INTO `poor_user` VALUES (1796122953834840064, '372422195701221219', '耿士旺', NULL, NULL, '0', NULL, '0', NULL, NULL, '耿楼村', '0', 'admin', '2024-05-30 18:14:17', 'admin', '2024-05-30 18:14:17', NULL, NULL, NULL);
INSERT INTO `poor_user` VALUES (1796122954044555264, '372422195007251223', '刘桂芝', NULL, NULL, '0', NULL, '0', NULL, NULL, '耿楼村', '0', 'admin', '2024-05-30 18:14:17', 'admin', '2024-05-30 18:14:17', NULL, NULL, NULL);
INSERT INTO `poor_user` VALUES (1796122954250076160, '372422197607251218', '耿全国', NULL, NULL, '0', NULL, '0', NULL, NULL, '耿楼村', '0', 'admin', '2024-05-30 18:14:17', 'admin', '2024-05-30 18:14:17', NULL, NULL, NULL);
INSERT INTO `poor_user` VALUES (1796122954455597056, '371426200811151213', '耿学岩', NULL, NULL, '0', NULL, '0', NULL, NULL, '耿楼村', '0', 'admin', '2024-05-30 18:14:17', 'admin', '2024-05-30 18:14:17', NULL, NULL, NULL);
INSERT INTO `poor_user` VALUES (1796122954656923648, '372422197501021211', '刘泉庆', NULL, NULL, '0', NULL, '0', NULL, NULL, '耿楼村', '0', 'admin', '2024-05-30 18:14:17', 'admin', '2024-05-30 18:14:17', NULL, NULL, NULL);
INSERT INTO `poor_user` VALUES (1796122954866638848, '371426200706091220', '刘子涵', NULL, NULL, '0', NULL, '0', NULL, NULL, '耿楼村', '0', 'admin', '2024-05-30 18:14:17', 'admin', '2024-05-30 18:14:17', NULL, NULL, NULL);
INSERT INTO `poor_user` VALUES (1796122955067965440, '372422194102061220', '霍俊兰', NULL, NULL, '0', NULL, '0', NULL, NULL, '后槐村', '0', 'admin', '2024-05-30 18:14:18', 'admin', '2024-05-30 18:14:18', NULL, NULL, NULL);
INSERT INTO `poor_user` VALUES (1796122955277680640, '372422197005271211', '周玉国', NULL, NULL, '0', NULL, '0', NULL, NULL, '后槐村', '0', 'admin', '2024-05-30 18:14:18', 'admin', '2024-05-30 18:14:18', NULL, NULL, NULL);
INSERT INTO `poor_user` VALUES (1796122955525144576, '372422197012271228', '郭洪霞', NULL, NULL, '0', NULL, '0', NULL, NULL, '后槐村', '0', 'admin', '2024-05-30 18:14:18', 'admin', '2024-05-30 18:14:18', NULL, NULL, NULL);
INSERT INTO `poor_user` VALUES (1796122955730665472, '371426200410241226', '周师哲', NULL, NULL, '0', NULL, '0', NULL, NULL, '后槐村', '0', 'admin', '2024-05-30 18:14:18', 'admin', '2024-05-30 18:14:18', NULL, NULL, NULL);
INSERT INTO `poor_user` VALUES (1796122955952963584, '372422196305201210', '周文秋', NULL, NULL, '0', NULL, '0', NULL, NULL, '后槐村', '0', 'admin', '2024-05-30 18:14:18', 'admin', '2024-05-30 18:14:18', NULL, NULL, NULL);
INSERT INTO `poor_user` VALUES (1796122956162678784, '372422195809201244', '刘淑婷', NULL, NULL, '0', NULL, '0', NULL, NULL, '后槐村', '0', 'admin', '2024-05-30 18:14:18', 'admin', '2024-05-30 18:14:18', NULL, NULL, NULL);
INSERT INTO `poor_user` VALUES (1796122956372393984, '371426198308191218', '周玉禄', NULL, NULL, '0', NULL, '0', NULL, NULL, '后槐村', '0', 'admin', '2024-05-30 18:14:18', 'admin', '2024-05-30 18:14:18', NULL, NULL, NULL);
INSERT INTO `poor_user` VALUES (1796122956577914880, '371426201203251215', '周心辰', NULL, NULL, '0', NULL, '0', NULL, NULL, '后槐村', '0', 'admin', '2024-05-30 18:14:18', 'admin', '2024-05-30 18:14:18', NULL, NULL, NULL);
INSERT INTO `poor_user` VALUES (1796122956783435776, '372422194508121211', '周玉才', NULL, NULL, '0', NULL, '0', NULL, NULL, '后槐村', '0', 'admin', '2024-05-30 18:14:18', 'admin', '2024-05-30 18:14:18', NULL, NULL, NULL);
INSERT INTO `poor_user` VALUES (1796122956988956672, '372422194902031222', '范振俊', NULL, NULL, '0', NULL, '0', NULL, NULL, '后槐村', '0', 'admin', '2024-05-30 18:14:18', 'admin', '2024-05-30 18:14:18', NULL, NULL, NULL);
INSERT INTO `poor_user` VALUES (1796122957207060480, '372422194810281224', '张传美', NULL, NULL, '0', NULL, '0', NULL, NULL, '后槐村', '0', 'admin', '2024-05-30 18:14:18', 'admin', '2024-05-30 18:14:18', NULL, NULL, NULL);
INSERT INTO `poor_user` VALUES (1796122957412581376, '372422197510251238', '周新华', NULL, NULL, '0', NULL, '0', NULL, NULL, '后槐村', '0', 'admin', '2024-05-30 18:14:18', 'admin', '2024-05-30 18:14:18', NULL, NULL, NULL);
INSERT INTO `poor_user` VALUES (1796122957626490880, '371426200208201212', '周皓晨', NULL, NULL, '0', NULL, '0', NULL, NULL, '后槐村', '0', 'admin', '2024-05-30 18:14:18', 'admin', '2024-05-30 18:14:18', NULL, NULL, NULL);
INSERT INTO `poor_user` VALUES (1796122957836206080, '372422195308031232', '张长玉', NULL, NULL, '0', NULL, '0', NULL, NULL, '后槐村', '0', 'admin', '2024-05-30 18:14:18', 'admin', '2024-05-30 18:14:18', NULL, NULL, NULL);
INSERT INTO `poor_user` VALUES (1796122958066892800, '372422195601171226', '张秀芝', NULL, NULL, '0', NULL, '0', NULL, NULL, '后槐村', '0', 'admin', '2024-05-30 18:14:18', 'admin', '2024-05-30 18:14:18', NULL, NULL, NULL);
INSERT INTO `poor_user` VALUES (1796122958385659904, '372422196912281216', '崔爱民', NULL, NULL, '0', NULL, '0', NULL, NULL, '阚庄村', '0', 'admin', '2024-05-30 18:14:18', 'admin', '2024-05-30 18:14:18', NULL, NULL, NULL);
INSERT INTO `poor_user` VALUES (1796122958649901056, '372422197304231228', '李书红', NULL, NULL, '0', NULL, '0', NULL, NULL, '阚庄村', '0', 'admin', '2024-05-30 18:14:18', 'admin', '2024-05-30 18:14:18', NULL, NULL, NULL);
INSERT INTO `poor_user` VALUES (1796122958855421952, '371426200004191227', '崔龙女', NULL, NULL, '0', NULL, '0', NULL, NULL, '阚庄村', '0', 'admin', '2024-05-30 18:14:18', 'admin', '2024-05-30 18:14:18', NULL, NULL, NULL);
INSERT INTO `poor_user` VALUES (1796122959056748544, '372422195004161214', '耿学新', NULL, NULL, '0', NULL, '0', NULL, NULL, '孔庄村', '0', 'admin', '2024-05-30 18:14:18', 'admin', '2024-05-30 18:14:18', NULL, NULL, NULL);
INSERT INTO `poor_user` VALUES (1796122959300018176, '372422195610121239', '耿学东', NULL, NULL, '0', NULL, '0', NULL, NULL, '孔庄村', '0', 'admin', '2024-05-30 18:14:19', 'admin', '2024-05-30 18:14:19', NULL, NULL, NULL);
INSERT INTO `poor_user` VALUES (1796122959505539072, '372422195505081220', '刘玉美', NULL, NULL, '0', NULL, '0', NULL, NULL, '孔庄村', '0', 'admin', '2024-05-30 18:14:19', 'admin', '2024-05-30 18:14:19', NULL, NULL, NULL);
INSERT INTO `poor_user` VALUES (1796122959761391616, '372422195204281229', '徐贞荣', NULL, NULL, '0', NULL, '0', NULL, NULL, '梁庄村', '0', 'admin', '2024-05-30 18:14:19', 'admin', '2024-05-30 18:14:19', NULL, NULL, NULL);
INSERT INTO `poor_user` VALUES (1796122959971106816, '372422195008121228', '蔡兰风', NULL, NULL, '0', NULL, '0', NULL, NULL, '梁庄村', '0', 'admin', '2024-05-30 18:14:19', 'admin', '2024-05-30 18:14:19', NULL, NULL, NULL);
INSERT INTO `poor_user` VALUES (1796122960214376448, '372422196904221213', '王自军', NULL, NULL, '0', NULL, '0', NULL, NULL, '梁庄村', '0', 'admin', '2024-05-30 18:14:19', 'admin', '2024-05-30 18:14:19', NULL, NULL, NULL);
INSERT INTO `poor_user` VALUES (1796122960415703040, '372422196403141223', '徐德芹', NULL, NULL, '0', NULL, '0', NULL, NULL, '梁庄村', '0', 'admin', '2024-05-30 18:14:19', 'admin', '2024-05-30 18:14:19', NULL, NULL, NULL);
INSERT INTO `poor_user` VALUES (1796122960621223936, '371426198808151220', '王月月', NULL, NULL, '0', NULL, '0', NULL, NULL, '梁庄村', '0', 'admin', '2024-05-30 18:14:19', 'admin', '2024-05-30 18:14:19', NULL, NULL, NULL);
INSERT INTO `poor_user` VALUES (1796122960822550528, '371426200009181263', '王朋朋', NULL, NULL, '0', NULL, '0', NULL, NULL, '梁庄村', '0', 'admin', '2024-05-30 18:14:19', 'admin', '2024-05-30 18:14:19', NULL, NULL, NULL);
INSERT INTO `poor_user` VALUES (1796122961023877120, '372422194902051231', '王林付', NULL, NULL, '0', NULL, '0', NULL, NULL, '梁庄村', '0', 'admin', '2024-05-30 18:14:19', 'admin', '2024-05-30 18:14:19', NULL, NULL, NULL);
INSERT INTO `poor_user` VALUES (1796122961237786624, '37242219520515124X', '耿秀凤', NULL, NULL, '0', NULL, '0', NULL, NULL, '梁庄村', '0', 'admin', '2024-05-30 18:14:19', 'admin', '2024-05-30 18:14:19', NULL, NULL, NULL);
INSERT INTO `poor_user` VALUES (1796122961439113216, '372422197608241230', '王兴', NULL, NULL, '0', NULL, '0', NULL, NULL, '梁庄村', '0', 'admin', '2024-05-30 18:14:19', 'admin', '2024-05-30 18:14:19', NULL, NULL, NULL);
INSERT INTO `poor_user` VALUES (1796122961653022720, '371427198102131961', '房忠菊', NULL, NULL, '0', NULL, '0', NULL, NULL, '梁庄村', '0', 'admin', '2024-05-30 18:14:19', 'admin', '2024-05-30 18:14:19', NULL, NULL, NULL);
INSERT INTO `poor_user` VALUES (1796122961854349312, '371426201307071219', '王松阔', NULL, NULL, '0', NULL, '0', NULL, NULL, '梁庄村', '0', 'admin', '2024-05-30 18:14:19', 'admin', '2024-05-30 18:14:19', NULL, NULL, NULL);
INSERT INTO `poor_user` VALUES (1796122962072453120, '371426200412071224', '王松玉', NULL, NULL, '0', NULL, '0', NULL, NULL, '梁庄村', '0', 'admin', '2024-05-30 18:14:19', 'admin', '2024-05-30 18:14:19', NULL, NULL, NULL);
INSERT INTO `poor_user` VALUES (1796122962277974016, '372422196504041213', '林春德', NULL, NULL, '0', NULL, '0', NULL, NULL, '林桥村', '0', 'admin', '2024-05-30 18:14:19', 'admin', '2024-05-30 18:14:19', NULL, NULL, NULL);
INSERT INTO `poor_user` VALUES (1796122962500272128, '372422196406061245', '李风莲', NULL, NULL, '0', NULL, '0', NULL, NULL, '林桥村', '0', 'admin', '2024-05-30 18:14:19', 'admin', '2024-05-30 18:14:19', NULL, NULL, NULL);
INSERT INTO `poor_user` VALUES (1796122962777096192, '371426199508201235', '林铁生', NULL, NULL, '0', NULL, '0', NULL, NULL, '林桥村', '0', 'admin', '2024-05-30 18:14:19', 'admin', '2024-05-30 18:14:19', NULL, NULL, NULL);
INSERT INTO `poor_user` VALUES (1796122962978422784, '37242219701010125X', '林和军', NULL, NULL, '0', NULL, '0', NULL, NULL, '林桥村', '0', 'admin', '2024-05-30 18:14:19', 'admin', '2024-05-30 18:14:19', NULL, NULL, NULL);
INSERT INTO `poor_user` VALUES (1796122963179749376, '372422197409271242', '肖莉', NULL, NULL, '0', NULL, '0', NULL, NULL, '林桥村', '0', 'admin', '2024-05-30 18:14:19', 'admin', '2024-05-30 18:14:19', NULL, NULL, NULL);
INSERT INTO `poor_user` VALUES (1796122963376881664, '37142620020710121X', '林大旺', NULL, NULL, '0', NULL, '0', NULL, NULL, '林桥村', '0', 'admin', '2024-05-30 18:14:19', 'admin', '2024-05-30 18:14:19', NULL, NULL, NULL);
INSERT INTO `poor_user` VALUES (1796122963590791168, '372422197504121218', '焦风永', NULL, NULL, '0', NULL, '0', NULL, NULL, '林桥村', '0', 'admin', '2024-05-30 18:14:20', 'admin', '2024-05-30 18:14:20', NULL, NULL, NULL);
INSERT INTO `poor_user` VALUES (1796122963892781056, '371426200212081241', '焦娜', NULL, NULL, '0', NULL, '0', NULL, NULL, '林桥村', '0', 'admin', '2024-05-30 18:14:20', 'admin', '2024-05-30 18:14:20', NULL, NULL, NULL);
INSERT INTO `poor_user` VALUES (1796122964102496256, '372422196403181217', '柳立国', NULL, NULL, '0', NULL, '0', NULL, NULL, '柳庄村', '0', 'admin', '2024-05-30 18:14:20', 'admin', '2024-05-30 18:14:20', NULL, NULL, NULL);
INSERT INTO `poor_user` VALUES (1796122964308017152, '371426200110271247', '马燕', NULL, NULL, '0', NULL, '0', NULL, NULL, '马庄村', '0', 'admin', '2024-05-30 18:14:20', 'admin', '2024-05-30 18:14:20', NULL, NULL, NULL);
INSERT INTO `poor_user` VALUES (1796122964509343744, '371426200701171248', '马婷', NULL, NULL, '0', NULL, '0', NULL, NULL, '马庄村', '0', 'admin', '2024-05-30 18:14:20', 'admin', '2024-05-30 18:14:20', NULL, NULL, NULL);
INSERT INTO `poor_user` VALUES (1796122964714864640, '372422195708291252', '胡新华', NULL, NULL, '0', NULL, '0', NULL, NULL, '马庄村', '0', 'admin', '2024-05-30 18:14:20', 'admin', '2024-05-30 18:14:20', NULL, NULL, NULL);
INSERT INTO `poor_user` VALUES (1796122964916191232, '371426198511141232', '胡文如', NULL, NULL, '0', NULL, '0', NULL, NULL, '马庄村', '0', 'admin', '2024-05-30 18:14:20', 'admin', '2024-05-30 18:14:20', NULL, NULL, NULL);
INSERT INTO `poor_user` VALUES (1796122965146877952, '372423197606082543', '张金秀', NULL, NULL, '0', NULL, '0', NULL, NULL, '马庄村', '0', 'admin', '2024-05-30 18:14:20', 'admin', '2024-05-30 18:14:20', NULL, NULL, NULL);
INSERT INTO `poor_user` VALUES (1796122965348204544, '371426201308181217', '胡振宇', NULL, NULL, '0', NULL, '0', NULL, NULL, '马庄村', '0', 'admin', '2024-05-30 18:14:20', 'admin', '2024-05-30 18:14:20', NULL, NULL, NULL);
INSERT INTO `poor_user` VALUES (1796122965541142528, '372422195204211212', '刘金华', NULL, NULL, '0', NULL, '0', NULL, NULL, '南街', '0', 'admin', '2024-05-30 18:14:20', 'admin', '2024-05-30 18:14:20', NULL, NULL, NULL);
INSERT INTO `poor_user` VALUES (1796122965738274816, '372422195602141213', '王义贵', NULL, NULL, '0', NULL, '0', NULL, NULL, '培口村', '0', 'admin', '2024-05-30 18:14:20', 'admin', '2024-05-30 18:14:20', NULL, NULL, NULL);
INSERT INTO `poor_user` VALUES (1796122965952184320, '372422195806051260', '赵明菊', NULL, NULL, '0', NULL, '0', NULL, NULL, '培口村', '0', 'admin', '2024-05-30 18:14:20', 'admin', '2024-05-30 18:14:20', NULL, NULL, NULL);
INSERT INTO `poor_user` VALUES (1796122966145122304, '371325197306102318', '李贞儒', NULL, NULL, '0', NULL, '0', NULL, NULL, '培口村', '0', 'admin', '2024-05-30 18:14:20', 'admin', '2024-05-30 18:14:20', NULL, NULL, NULL);
INSERT INTO `poor_user` VALUES (1796122966342254592, '372422197411171224', '李叶领', NULL, NULL, '0', NULL, '0', NULL, NULL, '培口村', '0', 'admin', '2024-05-30 18:14:20', 'admin', '2024-05-30 18:14:20', NULL, NULL, NULL);
INSERT INTO `poor_user` VALUES (1796122966539386880, '371426200809101233', '李广伟', NULL, NULL, '0', NULL, '0', NULL, NULL, '培口村', '0', 'admin', '2024-05-30 18:14:20', 'admin', '2024-05-30 18:14:20', NULL, NULL, NULL);
INSERT INTO `poor_user` VALUES (1796122966753296384, '371426200101221221', '李广雪', NULL, NULL, '0', NULL, '0', NULL, NULL, '培口村', '0', 'admin', '2024-05-30 18:14:20', 'admin', '2024-05-30 18:14:20', NULL, NULL, NULL);
INSERT INTO `poor_user` VALUES (1796122966950428672, '372422195604101231', '李清顺', NULL, NULL, '0', NULL, '0', NULL, NULL, '培口村', '0', 'admin', '2024-05-30 18:14:20', 'admin', '2024-05-30 18:14:20', NULL, NULL, NULL);
INSERT INTO `poor_user` VALUES (1796122967151755264, '372422195708051232', '杜有柱', NULL, NULL, '0', NULL, '0', NULL, NULL, '前槐村', '0', 'admin', '2024-05-30 18:14:20', 'admin', '2024-05-30 18:14:20', NULL, NULL, NULL);
INSERT INTO `poor_user` VALUES (1796122967357276160, '372422195508291215', '杜守水', NULL, NULL, '0', NULL, '0', NULL, NULL, '前槐村', '0', 'admin', '2024-05-30 18:14:20', 'admin', '2024-05-30 18:14:20', NULL, NULL, NULL);
INSERT INTO `poor_user` VALUES (1796122967575379968, '372424196510120041', '付玉美', NULL, NULL, '0', NULL, '0', NULL, NULL, '前槐村', '0', 'admin', '2024-05-30 18:14:20', 'admin', '2024-05-30 18:14:20', NULL, NULL, NULL);
INSERT INTO `poor_user` VALUES (1796122967772512256, '372422195502051210', '宋怀营', NULL, NULL, '0', NULL, '0', NULL, NULL, '宋范', '0', 'admin', '2024-05-30 18:14:21', 'admin', '2024-05-30 18:14:21', NULL, NULL, NULL);
INSERT INTO `poor_user` VALUES (1796122967969644544, '372422195705201223', '陈洪灵', NULL, NULL, '0', NULL, '0', NULL, NULL, '宋范', '0', 'admin', '2024-05-30 18:14:21', 'admin', '2024-05-30 18:14:21', NULL, NULL, NULL);
INSERT INTO `poor_user` VALUES (1796122968179359744, '371426198803171230', '宋廷强', NULL, NULL, '0', NULL, '0', NULL, NULL, '宋范', '0', 'admin', '2024-05-30 18:14:21', 'admin', '2024-05-30 18:14:21', NULL, NULL, NULL);
INSERT INTO `poor_user` VALUES (1796122968376492032, '37142620110729125X', '宋建勋', NULL, NULL, '0', NULL, '0', NULL, NULL, '宋范', '0', 'admin', '2024-05-30 18:14:21', 'admin', '2024-05-30 18:14:21', NULL, NULL, NULL);
INSERT INTO `poor_user` VALUES (1796122968577818624, '372422193709131219', '范振河', NULL, NULL, '0', NULL, '0', NULL, NULL, '宋范', '0', 'admin', '2024-05-30 18:14:21', 'admin', '2024-05-30 18:14:21', NULL, NULL, NULL);
INSERT INTO `poor_user` VALUES (1796122968867225600, '372422194306051227', '周吉珍', NULL, NULL, '0', NULL, '0', NULL, NULL, '宋范', '0', 'admin', '2024-05-30 18:14:21', 'admin', '2024-05-30 18:14:21', NULL, NULL, NULL);
INSERT INTO `poor_user` VALUES (1796122969068552192, '371426199101081219', '范鸣宇', NULL, NULL, '0', NULL, '0', NULL, NULL, '宋范', '0', 'admin', '2024-05-30 18:14:21', 'admin', '2024-05-30 18:14:21', NULL, NULL, NULL);
INSERT INTO `poor_user` VALUES (1796122969269878784, '372422195006201224', '杨秀英', NULL, NULL, '0', NULL, '0', NULL, NULL, '宋范', '0', 'admin', '2024-05-30 18:14:21', 'admin', '2024-05-30 18:14:21', NULL, NULL, NULL);
INSERT INTO `poor_user` VALUES (1796122969487982592, '371426198001201215', '范会才', NULL, NULL, '0', NULL, '0', NULL, NULL, '宋范', '0', 'admin', '2024-05-30 18:14:21', 'admin', '2024-05-30 18:14:21', NULL, NULL, NULL);
INSERT INTO `poor_user` VALUES (1796122969706086400, '372422195201091219', '范金江', NULL, NULL, '0', NULL, '0', NULL, NULL, '宋范', '0', 'admin', '2024-05-30 18:14:21', 'admin', '2024-05-30 18:14:21', NULL, NULL, NULL);
INSERT INTO `poor_user` VALUES (1796122969903218688, '372422195506141221', '李红云', NULL, NULL, '0', NULL, '0', NULL, NULL, '宋范', '0', 'admin', '2024-05-30 18:14:21', 'admin', '2024-05-30 18:14:21', NULL, NULL, NULL);
INSERT INTO `poor_user` VALUES (1796122970100350976, '37142619740209126X', '范玉秀', NULL, NULL, '0', NULL, '0', NULL, NULL, '宋范', '0', 'admin', '2024-05-30 18:14:21', 'admin', '2024-05-30 18:14:21', NULL, NULL, NULL);
INSERT INTO `poor_user` VALUES (1796122970347814912, '372527197106250812', '张正齐', NULL, NULL, '0', NULL, '0', NULL, NULL, '宋范', '0', 'admin', '2024-05-30 18:14:21', 'admin', '2024-05-30 18:14:21', NULL, NULL, NULL);
INSERT INTO `poor_user` VALUES (1796122970649804800, '371426199803151218', '范志虎', NULL, NULL, '0', NULL, '0', NULL, NULL, '宋范', '0', 'admin', '2024-05-30 18:14:21', 'admin', '2024-05-30 18:14:21', NULL, NULL, NULL);
INSERT INTO `poor_user` VALUES (1796122970960183296, '371426200805211216', '范志栋', NULL, NULL, '0', NULL, '0', NULL, NULL, '宋范', '0', 'admin', '2024-05-30 18:14:21', 'admin', '2024-05-30 18:14:21', NULL, NULL, NULL);
INSERT INTO `poor_user` VALUES (1796122971455111168, '372422195105071218', '麻然国', NULL, NULL, '0', NULL, '0', NULL, NULL, '塘坊村', '0', 'admin', '2024-05-30 18:14:21', 'admin', '2024-05-30 18:14:21', NULL, NULL, NULL);
INSERT INTO `poor_user` VALUES (1796122971656437760, '372422195701101225', '马希玲', NULL, NULL, '0', NULL, '0', NULL, NULL, '塘坊村', '0', 'admin', '2024-05-30 18:14:21', 'admin', '2024-05-30 18:14:21', NULL, NULL, NULL);
INSERT INTO `poor_user` VALUES (1796122971857764352, '37242219431108121X', '马付友', NULL, NULL, '0', NULL, '0', NULL, NULL, '塘坊村', '0', 'admin', '2024-05-30 18:14:22', 'admin', '2024-05-30 18:14:22', NULL, NULL, NULL);
INSERT INTO `poor_user` VALUES (1796122972239446016, '372422196112101213', '马希平', NULL, NULL, '0', NULL, '0', NULL, NULL, '塘坊村', '0', 'admin', '2024-05-30 18:14:22', 'admin', '2024-05-30 18:14:22', NULL, NULL, NULL);
INSERT INTO `poor_user` VALUES (1796122972474327040, '372422196904051218', '马希忠', NULL, NULL, '0', NULL, '0', NULL, NULL, '塘坊村', '0', 'admin', '2024-05-30 18:14:22', 'admin', '2024-05-30 18:14:22', NULL, NULL, NULL);
INSERT INTO `poor_user` VALUES (1796122972679847936, '372422193703201239', '姚庆颜', NULL, NULL, '0', NULL, '0', NULL, NULL, '土屋', '0', 'admin', '2024-05-30 18:14:22', 'admin', '2024-05-30 18:14:22', NULL, NULL, NULL);
INSERT INTO `poor_user` VALUES (1796122972893757440, '372422195706101216', '姚如良', NULL, NULL, '0', NULL, '0', NULL, NULL, '土屋', '0', 'admin', '2024-05-30 18:14:22', 'admin', '2024-05-30 18:14:22', NULL, NULL, NULL);
INSERT INTO `poor_user` VALUES (1796122973111861248, '372422193912271217', '梁成正', NULL, NULL, '0', NULL, '0', NULL, NULL, '王庄村', '0', 'admin', '2024-05-30 18:14:22', 'admin', '2024-05-30 18:14:22', NULL, NULL, NULL);
INSERT INTO `poor_user` VALUES (1796122973321576448, '372422195408081253', '任吉印', NULL, NULL, '0', NULL, '0', NULL, NULL, '王庄村', '0', 'admin', '2024-05-30 18:14:22', 'admin', '2024-05-30 18:14:22', NULL, NULL, NULL);
INSERT INTO `poor_user` VALUES (1796122973556457472, '372422194604011215', '王守明', NULL, NULL, '0', NULL, '0', NULL, NULL, '王庄村', '0', 'admin', '2024-05-30 18:14:22', 'admin', '2024-05-30 18:14:22', NULL, NULL, NULL);
INSERT INTO `poor_user` VALUES (1796122973774561280, '372422194705011222', '王秀荣', NULL, NULL, '0', NULL, '0', NULL, NULL, '王庄村', '0', 'admin', '2024-05-30 18:14:22', 'admin', '2024-05-30 18:14:22', NULL, NULL, NULL);
INSERT INTO `poor_user` VALUES (1796122973988470784, '372422194101081238', '张书信', NULL, NULL, '0', NULL, '0', NULL, NULL, '西韩村', '0', 'admin', '2024-05-30 18:14:22', 'admin', '2024-05-30 18:14:22', NULL, NULL, NULL);
INSERT INTO `poor_user` VALUES (1796122974189797376, '372422194507171241', '张云莲', NULL, NULL, '0', NULL, '0', NULL, NULL, '西韩村', '0', 'admin', '2024-05-30 18:14:22', 'admin', '2024-05-30 18:14:22', NULL, NULL, NULL);
INSERT INTO `poor_user` VALUES (1796122974407901184, '372422195707061260', '王凤琴', NULL, NULL, '0', NULL, '0', NULL, NULL, '西韩村', '0', 'admin', '2024-05-30 18:14:22', 'admin', '2024-05-30 18:14:22', NULL, NULL, NULL);
INSERT INTO `poor_user` VALUES (1796122974609227776, '372422196510161211', '张洪岭', NULL, NULL, '0', NULL, '0', NULL, NULL, '西韩村', '0', 'admin', '2024-05-30 18:14:22', 'admin', '2024-05-30 18:14:22', NULL, NULL, NULL);
INSERT INTO `poor_user` VALUES (1796122974814748672, '37242219640824124X', '栗希英', NULL, NULL, '0', NULL, '0', NULL, NULL, '西韩村', '0', 'admin', '2024-05-30 18:14:22', 'admin', '2024-05-30 18:14:22', NULL, NULL, NULL);
INSERT INTO `poor_user` VALUES (1796122975020269568, '371426199601261216', '张新财', NULL, NULL, '0', NULL, '0', NULL, NULL, '西韩村', '0', 'admin', '2024-05-30 18:14:22', 'admin', '2024-05-30 18:14:22', NULL, NULL, NULL);
INSERT INTO `poor_user` VALUES (1796122975221596160, '37242219700611121X', '王明刚', NULL, NULL, '0', NULL, '0', NULL, NULL, '西街村', '0', 'admin', '2024-05-30 18:14:22', 'admin', '2024-05-30 18:14:22', NULL, NULL, NULL);
INSERT INTO `poor_user` VALUES (1796122975443894272, '370831196708051911', '桂思雨', NULL, NULL, '0', NULL, '0', NULL, NULL, '小吴村', '0', 'admin', '2024-05-30 18:14:22', 'admin', '2024-05-30 18:14:22', NULL, NULL, NULL);
INSERT INTO `poor_user` VALUES (1796122975641026560, '372422197507171229', '王连俊', NULL, NULL, '0', NULL, '0', NULL, NULL, '小吴村', '0', 'admin', '2024-05-30 18:14:22', 'admin', '2024-05-30 18:14:22', NULL, NULL, NULL);
INSERT INTO `poor_user` VALUES (1796122975842353152, '371426200801291220', '王桂琪', NULL, NULL, '0', NULL, '0', NULL, NULL, '小吴村', '0', 'admin', '2024-05-30 18:14:22', 'admin', '2024-05-30 18:14:22', NULL, NULL, NULL);
INSERT INTO `poor_user` VALUES (1796122976039485440, '371426199911201227', '王建敏', NULL, NULL, '0', NULL, '0', NULL, NULL, '小吴村', '0', 'admin', '2024-05-30 18:14:23', 'admin', '2024-05-30 18:14:23', NULL, NULL, NULL);
INSERT INTO `poor_user` VALUES (1796122976245006336, '372422195504041251', '王吉贞', NULL, NULL, '0', NULL, '0', NULL, NULL, '徐庄村', '0', 'admin', '2024-05-30 18:14:23', 'admin', '2024-05-30 18:14:23', NULL, NULL, NULL);
INSERT INTO `poor_user` VALUES (1796122976454721536, '372422196009031229', '贾玉香', NULL, NULL, '0', NULL, '0', NULL, NULL, '徐庄村', '0', 'admin', '2024-05-30 18:14:23', 'admin', '2024-05-30 18:14:23', NULL, NULL, NULL);
INSERT INTO `poor_user` VALUES (1796122976656048128, '372422195604291215', '孙保柱', NULL, NULL, '0', NULL, '0', NULL, NULL, '徐庄村', '0', 'admin', '2024-05-30 18:14:23', 'admin', '2024-05-30 18:14:23', NULL, NULL, NULL);
INSERT INTO `poor_user` VALUES (1796122976869957632, '372422197310171225', '王东娟', NULL, NULL, '0', NULL, '0', NULL, NULL, '徐庄村', '0', 'admin', '2024-05-30 18:14:23', 'admin', '2024-05-30 18:14:23', NULL, NULL, NULL);
INSERT INTO `poor_user` VALUES (1796122977192919040, '371426200311291228', '魏文彩', NULL, NULL, '0', NULL, '0', NULL, NULL, '徐庄村', '0', 'admin', '2024-05-30 18:14:23', 'admin', '2024-05-30 18:14:23', NULL, NULL, NULL);
INSERT INTO `poor_user` VALUES (1796122977394245632, '371426200601161229', '魏文琪', NULL, NULL, '0', NULL, '0', NULL, NULL, '徐庄村', '0', 'admin', '2024-05-30 18:14:23', 'admin', '2024-05-30 18:14:23', NULL, NULL, NULL);
INSERT INTO `poor_user` VALUES (1796122977595572224, '372422195609091212', '姚汝成', NULL, NULL, '0', NULL, '0', NULL, NULL, '姚庄村', '0', 'admin', '2024-05-30 18:14:23', 'admin', '2024-05-30 18:14:23', NULL, NULL, NULL);
INSERT INTO `poor_user` VALUES (1796122977796898816, '372422197303101229', '寇金玉', NULL, NULL, '0', NULL, '0', NULL, NULL, '姚庄村', '0', 'admin', '2024-05-30 18:14:23', 'admin', '2024-05-30 18:14:23', NULL, NULL, NULL);
INSERT INTO `poor_user` VALUES (1796122977998225408, '372422197809201235', '姚相军', NULL, NULL, '0', NULL, '0', NULL, NULL, '姚庄村', '0', 'admin', '2024-05-30 18:14:23', 'admin', '2024-05-30 18:14:23', NULL, NULL, NULL);
INSERT INTO `poor_user` VALUES (1796122978195357696, '372422197604177227', '张悦喜', NULL, NULL, '0', NULL, '0', NULL, NULL, '姚庄村', '0', 'admin', '2024-05-30 18:14:23', 'admin', '2024-05-30 18:14:23', NULL, NULL, NULL);
INSERT INTO `poor_user` VALUES (1796122978392489984, '371426200204111236', '姚传颖', NULL, NULL, '0', NULL, '0', NULL, NULL, '姚庄村', '0', 'admin', '2024-05-30 18:14:23', 'admin', '2024-05-30 18:14:23', NULL, NULL, NULL);
INSERT INTO `poor_user` VALUES (1796122978593816576, '372422196112111219', '刘同勇', NULL, NULL, '0', NULL, '0', NULL, NULL, '窑上村', '0', 'admin', '2024-05-30 18:14:23', 'admin', '2024-05-30 18:14:23', NULL, NULL, NULL);
INSERT INTO `poor_user` VALUES (1796122978799337472, '372422196307031227', '张明菊', NULL, NULL, '0', NULL, '0', NULL, NULL, '窑上村', '0', 'admin', '2024-05-30 18:14:23', 'admin', '2024-05-30 18:14:23', NULL, NULL, NULL);
INSERT INTO `poor_user` VALUES (1796122978996469760, '372422194007181216', '刘同振', NULL, NULL, '0', NULL, '0', NULL, NULL, '窑上村', '0', 'admin', '2024-05-30 18:14:23', 'admin', '2024-05-30 18:14:23', NULL, NULL, NULL);
INSERT INTO `poor_user` VALUES (1796122979193602048, '372422193911221226', '刘桂兰', NULL, NULL, '0', NULL, '0', NULL, NULL, '窑上村', '0', 'admin', '2024-05-30 18:14:23', 'admin', '2024-05-30 18:14:23', NULL, NULL, NULL);
INSERT INTO `poor_user` VALUES (1796122979394928640, '372422197207091251', '刘心勇', NULL, NULL, '0', NULL, '0', NULL, NULL, '窑上村', '0', 'admin', '2024-05-30 18:14:23', 'admin', '2024-05-30 18:14:23', NULL, NULL, NULL);
INSERT INTO `poor_user` VALUES (1796122979671752704, '372422195610051234', '刘心增', NULL, NULL, '0', NULL, '0', NULL, NULL, '窑上村', '0', 'admin', '2024-05-30 18:14:23', 'admin', '2024-05-30 18:14:23', NULL, NULL, NULL);
INSERT INTO `poor_user` VALUES (1796122979864690688, '37242219520426121X', '刘同国', NULL, NULL, '0', NULL, '0', NULL, NULL, '窑上村', '0', 'admin', '2024-05-30 18:14:23', 'admin', '2024-05-30 18:14:23', NULL, NULL, NULL);
INSERT INTO `poor_user` VALUES (1796122980095377408, '372422195403211215', '刘同树', NULL, NULL, '0', NULL, '0', NULL, NULL, '窑上村', '0', 'admin', '2024-05-30 18:14:23', 'admin', '2024-05-30 18:14:23', NULL, NULL, NULL);
INSERT INTO `poor_user` VALUES (1796122980317675520, '372422197001301217', '姚如田', NULL, NULL, '0', NULL, '0', NULL, NULL, '芝坊村', '0', 'admin', '2024-05-30 18:14:24', 'admin', '2024-05-30 18:14:24', NULL, NULL, NULL);
INSERT INTO `poor_user` VALUES (1796122980548362240, '372422196805051220', '赵玉玲', NULL, NULL, '0', NULL, '0', NULL, NULL, '芝坊村', '0', 'admin', '2024-05-30 18:14:24', 'admin', '2024-05-30 18:14:24', NULL, NULL, NULL);
INSERT INTO `poor_user` VALUES (1796122980783243264, '371426199901221216', '姚光成', NULL, NULL, '0', NULL, '0', NULL, NULL, '芝坊村', '0', 'admin', '2024-05-30 18:14:24', 'admin', '2024-05-30 18:14:24', NULL, NULL, NULL);
INSERT INTO `poor_user` VALUES (1796122981013929984, '372422195402261245', '魏连兰', NULL, NULL, '0', NULL, '0', NULL, NULL, '芝坊村', '0', 'admin', '2024-05-30 18:14:24', 'admin', '2024-05-30 18:14:24', NULL, NULL, NULL);
INSERT INTO `poor_user` VALUES (1796122981232033792, '371426198406241215', '王传伟', NULL, NULL, '0', NULL, '0', NULL, NULL, '芝坊村', '0', 'admin', '2024-05-30 18:14:24', 'admin', '2024-05-30 18:14:24', NULL, NULL, NULL);
INSERT INTO `poor_user` VALUES (1796122981479497728, '37142619780801124X', '姚光珍', NULL, NULL, '0', NULL, '0', NULL, NULL, '芝坊村', '0', 'admin', '2024-05-30 18:14:24', 'admin', '2024-05-30 18:14:24', NULL, NULL, NULL);
INSERT INTO `poor_user` VALUES (1796122981685018624, '371426197508142010', '乔彦峰', NULL, NULL, '0', NULL, '0', NULL, NULL, '芝坊村', '0', 'admin', '2024-05-30 18:14:24', 'admin', '2024-05-30 18:14:24', NULL, NULL, NULL);
INSERT INTO `poor_user` VALUES (1796122981882150912, '371426201409261216', '姚甲譞', NULL, NULL, '0', NULL, '0', NULL, NULL, '芝坊村', '0', 'admin', '2024-05-30 18:14:24', 'admin', '2024-05-30 18:14:24', NULL, NULL, NULL);
INSERT INTO `poor_user` VALUES (1796122982138003456, '372422195507221223', '孙爱英', NULL, NULL, '0', NULL, '0', NULL, NULL, '芝坊村', '0', 'admin', '2024-05-30 18:14:24', 'admin', '2024-05-30 18:14:24', NULL, NULL, NULL);
INSERT INTO `poor_user` VALUES (1796122982364495872, '371426199102051230', '霍传明', NULL, NULL, '0', NULL, '0', NULL, NULL, '柳庄村', '0', 'admin', '2024-05-30 18:14:24', 'admin', '2024-05-30 18:14:24', NULL, NULL, NULL);
INSERT INTO `poor_user` VALUES (1796122982561628160, '371426198904051246', '徐倩', NULL, NULL, '0', NULL, '0', NULL, NULL, '柳庄村', '0', 'admin', '2024-05-30 18:14:24', 'admin', '2024-05-30 18:14:24', NULL, NULL, NULL);
INSERT INTO `poor_user` VALUES (1796122982825869312, '371426201505041248', '霍婉晴', NULL, NULL, '0', NULL, '0', NULL, NULL, '柳庄村', '0', 'admin', '2024-05-30 18:14:24', 'admin', '2024-05-30 18:14:24', NULL, NULL, NULL);
INSERT INTO `poor_user` VALUES (1796122983023001600, '372422195202131219', '梁连印', NULL, NULL, '0', NULL, '0', NULL, NULL, '徐庄村', '0', 'admin', '2024-05-30 18:14:24', 'admin', '2024-05-30 18:14:24', NULL, NULL, NULL);
INSERT INTO `poor_user` VALUES (1796122983236911104, '372422196802191228', '王吉红', NULL, NULL, '0', NULL, '0', NULL, NULL, '徐庄村', '0', 'admin', '2024-05-30 18:14:24', 'admin', '2024-05-30 18:14:24', NULL, NULL, NULL);
INSERT INTO `poor_user` VALUES (1796122983509540864, '372422197210027242', '崔红廷', NULL, NULL, '0', NULL, '0', NULL, NULL, '大张村', '0', 'admin', '2024-05-30 18:14:24', 'admin', '2024-05-30 18:14:24', NULL, NULL, NULL);
INSERT INTO `poor_user` VALUES (1796122983719256064, '371426200105141224', '张慧', NULL, NULL, '0', NULL, '0', NULL, NULL, '大张村', '0', 'admin', '2024-05-30 18:14:24', 'admin', '2024-05-30 18:14:24', NULL, NULL, NULL);
INSERT INTO `poor_user` VALUES (1796122983916388352, '37142620050606122X', '张睿', NULL, NULL, '0', NULL, '0', NULL, NULL, '大张村', '0', 'admin', '2024-05-30 18:14:24', 'admin', '2024-05-30 18:14:24', NULL, NULL, NULL);
INSERT INTO `poor_user` VALUES (1796122984226766848, '371426197108137618', '耿学国', NULL, NULL, '0', NULL, '0', NULL, NULL, '耿楼村', '0', 'admin', '2024-05-30 18:14:24', 'admin', '2024-05-30 18:14:24', NULL, NULL, NULL);
INSERT INTO `poor_user` VALUES (1796122984432287744, '372527197302140821', '张爱红', NULL, NULL, '0', NULL, '0', NULL, NULL, '耿楼村', '0', 'admin', '2024-05-30 18:14:25', 'admin', '2024-05-30 18:14:25', NULL, NULL, NULL);
INSERT INTO `poor_user` VALUES (1796122984730083328, '371426199810271226', '耿婷婷', NULL, NULL, '0', NULL, '0', NULL, NULL, '耿楼村', '0', 'admin', '2024-05-30 18:14:25', 'admin', '2024-05-30 18:14:25', NULL, NULL, NULL);
INSERT INTO `poor_user` VALUES (1796122984935604224, '371426200605101215', '耿士禄', NULL, NULL, '0', NULL, '0', NULL, NULL, '耿楼村', '0', 'admin', '2024-05-30 18:14:25', 'admin', '2024-05-30 18:14:25', NULL, NULL, NULL);
INSERT INTO `poor_user` VALUES (1796122985136930816, '37242219570714121X', '梁东涛', NULL, NULL, '0', NULL, '0', NULL, NULL, '小屯村', '0', 'admin', '2024-05-30 18:14:25', 'admin', '2024-05-30 18:14:25', NULL, NULL, NULL);
INSERT INTO `poor_user` VALUES (1796122985355034624, '372422195710121224', '侯秀红', NULL, NULL, '0', NULL, '0', NULL, NULL, '小屯村', '0', 'admin', '2024-05-30 18:14:25', 'admin', '2024-05-30 18:14:25', NULL, NULL, NULL);
INSERT INTO `poor_user` VALUES (1796122985640247296, '371426197904241221', '李建云', NULL, NULL, '0', NULL, '0', NULL, NULL, '小李村', '0', 'admin', '2024-05-30 18:14:25', 'admin', '2024-05-30 18:14:25', NULL, NULL, NULL);
INSERT INTO `poor_user` VALUES (1796122985883516928, '37242219550602122X', '李秀英', NULL, NULL, '0', NULL, '0', NULL, NULL, '小李村', '0', 'admin', '2024-05-30 18:14:25', 'admin', '2024-05-30 18:14:25', NULL, NULL, NULL);
INSERT INTO `poor_user` VALUES (1796122986093232128, '371426200207261221', '李向月', NULL, NULL, '0', NULL, '0', NULL, NULL, '小李村', '0', 'admin', '2024-05-30 18:14:25', 'admin', '2024-05-30 18:14:25', NULL, NULL, NULL);
INSERT INTO `poor_user` VALUES (1796122986391027712, '371426201006171224', '李向艳', NULL, NULL, '0', NULL, '0', NULL, NULL, '小李村', '0', 'admin', '2024-05-30 18:14:25', 'admin', '2024-05-30 18:14:25', NULL, NULL, NULL);
INSERT INTO `poor_user` VALUES (1796122986588160000, '372422197202251236', '陈守坚', NULL, NULL, '0', NULL, '0', NULL, NULL, '陈排村', '0', 'admin', '2024-05-30 18:14:25', 'admin', '2024-05-30 18:14:25', NULL, NULL, NULL);
INSERT INTO `poor_user` VALUES (1796122986785292288, '372422197410091222', '王义玉', NULL, NULL, '0', NULL, '0', NULL, NULL, '陈排村', '0', 'admin', '2024-05-30 18:14:25', 'admin', '2024-05-30 18:14:25', NULL, NULL, NULL);
INSERT INTO `poor_user` VALUES (1796122987049533440, '371426199811011231', '陈文举', NULL, NULL, '0', NULL, '0', NULL, NULL, '陈排村', '0', 'admin', '2024-05-30 18:14:25', 'admin', '2024-05-30 18:14:25', NULL, NULL, NULL);
INSERT INTO `poor_user` VALUES (1796122987326357504, '372422195508161226', '黑玉秋', NULL, NULL, '0', NULL, '0', NULL, NULL, '沙庄村', '0', 'admin', '2024-05-30 18:14:25', 'admin', '2024-05-30 18:14:25', NULL, NULL, NULL);
INSERT INTO `poor_user` VALUES (1820408238567387136, '371426200206161210', '李迈', '0', '2024-08-05', '0', NULL, '0', NULL, NULL, NULL, '0', 'admin', '2024-08-05 18:35:20', 'admin', '2024-08-05 18:35:20', NULL, NULL, NULL);
INSERT INTO `poor_user` VALUES (1820408347602513920, '372422197712107226', '陈玉芳', '1', '2024-08-05', '0', NULL, '0', NULL, NULL, NULL, '0', 'admin', '2024-08-05 18:35:46', 'admin', '2024-08-05 18:35:46', NULL, NULL, NULL);
INSERT INTO `poor_user` VALUES (1820408454645346304, '37242219771225121X', '李庆卫', '0', '1997-12-25', '0', NULL, '0', NULL, NULL, NULL, '0', 'admin', '2024-08-05 18:36:12', 'admin', '2024-08-05 18:36:12', NULL, NULL, NULL);

-- ----------------------------
-- Table structure for poor_village
-- ----------------------------
DROP TABLE IF EXISTS `poor_village`;
CREATE TABLE `poor_village`  (
  `id` bigint NOT NULL,
  `name` varchar(255) CHARACTER SET utf8mb4 COLLATE utf8mb4_general_ci NULL DEFAULT NULL COMMENT '户籍编号',
  `villager_count` int NULL DEFAULT NULL COMMENT '人口',
  `family_count` int NULL DEFAULT NULL COMMENT '户籍数',
  `admin` varchar(255) CHARACTER SET utf8mb4 COLLATE utf8mb4_general_ci NULL DEFAULT NULL COMMENT '村支书',
  `phone` varchar(255) CHARACTER SET utf8mb4 COLLATE utf8mb4_general_ci NULL DEFAULT NULL COMMENT '手机号',
  `del_flag` char(1) CHARACTER SET utf8mb4 COLLATE utf8mb4_general_ci NULL DEFAULT '0' COMMENT '删除标志（0代表存在 2代表删除）',
  `create_by` varchar(64) CHARACTER SET utf8mb4 COLLATE utf8mb4_general_ci NULL DEFAULT '' COMMENT '创建者',
  `create_time` datetime NULL DEFAULT NULL COMMENT '创建时间',
  `update_by` varchar(64) CHARACTER SET utf8mb4 COLLATE utf8mb4_general_ci NULL DEFAULT '' COMMENT '更新者',
  `update_time` datetime NULL DEFAULT NULL COMMENT '更新时间',
  PRIMARY KEY (`id`) USING BTREE
) ENGINE = InnoDB CHARACTER SET = utf8mb4 COLLATE = utf8mb4_general_ci ROW_FORMAT = DYNAMIC;

-- ----------------------------
-- Records of poor_village
-- ----------------------------
INSERT INTO `poor_village` VALUES (1958021277683183616, '北张', 1, 1, '张三丰', '15650098764', '0', 'admin', '2025-08-20 12:20:26', 'admin', '2025-08-20 12:20:26');
INSERT INTO `poor_village` VALUES (1958023291653795840, '南张111', 3, 7, '顶多', '1234323223', '0', 'admin', '2025-08-20 12:28:26', 'admin', '2025-08-21 12:30:42');

-- ----------------------------
-- Table structure for poor_village_build
-- ----------------------------
DROP TABLE IF EXISTS `poor_village_build`;
CREATE TABLE `poor_village_build`  (
  `id` bigint NOT NULL,
  `name` varchar(255) CHARACTER SET utf8mb4 COLLATE utf8mb4_general_ci NULL DEFAULT NULL COMMENT '所属村民',
  `phone` varchar(12) CHARACTER SET utf8mb4 COLLATE utf8mb4_general_ci NULL DEFAULT NULL COMMENT '联系方式',
  `address` varchar(255) CHARACTER SET utf8mb4 COLLATE utf8mb4_general_ci NULL DEFAULT NULL COMMENT '所在地址',
  `type` varchar(2) CHARACTER SET utf8mb4 COLLATE utf8mb4_general_ci NULL DEFAULT NULL COMMENT '0普通 1危房',
  `del_flag` char(1) CHARACTER SET utf8mb4 COLLATE utf8mb4_general_ci NULL DEFAULT '0' COMMENT '删除标志（0代表存在 2代表删除）',
  `create_by` varchar(64) CHARACTER SET utf8mb4 COLLATE utf8mb4_general_ci NULL DEFAULT '' COMMENT '创建者',
  `create_time` datetime NULL DEFAULT NULL COMMENT '创建时间',
  `update_by` varchar(64) CHARACTER SET utf8mb4 COLLATE utf8mb4_general_ci NULL DEFAULT '' COMMENT '更新者',
  `update_time` datetime NULL DEFAULT NULL COMMENT '更新时间',
  `remark` varchar(255) CHARACTER SET utf8mb4 COLLATE utf8mb4_general_ci NULL DEFAULT NULL COMMENT '备注',
  `village_id` bigint NULL DEFAULT NULL,
  PRIMARY KEY (`id`) USING BTREE
) ENGINE = InnoDB CHARACTER SET = utf8mb4 COLLATE = utf8mb4_general_ci ROW_FORMAT = DYNAMIC;

-- ----------------------------
-- Records of poor_village_build
-- ----------------------------

-- ----------------------------
-- Table structure for poor_village_industry
-- ----------------------------
DROP TABLE IF EXISTS `poor_village_industry`;
CREATE TABLE `poor_village_industry`  (
  `id` bigint NOT NULL,
  `name` varchar(255) CHARACTER SET utf8mb4 COLLATE utf8mb4_general_ci NULL DEFAULT NULL COMMENT '企业名称',
  `del_flag` char(1) CHARACTER SET utf8mb4 COLLATE utf8mb4_general_ci NULL DEFAULT '0' COMMENT '删除标志（0代表存在 2代表删除）',
  `create_by` varchar(64) CHARACTER SET utf8mb4 COLLATE utf8mb4_general_ci NULL DEFAULT '' COMMENT '创建者',
  `create_time` datetime NULL DEFAULT NULL COMMENT '创建时间',
  `update_by` varchar(64) CHARACTER SET utf8mb4 COLLATE utf8mb4_general_ci NULL DEFAULT '' COMMENT '更新者',
  `update_time` datetime NULL DEFAULT NULL COMMENT '更新时间',
  `admin` varchar(255) CHARACTER SET utf8mb4 COLLATE utf8mb4_general_ci NULL DEFAULT NULL COMMENT '负责人',
  `phone` varchar(255) CHARACTER SET utf8mb4 COLLATE utf8mb4_general_ci NULL DEFAULT NULL COMMENT '负责人电话',
  `industry` varchar(255) CHARACTER SET utf8mb4 COLLATE utf8mb4_general_ci NULL DEFAULT NULL COMMENT '主营业务',
  `employee_count` int NULL DEFAULT NULL COMMENT '员工数量',
  `founded_date` date NULL DEFAULT NULL COMMENT '成立日期',
  `state` varchar(2) CHARACTER SET utf8mb4 COLLATE utf8mb4_general_ci NULL DEFAULT NULL COMMENT '运营状态',
  `village_id` bigint NULL DEFAULT NULL,
  PRIMARY KEY (`id`) USING BTREE
) ENGINE = InnoDB CHARACTER SET = utf8mb4 COLLATE = utf8mb4_general_ci ROW_FORMAT = DYNAMIC;

-- ----------------------------
-- Records of poor_village_industry
-- ----------------------------

-- ----------------------------
-- Table structure for poor_village_land
-- ----------------------------
DROP TABLE IF EXISTS `poor_village_land`;
CREATE TABLE `poor_village_land`  (
  `id` bigint NOT NULL,
  `area_land` decimal(10, 2) NULL DEFAULT NULL COMMENT '耕地面积',
  `area_forest` decimal(10, 2) NULL DEFAULT NULL COMMENT '林地面积',
  `area_house` decimal(10, 2) NULL DEFAULT NULL COMMENT '宅基地面积',
  `area_road` decimal(10, 2) NULL DEFAULT NULL COMMENT '道路面积',
  `remark` varchar(255) CHARACTER SET utf8mb4 COLLATE utf8mb4_general_ci NULL DEFAULT NULL COMMENT '备注',
  `del_flag` char(1) CHARACTER SET utf8mb4 COLLATE utf8mb4_general_ci NULL DEFAULT '0' COMMENT '删除标志（0代表存在 2代表删除）',
  `create_by` varchar(64) CHARACTER SET utf8mb4 COLLATE utf8mb4_general_ci NULL DEFAULT '' COMMENT '创建者',
  `create_time` datetime NULL DEFAULT NULL COMMENT '创建时间',
  `update_by` varchar(64) CHARACTER SET utf8mb4 COLLATE utf8mb4_general_ci NULL DEFAULT '' COMMENT '更新者',
  `update_time` datetime NULL DEFAULT NULL COMMENT '更新时间',
  `village_id` bigint NULL DEFAULT NULL,
  PRIMARY KEY (`id`) USING BTREE
) ENGINE = InnoDB CHARACTER SET = utf8mb4 COLLATE = utf8mb4_general_ci ROW_FORMAT = DYNAMIC;

-- ----------------------------
-- Records of poor_village_land
-- ----------------------------

-- ----------------------------
-- Table structure for sys_config
-- ----------------------------
DROP TABLE IF EXISTS `sys_config`;
CREATE TABLE `sys_config`  (
  `config_id` int NOT NULL AUTO_INCREMENT COMMENT '参数主键',
  `config_name` varchar(100) CHARACTER SET utf8mb4 COLLATE utf8mb4_general_ci NULL DEFAULT '' COMMENT '参数名称',
  `config_key` varchar(100) CHARACTER SET utf8mb4 COLLATE utf8mb4_general_ci NULL DEFAULT '' COMMENT '参数键名',
  `config_value` varchar(500) CHARACTER SET utf8mb4 COLLATE utf8mb4_general_ci NULL DEFAULT '' COMMENT '参数键值',
  `config_type` char(1) CHARACTER SET utf8mb4 COLLATE utf8mb4_general_ci NULL DEFAULT 'N' COMMENT '系统内置（Y是 N否）',
  `create_by` varchar(64) CHARACTER SET utf8mb4 COLLATE utf8mb4_general_ci NULL DEFAULT '' COMMENT '创建者',
  `create_time` datetime NULL DEFAULT NULL COMMENT '创建时间',
  `update_by` varchar(64) CHARACTER SET utf8mb4 COLLATE utf8mb4_general_ci NULL DEFAULT '' COMMENT '更新者',
  `update_time` datetime NULL DEFAULT NULL COMMENT '更新时间',
  `remark` varchar(500) CHARACTER SET utf8mb4 COLLATE utf8mb4_general_ci NULL DEFAULT NULL COMMENT '备注',
  PRIMARY KEY (`config_id`) USING BTREE
) ENGINE = InnoDB AUTO_INCREMENT = 100 CHARACTER SET = utf8mb4 COLLATE = utf8mb4_general_ci COMMENT = '参数配置表' ROW_FORMAT = DYNAMIC;

-- ----------------------------
-- Records of sys_config
-- ----------------------------
INSERT INTO `sys_config` VALUES (1, '主框架页-默认皮肤样式名称', 'sys.index.skinName', 'skin-blue', 'Y', 'admin', '2024-05-22 11:42:58', '', NULL, '蓝色 skin-blue、绿色 skin-green、紫色 skin-purple、红色 skin-red、黄色 skin-yellow');
INSERT INTO `sys_config` VALUES (2, '用户管理-账号初始密码', 'sys.user.initPassword', '123456', 'Y', 'admin', '2024-05-22 11:42:58', '', NULL, '初始化密码 123456');
INSERT INTO `sys_config` VALUES (3, '主框架页-侧边栏主题', 'sys.index.sideTheme', 'theme-dark', 'Y', 'admin', '2024-05-22 11:42:58', '', NULL, '深色主题theme-dark，浅色主题theme-light');
INSERT INTO `sys_config` VALUES (4, '账号自助-验证码开关', 'sys.account.captchaEnabled', 'false', 'N', 'admin', '2024-05-22 11:42:58', 'admin', '2024-05-23 07:00:27', '是否开启验证码功能（true开启，false关闭）');
INSERT INTO `sys_config` VALUES (5, '账号自助-是否开启用户注册功能', 'sys.account.registerUser', 'false', 'Y', 'admin', '2024-05-22 11:42:58', '', NULL, '是否开启注册用户功能（true开启，false关闭）');
INSERT INTO `sys_config` VALUES (6, '用户登录-黑名单列表', 'sys.login.blackIPList', '', 'Y', 'admin', '2024-05-22 11:42:58', '', NULL, '设置登录IP黑名单限制，多个匹配项以;分隔，支持匹配（*通配、网段）');

-- ----------------------------
-- Table structure for sys_dept
-- ----------------------------
DROP TABLE IF EXISTS `sys_dept`;
CREATE TABLE `sys_dept`  (
  `dept_id` bigint NOT NULL AUTO_INCREMENT COMMENT '部门id',
  `parent_id` bigint NULL DEFAULT 0 COMMENT '父部门id',
  `ancestors` varchar(50) CHARACTER SET utf8mb4 COLLATE utf8mb4_general_ci NULL DEFAULT '' COMMENT '祖级列表',
  `dept_name` varchar(30) CHARACTER SET utf8mb4 COLLATE utf8mb4_general_ci NULL DEFAULT '' COMMENT '部门名称',
  `order_num` int NULL DEFAULT 0 COMMENT '显示顺序',
  `leader` varchar(20) CHARACTER SET utf8mb4 COLLATE utf8mb4_general_ci NULL DEFAULT NULL COMMENT '负责人',
  `phone` varchar(11) CHARACTER SET utf8mb4 COLLATE utf8mb4_general_ci NULL DEFAULT NULL COMMENT '联系电话',
  `email` varchar(50) CHARACTER SET utf8mb4 COLLATE utf8mb4_general_ci NULL DEFAULT NULL COMMENT '邮箱',
  `status` char(1) CHARACTER SET utf8mb4 COLLATE utf8mb4_general_ci NULL DEFAULT '0' COMMENT '部门状态（0正常 1停用）',
  `del_flag` char(1) CHARACTER SET utf8mb4 COLLATE utf8mb4_general_ci NULL DEFAULT '0' COMMENT '删除标志（0代表存在 2代表删除）',
  `create_by` varchar(64) CHARACTER SET utf8mb4 COLLATE utf8mb4_general_ci NULL DEFAULT '' COMMENT '创建者',
  `create_time` datetime NULL DEFAULT NULL COMMENT '创建时间',
  `update_by` varchar(64) CHARACTER SET utf8mb4 COLLATE utf8mb4_general_ci NULL DEFAULT '' COMMENT '更新者',
  `update_time` datetime NULL DEFAULT NULL COMMENT '更新时间',
  PRIMARY KEY (`dept_id`) USING BTREE
) ENGINE = InnoDB AUTO_INCREMENT = 200 CHARACTER SET = utf8mb4 COLLATE = utf8mb4_general_ci COMMENT = '部门表' ROW_FORMAT = DYNAMIC;

-- ----------------------------
-- Records of sys_dept
-- ----------------------------
INSERT INTO `sys_dept` VALUES (100, 0, '0', '若依科技', 0, '若依', '15888888888', 'ry@qq.com', '0', '0', 'admin', '2024-05-22 11:42:57', '', NULL);
INSERT INTO `sys_dept` VALUES (101, 100, '0,100', '深圳总公司', 1, '若依', '15888888888', 'ry@qq.com', '0', '0', 'admin', '2024-05-22 11:42:57', '', NULL);
INSERT INTO `sys_dept` VALUES (102, 100, '0,100', '长沙分公司', 2, '若依', '15888888888', 'ry@qq.com', '0', '2', 'admin', '2024-05-22 11:42:57', '', NULL);
INSERT INTO `sys_dept` VALUES (103, 101, '0,100,101', '研发部门', 1, '若依', '15888888888', 'ry@qq.com', '0', '0', 'admin', '2024-05-22 11:42:57', '', NULL);
INSERT INTO `sys_dept` VALUES (104, 101, '0,100,101', '市场部门', 2, '若依', '15888888888', 'ry@qq.com', '0', '2', 'admin', '2024-05-22 11:42:57', '', NULL);
INSERT INTO `sys_dept` VALUES (105, 101, '0,100,101', '测试部门', 3, '若依', '15888888888', 'ry@qq.com', '0', '0', 'admin', '2024-05-22 11:42:57', '', NULL);
INSERT INTO `sys_dept` VALUES (106, 101, '0,100,101', '财务部门', 4, '若依', '15888888888', 'ry@qq.com', '0', '2', 'admin', '2024-05-22 11:42:57', '', NULL);
INSERT INTO `sys_dept` VALUES (107, 101, '0,100,101', '运维部门', 5, '若依', '15888888888', 'ry@qq.com', '0', '2', 'admin', '2024-05-22 11:42:57', '', NULL);
INSERT INTO `sys_dept` VALUES (108, 102, '0,100,102', '市场部门', 1, '若依', '15888888888', 'ry@qq.com', '0', '2', 'admin', '2024-05-22 11:42:57', '', NULL);
INSERT INTO `sys_dept` VALUES (109, 102, '0,100,102', '财务部门', 2, '若依', '15888888888', 'ry@qq.com', '0', '2', 'admin', '2024-05-22 11:42:57', '', NULL);

-- ----------------------------
-- Table structure for sys_dict_data
-- ----------------------------
DROP TABLE IF EXISTS `sys_dict_data`;
CREATE TABLE `sys_dict_data`  (
  `dict_code` bigint NOT NULL AUTO_INCREMENT COMMENT '字典编码',
  `dict_sort` int NULL DEFAULT 0 COMMENT '字典排序',
  `dict_label` varchar(100) CHARACTER SET utf8mb4 COLLATE utf8mb4_general_ci NULL DEFAULT '' COMMENT '字典标签',
  `dict_value` varchar(100) CHARACTER SET utf8mb4 COLLATE utf8mb4_general_ci NULL DEFAULT '' COMMENT '字典键值',
  `dict_type` varchar(100) CHARACTER SET utf8mb4 COLLATE utf8mb4_general_ci NULL DEFAULT '' COMMENT '字典类型',
  `css_class` varchar(100) CHARACTER SET utf8mb4 COLLATE utf8mb4_general_ci NULL DEFAULT NULL COMMENT '样式属性（其他样式扩展）',
  `list_class` varchar(100) CHARACTER SET utf8mb4 COLLATE utf8mb4_general_ci NULL DEFAULT NULL COMMENT '表格回显样式',
  `is_default` char(1) CHARACTER SET utf8mb4 COLLATE utf8mb4_general_ci NULL DEFAULT 'N' COMMENT '是否默认（Y是 N否）',
  `status` char(1) CHARACTER SET utf8mb4 COLLATE utf8mb4_general_ci NULL DEFAULT '0' COMMENT '状态（0正常 1停用）',
  `create_by` varchar(64) CHARACTER SET utf8mb4 COLLATE utf8mb4_general_ci NULL DEFAULT '' COMMENT '创建者',
  `create_time` datetime NULL DEFAULT NULL COMMENT '创建时间',
  `update_by` varchar(64) CHARACTER SET utf8mb4 COLLATE utf8mb4_general_ci NULL DEFAULT '' COMMENT '更新者',
  `update_time` datetime NULL DEFAULT NULL COMMENT '更新时间',
  `remark` varchar(500) CHARACTER SET utf8mb4 COLLATE utf8mb4_general_ci NULL DEFAULT NULL COMMENT '备注',
  PRIMARY KEY (`dict_code`) USING BTREE
) ENGINE = InnoDB AUTO_INCREMENT = 162 CHARACTER SET = utf8mb4 COLLATE = utf8mb4_general_ci COMMENT = '字典数据表' ROW_FORMAT = DYNAMIC;

-- ----------------------------
-- Records of sys_dict_data
-- ----------------------------
INSERT INTO `sys_dict_data` VALUES (1, 1, '男', '0', 'sys_user_sex', '', '', 'Y', '0', 'admin', '2024-05-22 11:42:58', '', NULL, '性别男');
INSERT INTO `sys_dict_data` VALUES (2, 2, '女', '1', 'sys_user_sex', '', '', 'N', '0', 'admin', '2024-05-22 11:42:58', '', NULL, '性别女');
INSERT INTO `sys_dict_data` VALUES (3, 3, '未知', '2', 'sys_user_sex', '', '', 'N', '0', 'admin', '2024-05-22 11:42:58', '', NULL, '性别未知');
INSERT INTO `sys_dict_data` VALUES (4, 1, '显示', '0', 'sys_show_hide', '', 'primary', 'Y', '0', 'admin', '2024-05-22 11:42:58', '', NULL, '显示菜单');
INSERT INTO `sys_dict_data` VALUES (5, 2, '隐藏', '1', 'sys_show_hide', '', 'danger', 'N', '0', 'admin', '2024-05-22 11:42:58', '', NULL, '隐藏菜单');
INSERT INTO `sys_dict_data` VALUES (6, 1, '正常', '0', 'sys_normal_disable', '', 'primary', 'Y', '0', 'admin', '2024-05-22 11:42:58', '', NULL, '正常状态');
INSERT INTO `sys_dict_data` VALUES (7, 2, '停用', '1', 'sys_normal_disable', '', 'danger', 'N', '0', 'admin', '2024-05-22 11:42:58', '', NULL, '停用状态');
INSERT INTO `sys_dict_data` VALUES (8, 1, '正常', '0', 'sys_job_status', '', 'primary', 'Y', '0', 'admin', '2024-05-22 11:42:58', '', NULL, '正常状态');
INSERT INTO `sys_dict_data` VALUES (9, 2, '暂停', '1', 'sys_job_status', '', 'danger', 'N', '0', 'admin', '2024-05-22 11:42:58', '', NULL, '停用状态');
INSERT INTO `sys_dict_data` VALUES (10, 1, '默认', 'DEFAULT', 'sys_job_group', '', '', 'Y', '0', 'admin', '2024-05-22 11:42:58', '', NULL, '默认分组');
INSERT INTO `sys_dict_data` VALUES (11, 2, '系统', 'SYSTEM', 'sys_job_group', '', '', 'N', '0', 'admin', '2024-05-22 11:42:58', '', NULL, '系统分组');
INSERT INTO `sys_dict_data` VALUES (12, 1, '是', 'Y', 'sys_yes_no', '', 'primary', 'Y', '0', 'admin', '2024-05-22 11:42:58', '', NULL, '系统默认是');
INSERT INTO `sys_dict_data` VALUES (13, 2, '否', 'N', 'sys_yes_no', '', 'danger', 'N', '0', 'admin', '2024-05-22 11:42:58', '', NULL, '系统默认否');
INSERT INTO `sys_dict_data` VALUES (14, 1, '通知', '1', 'sys_notice_type', '', 'warning', 'Y', '0', 'admin', '2024-05-22 11:42:58', '', NULL, '通知');
INSERT INTO `sys_dict_data` VALUES (15, 2, '公告', '2', 'sys_notice_type', '', 'success', 'N', '0', 'admin', '2024-05-22 11:42:58', '', NULL, '公告');
INSERT INTO `sys_dict_data` VALUES (16, 1, '正常', '0', 'sys_notice_status', '', 'primary', 'Y', '0', 'admin', '2024-05-22 11:42:58', '', NULL, '正常状态');
INSERT INTO `sys_dict_data` VALUES (17, 2, '关闭', '1', 'sys_notice_status', '', 'danger', 'N', '0', 'admin', '2024-05-22 11:42:58', '', NULL, '关闭状态');
INSERT INTO `sys_dict_data` VALUES (18, 99, '其他', '0', 'sys_oper_type', '', 'info', 'N', '0', 'admin', '2024-05-22 11:42:58', '', NULL, '其他操作');
INSERT INTO `sys_dict_data` VALUES (19, 1, '新增', '1', 'sys_oper_type', '', 'info', 'N', '0', 'admin', '2024-05-22 11:42:58', '', NULL, '新增操作');
INSERT INTO `sys_dict_data` VALUES (20, 2, '修改', '2', 'sys_oper_type', '', 'info', 'N', '0', 'admin', '2024-05-22 11:42:58', '', NULL, '修改操作');
INSERT INTO `sys_dict_data` VALUES (21, 3, '删除', '3', 'sys_oper_type', '', 'danger', 'N', '0', 'admin', '2024-05-22 11:42:58', '', NULL, '删除操作');
INSERT INTO `sys_dict_data` VALUES (22, 4, '授权', '4', 'sys_oper_type', '', 'primary', 'N', '0', 'admin', '2024-05-22 11:42:58', '', NULL, '授权操作');
INSERT INTO `sys_dict_data` VALUES (23, 5, '导出', '5', 'sys_oper_type', '', 'warning', 'N', '0', 'admin', '2024-05-22 11:42:58', '', NULL, '导出操作');
INSERT INTO `sys_dict_data` VALUES (24, 6, '导入', '6', 'sys_oper_type', '', 'warning', 'N', '0', 'admin', '2024-05-22 11:42:58', '', NULL, '导入操作');
INSERT INTO `sys_dict_data` VALUES (25, 7, '强退', '7', 'sys_oper_type', '', 'danger', 'N', '0', 'admin', '2024-05-22 11:42:58', '', NULL, '强退操作');
INSERT INTO `sys_dict_data` VALUES (26, 8, '生成代码', '8', 'sys_oper_type', '', 'warning', 'N', '0', 'admin', '2024-05-22 11:42:58', '', NULL, '生成操作');
INSERT INTO `sys_dict_data` VALUES (27, 9, '清空数据', '9', 'sys_oper_type', '', 'danger', 'N', '0', 'admin', '2024-05-22 11:42:58', '', NULL, '清空操作');
INSERT INTO `sys_dict_data` VALUES (28, 1, '成功', '0', 'sys_common_status', '', 'primary', 'N', '0', 'admin', '2024-05-22 11:42:58', '', NULL, '正常状态');
INSERT INTO `sys_dict_data` VALUES (29, 2, '失败', '1', 'sys_common_status', '', 'danger', 'N', '0', 'admin', '2024-05-22 11:42:58', '', NULL, '停用状态');
INSERT INTO `sys_dict_data` VALUES (100, 0, '是', '1', 'yes_no', NULL, 'danger', 'N', '0', 'admin', '2024-05-23 01:08:17', 'admin', '2024-05-23 01:15:53', NULL);
INSERT INTO `sys_dict_data` VALUES (101, 0, '否', '0', 'yes_no', NULL, 'primary', 'N', '0', 'admin', '2024-05-23 01:08:26', 'admin', '2024-05-23 01:15:58', NULL);
INSERT INTO `sys_dict_data` VALUES (102, 1, '低保补贴', '0', 'subsidy_type', NULL, 'primary', 'N', '0', 'admin', '2024-05-23 07:38:47', '', NULL, NULL);
INSERT INTO `sys_dict_data` VALUES (103, 0, '困难残疾人生活补贴', '1', 'subsidy_type', NULL, 'success', 'N', '0', 'admin', '2024-05-23 07:38:59', 'admin', '2024-05-30 08:31:15', NULL);
INSERT INTO `sys_dict_data` VALUES (104, 0, '重残护理补贴', '2', 'subsidy_type', NULL, 'info', 'N', '0', 'admin', '2024-05-23 07:39:11', 'admin', '2024-05-30 08:31:58', NULL);
INSERT INTO `sys_dict_data` VALUES (105, 0, '东街村', '0', 'village', NULL, 'default', 'N', '0', 'admin', '2024-05-23 09:46:41', 'admin', '2024-08-06 12:32:47', NULL);
INSERT INTO `sys_dict_data` VALUES (106, 1, '培口村', '1', 'village', NULL, 'default', 'N', '0', 'admin', '2024-05-23 09:46:57', 'admin', '2024-08-07 05:39:34', NULL);
INSERT INTO `sys_dict_data` VALUES (107, 0, '特困金额', '3', 'subsidy_type', NULL, 'default', 'N', '0', 'admin', '2024-05-30 08:33:09', '', NULL, NULL);
INSERT INTO `sys_dict_data` VALUES (108, 0, '临时救助金额', '4', 'subsidy_type', NULL, 'default', 'N', '0', 'admin', '2024-05-30 08:33:39', '', NULL, NULL);
INSERT INTO `sys_dict_data` VALUES (109, 0, '困难老年人补贴', '5', 'subsidy_type', NULL, 'default', 'N', '0', 'admin', '2024-05-30 08:34:04', '', NULL, NULL);
INSERT INTO `sys_dict_data` VALUES (110, 0, '养老金', '6', 'subsidy_type', NULL, 'default', 'N', '0', 'admin', '2024-05-30 08:34:32', '', NULL, NULL);
INSERT INTO `sys_dict_data` VALUES (111, 0, '人社公益岗工资金额', '7', 'subsidy_type', NULL, 'default', 'N', '0', 'admin', '2024-05-30 08:35:17', '', NULL, NULL);
INSERT INTO `sys_dict_data` VALUES (112, 0, '扶贫专岗金额', '8', 'subsidy_type', NULL, 'default', 'N', '0', 'admin', '2024-05-30 08:35:47', '', NULL, NULL);
INSERT INTO `sys_dict_data` VALUES (113, 0, '高龄津贴', '9', 'subsidy_type', NULL, 'default', 'N', '0', 'admin', '2024-05-30 08:36:14', '', NULL, NULL);
INSERT INTO `sys_dict_data` VALUES (114, 0, '长寿津贴', '10', 'subsidy_type', NULL, 'default', 'N', '0', 'admin', '2024-05-30 08:36:43', '', NULL, NULL);
INSERT INTO `sys_dict_data` VALUES (115, 0, '户主', '0', 'relation_type', NULL, 'primary', 'N', '0', 'admin', '2024-05-31 01:52:15', '', NULL, NULL);
INSERT INTO `sys_dict_data` VALUES (116, 0, '配偶', '1', 'relation_type', NULL, 'success', 'N', '0', 'admin', '2024-05-31 01:52:29', '', NULL, NULL);
INSERT INTO `sys_dict_data` VALUES (117, 0, '之子', '2', 'relation_type', NULL, 'info', 'N', '0', 'admin', '2024-05-31 01:52:47', 'admin', '2024-05-31 02:36:37', NULL);
INSERT INTO `sys_dict_data` VALUES (118, 0, '之女', '3', 'relation_type', NULL, 'info', 'N', '0', 'admin', '2024-05-31 01:53:01', 'admin', '2024-05-31 02:36:42', NULL);
INSERT INTO `sys_dict_data` VALUES (119, 0, '之儿媳', '4', 'relation_type', NULL, 'info', 'N', '0', 'admin', '2024-05-31 01:53:18', 'admin', '2024-05-31 02:36:46', NULL);
INSERT INTO `sys_dict_data` VALUES (120, 0, '之女婿', '5', 'relation_type', NULL, 'info', 'N', '0', 'admin', '2024-05-31 01:53:26', 'admin', '2024-05-31 02:36:50', NULL);
INSERT INTO `sys_dict_data` VALUES (121, 0, '雨露计划', '11', 'subsidy_type', NULL, 'default', 'N', '0', 'admin', '2024-05-31 03:27:21', '', NULL, NULL);
INSERT INTO `sys_dict_data` VALUES (122, 0, '土屋村', '37', 'village', NULL, NULL, 'N', '0', '', NULL, 'admin', '2024-08-06 12:45:55', NULL);
INSERT INTO `sys_dict_data` VALUES (123, 3, '姚庄村', '3', 'village', NULL, NULL, 'N', '0', '', NULL, '', NULL, NULL);
INSERT INTO `sys_dict_data` VALUES (124, 4, '宋范村', '4', 'village', NULL, NULL, 'N', '0', '', NULL, 'admin', '2024-08-06 12:36:28', NULL);
INSERT INTO `sys_dict_data` VALUES (125, 5, '孔庄村', '5', 'village', NULL, NULL, 'N', '0', '', NULL, 'admin', '2024-08-06 12:36:47', NULL);
INSERT INTO `sys_dict_data` VALUES (126, 6, '后槐村', '6', 'village', NULL, NULL, 'N', '0', '', NULL, 'admin', '2024-08-06 12:50:13', NULL);
INSERT INTO `sys_dict_data` VALUES (127, 7, '王双堂村', '7', 'village', NULL, NULL, 'N', '0', '', NULL, 'admin', '2024-08-06 12:49:46', NULL);
INSERT INTO `sys_dict_data` VALUES (128, 8, '大魏村', '8', 'village', NULL, NULL, 'N', '0', '', NULL, 'admin', '2024-08-06 12:49:20', NULL);
INSERT INTO `sys_dict_data` VALUES (129, 9, '前槐村', '9', 'village', NULL, NULL, 'N', '0', '', NULL, 'admin', '2024-08-06 12:49:00', NULL);
INSERT INTO `sys_dict_data` VALUES (130, 10, '梁庄村', '10', 'village', NULL, NULL, 'N', '0', '', NULL, 'admin', '2024-08-06 12:48:37', NULL);
INSERT INTO `sys_dict_data` VALUES (131, 11, '西韩村', '11', 'village', NULL, NULL, 'N', '0', '', NULL, 'admin', '2024-08-06 12:48:22', NULL);
INSERT INTO `sys_dict_data` VALUES (132, 12, '大白村', '12', 'village', NULL, NULL, 'N', '0', '', NULL, 'admin', '2024-08-06 12:48:03', NULL);
INSERT INTO `sys_dict_data` VALUES (133, 13, '土屋村', '13', 'village', NULL, NULL, 'N', '0', '', NULL, 'admin', '2024-08-06 12:47:53', NULL);
INSERT INTO `sys_dict_data` VALUES (134, 14, '黄庄村', '14', 'village', NULL, NULL, 'N', '0', '', NULL, 'admin', '2024-08-06 12:47:36', NULL);
INSERT INTO `sys_dict_data` VALUES (135, 15, '柳庄村', '15', 'village', NULL, NULL, 'N', '0', '', NULL, 'admin', '2024-08-06 12:47:18', NULL);
INSERT INTO `sys_dict_data` VALUES (136, 16, '塘坊村', '16', 'village', NULL, NULL, 'N', '0', '', NULL, 'admin', '2024-08-06 12:46:52', NULL);
INSERT INTO `sys_dict_data` VALUES (137, 17, '大张村', '17', 'village', NULL, NULL, 'N', '0', '', NULL, '', NULL, NULL);
INSERT INTO `sys_dict_data` VALUES (138, 18, '沙庄村', '18', 'village', NULL, NULL, 'N', '0', '', NULL, 'admin', '2024-08-06 12:46:26', NULL);
INSERT INTO `sys_dict_data` VALUES (139, 0, '之兄弟姐妹', '6', 'relation_type', NULL, 'info', 'N', '0', '', NULL, '', NULL, NULL);
INSERT INTO `sys_dict_data` VALUES (140, 0, '之孙子', '7', 'relation_type', NULL, 'info', 'N', '0', '', NULL, '', NULL, NULL);
INSERT INTO `sys_dict_data` VALUES (141, 0, '之外孙子', '8', 'relation_type', NULL, 'info', 'N', '0', '', NULL, '', NULL, NULL);
INSERT INTO `sys_dict_data` VALUES (142, 0, '养老金代缴', '12', 'subsidy_type', NULL, 'default', 'N', '0', 'admin', '2024-05-31 08:53:43', 'admin', '2024-05-31 09:07:39', NULL);
INSERT INTO `sys_dict_data` VALUES (143, 0, '窑上村', '19', 'village', NULL, 'info', 'N', '0', 'admin', '2024-08-05 10:31:56', 'admin', '2024-08-06 12:37:00', NULL);
INSERT INTO `sys_dict_data` VALUES (144, 0, '北张村', '23', 'village', NULL, 'default', 'N', '0', 'admin', '2024-08-06 10:09:37', 'admin', '2024-08-06 12:38:58', NULL);
INSERT INTO `sys_dict_data` VALUES (145, 0, '南街村', '22', 'village', NULL, 'default', 'N', '0', 'admin', '2024-08-06 10:09:39', 'admin', '2024-08-06 12:38:49', NULL);
INSERT INTO `sys_dict_data` VALUES (146, 0, '西街村', '21', 'village', NULL, 'default', 'N', '0', 'admin', '2024-08-06 10:09:44', 'admin', '2024-08-06 12:34:21', NULL);
INSERT INTO `sys_dict_data` VALUES (147, 0, '大李村', '2', 'village', '2', 'default', 'N', '0', 'admin', '2024-08-06 12:37:42', 'admin', '2024-08-06 12:38:07', NULL);
INSERT INTO `sys_dict_data` VALUES (148, 0, '小屯村', '28', 'village', NULL, 'default', 'N', '0', 'admin', '2024-08-06 12:42:18', '', NULL, NULL);
INSERT INTO `sys_dict_data` VALUES (149, 0, '小芝坊村', '29', 'village', NULL, 'default', 'N', '0', 'admin', '2024-08-06 12:43:00', 'admin', '2024-08-06 12:43:10', NULL);
INSERT INTO `sys_dict_data` VALUES (150, 0, '小吴村', '31', 'village', NULL, 'default', 'N', '0', 'admin', '2024-08-06 12:43:45', '', NULL, NULL);
INSERT INTO `sys_dict_data` VALUES (151, 0, '马庄村', '30', 'village', NULL, 'default', 'N', '0', 'admin', '2024-08-06 12:44:13', '', NULL, NULL);
INSERT INTO `sys_dict_data` VALUES (152, 0, '林桥村', '32', 'village', NULL, 'default', 'N', '0', 'admin', '2024-08-06 12:44:32', '', NULL, NULL);
INSERT INTO `sys_dict_data` VALUES (153, 0, '陈排村', '33', 'village', NULL, 'default', 'N', '0', 'admin', '2024-08-06 12:44:49', '', NULL, NULL);
INSERT INTO `sys_dict_data` VALUES (154, 0, '徐庄村', '34', 'village', NULL, 'default', 'N', '0', 'admin', '2024-08-06 12:45:03', '', NULL, NULL);
INSERT INTO `sys_dict_data` VALUES (155, 0, '阚庄村', '38', 'village', NULL, 'default', 'N', '0', 'admin', '2024-08-06 12:51:35', '', NULL, NULL);
INSERT INTO `sys_dict_data` VALUES (156, 0, '小李村', '40', 'village', NULL, 'default', 'N', '0', 'admin', '2024-08-06 12:51:53', '', NULL, NULL);
INSERT INTO `sys_dict_data` VALUES (157, 0, '耿楼村', '41', 'village', NULL, 'default', 'N', '0', 'admin', '2024-08-06 13:49:26', '', NULL, NULL);
INSERT INTO `sys_dict_data` VALUES (158, 0, '之孙女', '9', 'relation_type', NULL, 'primary', 'N', '0', 'admin', '2024-08-09 03:55:40', 'admin', '2024-08-09 03:55:47', NULL);
INSERT INTO `sys_dict_data` VALUES (159, 0, '之外孙女', '10', 'relation_type', NULL, 'primary', 'N', '0', 'admin', '2024-08-09 03:58:31', '', NULL, NULL);
INSERT INTO `sys_dict_data` VALUES (160, 0, '之妹', '11', 'relation_type', NULL, 'success', 'N', '0', 'admin', '2024-08-09 04:39:30', '', NULL, NULL);
INSERT INTO `sys_dict_data` VALUES (161, 0, '之母', '12', 'relation_type', NULL, 'info', 'N', '0', 'admin', '2024-08-09 04:41:17', '', NULL, NULL);

-- ----------------------------
-- Table structure for sys_dict_type
-- ----------------------------
DROP TABLE IF EXISTS `sys_dict_type`;
CREATE TABLE `sys_dict_type`  (
  `dict_id` bigint NOT NULL AUTO_INCREMENT COMMENT '字典主键',
  `dict_name` varchar(100) CHARACTER SET utf8mb4 COLLATE utf8mb4_general_ci NULL DEFAULT '' COMMENT '字典名称',
  `dict_type` varchar(100) CHARACTER SET utf8mb4 COLLATE utf8mb4_general_ci NULL DEFAULT '' COMMENT '字典类型',
  `status` char(1) CHARACTER SET utf8mb4 COLLATE utf8mb4_general_ci NULL DEFAULT '0' COMMENT '状态（0正常 1停用）',
  `create_by` varchar(64) CHARACTER SET utf8mb4 COLLATE utf8mb4_general_ci NULL DEFAULT '' COMMENT '创建者',
  `create_time` datetime NULL DEFAULT NULL COMMENT '创建时间',
  `update_by` varchar(64) CHARACTER SET utf8mb4 COLLATE utf8mb4_general_ci NULL DEFAULT '' COMMENT '更新者',
  `update_time` datetime NULL DEFAULT NULL COMMENT '更新时间',
  `remark` varchar(500) CHARACTER SET utf8mb4 COLLATE utf8mb4_general_ci NULL DEFAULT NULL COMMENT '备注',
  PRIMARY KEY (`dict_id`) USING BTREE,
  UNIQUE INDEX `dict_type`(`dict_type` ASC) USING BTREE
) ENGINE = InnoDB AUTO_INCREMENT = 104 CHARACTER SET = utf8mb4 COLLATE = utf8mb4_general_ci COMMENT = '字典类型表' ROW_FORMAT = DYNAMIC;

-- ----------------------------
-- Records of sys_dict_type
-- ----------------------------
INSERT INTO `sys_dict_type` VALUES (1, '用户性别', 'sys_user_sex', '0', 'admin', '2024-05-22 11:42:58', '', NULL, '用户性别列表');
INSERT INTO `sys_dict_type` VALUES (2, '菜单状态', 'sys_show_hide', '0', 'admin', '2024-05-22 11:42:58', '', NULL, '菜单状态列表');
INSERT INTO `sys_dict_type` VALUES (3, '系统开关', 'sys_normal_disable', '0', 'admin', '2024-05-22 11:42:58', '', NULL, '系统开关列表');
INSERT INTO `sys_dict_type` VALUES (4, '任务状态', 'sys_job_status', '0', 'admin', '2024-05-22 11:42:58', '', NULL, '任务状态列表');
INSERT INTO `sys_dict_type` VALUES (5, '任务分组', 'sys_job_group', '0', 'admin', '2024-05-22 11:42:58', '', NULL, '任务分组列表');
INSERT INTO `sys_dict_type` VALUES (6, '系统是否', 'sys_yes_no', '0', 'admin', '2024-05-22 11:42:58', '', NULL, '系统是否列表');
INSERT INTO `sys_dict_type` VALUES (7, '通知类型', 'sys_notice_type', '0', 'admin', '2024-05-22 11:42:58', '', NULL, '通知类型列表');
INSERT INTO `sys_dict_type` VALUES (8, '通知状态', 'sys_notice_status', '0', 'admin', '2024-05-22 11:42:58', '', NULL, '通知状态列表');
INSERT INTO `sys_dict_type` VALUES (9, '操作类型', 'sys_oper_type', '0', 'admin', '2024-05-22 11:42:58', '', NULL, '操作类型列表');
INSERT INTO `sys_dict_type` VALUES (10, '系统状态', 'sys_common_status', '0', 'admin', '2024-05-22 11:42:58', '', NULL, '登录状态列表');
INSERT INTO `sys_dict_type` VALUES (100, '是否', 'yes_no', '0', 'admin', '2024-05-23 01:08:03', '', NULL, NULL);
INSERT INTO `sys_dict_type` VALUES (101, '补贴类型', 'subsidy_type', '0', 'admin', '2024-05-23 07:38:19', '', NULL, NULL);
INSERT INTO `sys_dict_type` VALUES (102, '村落', 'village', '0', 'admin', '2024-05-23 09:46:25', '', NULL, NULL);
INSERT INTO `sys_dict_type` VALUES (103, '与户主关系', 'relation_type', '0', 'admin', '2024-05-31 01:51:59', '', NULL, NULL);

-- ----------------------------
-- Table structure for sys_file
-- ----------------------------
DROP TABLE IF EXISTS `sys_file`;
CREATE TABLE `sys_file`  (
  `id` bigint NOT NULL,
  `name` varchar(255) CHARACTER SET utf8mb4 COLLATE utf8mb4_general_ci NULL DEFAULT NULL COMMENT '图片名称',
  `size` bigint NULL DEFAULT NULL COMMENT '图片大小 K',
  `del_flag` char(1) CHARACTER SET utf8mb4 COLLATE utf8mb4_general_ci NULL DEFAULT '0' COMMENT '删除标志（0代表存在 2代表删除）',
  `create_by` varchar(64) CHARACTER SET utf8mb4 COLLATE utf8mb4_general_ci NULL DEFAULT '' COMMENT '创建者',
  `create_time` datetime NULL DEFAULT NULL COMMENT '创建时间',
  `update_by` varchar(64) CHARACTER SET utf8mb4 COLLATE utf8mb4_general_ci NULL DEFAULT '' COMMENT '更新者',
  `update_time` datetime NULL DEFAULT NULL COMMENT '更新时间',
  `path` varchar(255) CHARACTER SET utf8mb4 COLLATE utf8mb4_general_ci NULL DEFAULT NULL COMMENT '存储相对路径',
  `type` varchar(10) CHARACTER SET utf8mb4 COLLATE utf8mb4_general_ci NULL DEFAULT NULL COMMENT '文件类型',
  `ref_type` varchar(255) CHARACTER SET utf8mb4 COLLATE utf8mb4_general_ci NULL DEFAULT NULL COMMENT '关联类型',
  `ref_id` bigint NULL DEFAULT NULL COMMENT '关联ID',
  PRIMARY KEY (`id`) USING BTREE
) ENGINE = InnoDB CHARACTER SET = utf8mb4 COLLATE = utf8mb4_general_ci ROW_FORMAT = DYNAMIC;

-- ----------------------------
-- Records of sys_file
-- ----------------------------
INSERT INTO `sys_file` VALUES (1958345401689341952, 'b.jpg', 253331, '0', 'admin', '2025-08-21 09:48:23', 'admin', '2025-08-21 09:48:23', 'D:\\poor\\uploadPath\\upload\\file\\2025\\08\\21\\b-11.jpg', 'image/jpeg', NULL, NULL);
INSERT INTO `sys_file` VALUES (1958347479316885504, 'c.jpg', 109143, '0', 'admin', '2025-08-21 09:56:38', 'admin', '2025-08-21 09:56:38', '2025\\08\\21\\c.jpg', 'image/jpeg', NULL, NULL);
INSERT INTO `sys_file` VALUES (1958368626158792704, 'a.jpg', 24067, '0', 'admin', '2025-08-21 11:20:40', 'admin', '2025-08-21 11:20:40', '2025\\08\\21\\a-1.jpg', 'image/jpeg', NULL, NULL);
INSERT INTO `sys_file` VALUES (1958368643720343552, 'b7f92ac1e234c3f0c63f512f3f273497.jpeg', 109346, '0', 'admin', '2025-08-21 11:20:44', 'admin', '2025-08-21 11:20:44', '2025\\08\\21\\b7f92ac1e234c3f0c63f512f3f273497.jpeg', 'image/jpeg', NULL, NULL);
INSERT INTO `sys_file` VALUES (1958374810077032448, 'a.jpg', 24067, '0', 'admin', '2025-08-21 11:45:14', 'admin', '2025-08-21 11:45:14', '2025\\08\\21\\a-2.jpg', 'image/jpeg', NULL, NULL);
INSERT INTO `sys_file` VALUES (1958374822626390016, 'b6c0ac064bea5c480033ccd170b1fbd0.jpeg', 91902, '0', 'admin', '2025-08-21 11:45:17', 'admin', '2025-08-21 11:45:17', '2025\\08\\21\\b6c0ac064bea5c480033ccd170b1fbd0-4.jpeg', 'image/jpeg', NULL, NULL);
INSERT INTO `sys_file` VALUES (1958375083151388672, 'a.jpg', 24067, '0', 'admin', '2025-08-21 11:46:19', 'admin', '2025-08-21 11:46:19', '2025\\08\\21\\a-3.jpg', 'image/jpeg', NULL, NULL);
INSERT INTO `sys_file` VALUES (1958375098800336896, 'b7f92ac1e234c3f0c63f512f3f273497.jpeg', 109346, '0', 'admin', '2025-08-21 11:46:23', 'admin', '2025-08-21 11:46:23', '2025\\08\\21\\b7f92ac1e234c3f0c63f512f3f273497-1.jpeg', 'image/jpeg', NULL, NULL);
INSERT INTO `sys_file` VALUES (1958375464883372032, 'b6c0ac064bea5c480033ccd170b1fbd0.jpeg', 91902, '0', 'admin', '2025-08-21 11:47:50', 'admin', '2025-08-21 11:47:50', '2025\\08\\21\\b6c0ac064bea5c480033ccd170b1fbd0-5.jpeg', 'image/jpeg', NULL, NULL);
INSERT INTO `sys_file` VALUES (1958386233410744320, 'b6c0ac064bea5c480033ccd170b1fbd0.jpeg', 91902, '0', 'admin', '2025-08-21 12:30:38', 'admin', '2025-08-21 12:30:38', '2025\\08\\21\\b6c0ac064bea5c480033ccd170b1fbd0-6.jpeg', 'image/jpeg', 'village_image', 1958023291653795840);

-- ----------------------------
-- Table structure for sys_job
-- ----------------------------
DROP TABLE IF EXISTS `sys_job`;
CREATE TABLE `sys_job`  (
  `job_id` bigint NOT NULL AUTO_INCREMENT COMMENT '任务ID',
  `job_name` varchar(64) CHARACTER SET utf8mb4 COLLATE utf8mb4_general_ci NOT NULL DEFAULT '' COMMENT '任务名称',
  `job_group` varchar(64) CHARACTER SET utf8mb4 COLLATE utf8mb4_general_ci NOT NULL DEFAULT 'DEFAULT' COMMENT '任务组名',
  `invoke_target` varchar(500) CHARACTER SET utf8mb4 COLLATE utf8mb4_general_ci NOT NULL COMMENT '调用目标字符串',
  `cron_expression` varchar(255) CHARACTER SET utf8mb4 COLLATE utf8mb4_general_ci NULL DEFAULT '' COMMENT 'cron执行表达式',
  `misfire_policy` varchar(20) CHARACTER SET utf8mb4 COLLATE utf8mb4_general_ci NULL DEFAULT '3' COMMENT '计划执行错误策略（1立即执行 2执行一次 3放弃执行）',
  `concurrent` char(1) CHARACTER SET utf8mb4 COLLATE utf8mb4_general_ci NULL DEFAULT '1' COMMENT '是否并发执行（0允许 1禁止）',
  `status` char(1) CHARACTER SET utf8mb4 COLLATE utf8mb4_general_ci NULL DEFAULT '0' COMMENT '状态（0正常 1暂停）',
  `create_by` varchar(64) CHARACTER SET utf8mb4 COLLATE utf8mb4_general_ci NULL DEFAULT '' COMMENT '创建者',
  `create_time` datetime NULL DEFAULT NULL COMMENT '创建时间',
  `update_by` varchar(64) CHARACTER SET utf8mb4 COLLATE utf8mb4_general_ci NULL DEFAULT '' COMMENT '更新者',
  `update_time` datetime NULL DEFAULT NULL COMMENT '更新时间',
  `remark` varchar(500) CHARACTER SET utf8mb4 COLLATE utf8mb4_general_ci NULL DEFAULT '' COMMENT '备注信息',
  PRIMARY KEY (`job_id`, `job_name`, `job_group`) USING BTREE
) ENGINE = InnoDB AUTO_INCREMENT = 100 CHARACTER SET = utf8mb4 COLLATE = utf8mb4_general_ci COMMENT = '定时任务调度表' ROW_FORMAT = DYNAMIC;

-- ----------------------------
-- Records of sys_job
-- ----------------------------
INSERT INTO `sys_job` VALUES (1, '系统默认（无参）', 'DEFAULT', 'ryTask.ryNoParams', '0/10 * * * * ?', '3', '1', '1', 'admin', '2024-05-22 11:42:58', '', NULL, '');
INSERT INTO `sys_job` VALUES (2, '系统默认（有参）', 'DEFAULT', 'ryTask.ryParams(\'ry\')', '0/15 * * * * ?', '3', '1', '1', 'admin', '2024-05-22 11:42:58', '', NULL, '');
INSERT INTO `sys_job` VALUES (3, '系统默认（多参）', 'DEFAULT', 'ryTask.ryMultipleParams(\'ry\', true, 2000L, 316.50D, 100)', '0/20 * * * * ?', '3', '1', '1', 'admin', '2024-05-22 11:42:58', '', NULL, '');

-- ----------------------------
-- Table structure for sys_job_log
-- ----------------------------
DROP TABLE IF EXISTS `sys_job_log`;
CREATE TABLE `sys_job_log`  (
  `job_log_id` bigint NOT NULL AUTO_INCREMENT COMMENT '任务日志ID',
  `job_name` varchar(64) CHARACTER SET utf8mb4 COLLATE utf8mb4_general_ci NOT NULL COMMENT '任务名称',
  `job_group` varchar(64) CHARACTER SET utf8mb4 COLLATE utf8mb4_general_ci NOT NULL COMMENT '任务组名',
  `invoke_target` varchar(500) CHARACTER SET utf8mb4 COLLATE utf8mb4_general_ci NOT NULL COMMENT '调用目标字符串',
  `job_message` varchar(500) CHARACTER SET utf8mb4 COLLATE utf8mb4_general_ci NULL DEFAULT NULL COMMENT '日志信息',
  `status` char(1) CHARACTER SET utf8mb4 COLLATE utf8mb4_general_ci NULL DEFAULT '0' COMMENT '执行状态（0正常 1失败）',
  `exception_info` varchar(2000) CHARACTER SET utf8mb4 COLLATE utf8mb4_general_ci NULL DEFAULT '' COMMENT '异常信息',
  `create_time` datetime NULL DEFAULT NULL COMMENT '创建时间',
  PRIMARY KEY (`job_log_id`) USING BTREE
) ENGINE = InnoDB CHARACTER SET = utf8mb4 COLLATE = utf8mb4_general_ci COMMENT = '定时任务调度日志表' ROW_FORMAT = DYNAMIC;

-- ----------------------------
-- Records of sys_job_log
-- ----------------------------

-- ----------------------------
-- Table structure for sys_logininfor
-- ----------------------------
DROP TABLE IF EXISTS `sys_logininfor`;
CREATE TABLE `sys_logininfor`  (
  `info_id` bigint NOT NULL AUTO_INCREMENT COMMENT '访问ID',
  `user_name` varchar(50) CHARACTER SET utf8mb4 COLLATE utf8mb4_general_ci NULL DEFAULT '' COMMENT '用户账号',
  `ipaddr` varchar(128) CHARACTER SET utf8mb4 COLLATE utf8mb4_general_ci NULL DEFAULT '' COMMENT '登录IP地址',
  `login_location` varchar(255) CHARACTER SET utf8mb4 COLLATE utf8mb4_general_ci NULL DEFAULT '' COMMENT '登录地点',
  `browser` varchar(50) CHARACTER SET utf8mb4 COLLATE utf8mb4_general_ci NULL DEFAULT '' COMMENT '浏览器类型',
  `os` varchar(50) CHARACTER SET utf8mb4 COLLATE utf8mb4_general_ci NULL DEFAULT '' COMMENT '操作系统',
  `status` char(1) CHARACTER SET utf8mb4 COLLATE utf8mb4_general_ci NULL DEFAULT '0' COMMENT '登录状态（0成功 1失败）',
  `msg` varchar(255) CHARACTER SET utf8mb4 COLLATE utf8mb4_general_ci NULL DEFAULT '' COMMENT '提示消息',
  `login_time` datetime NULL DEFAULT NULL COMMENT '访问时间',
  PRIMARY KEY (`info_id`) USING BTREE,
  INDEX `idx_sys_logininfor_s`(`status` ASC) USING BTREE,
  INDEX `idx_sys_logininfor_lt`(`login_time` ASC) USING BTREE
) ENGINE = InnoDB AUTO_INCREMENT = 260 CHARACTER SET = utf8mb4 COLLATE = utf8mb4_general_ci COMMENT = '系统访问记录' ROW_FORMAT = DYNAMIC;

-- ----------------------------
-- Records of sys_logininfor
-- ----------------------------
INSERT INTO `sys_logininfor` VALUES (100, 'admin', '127.0.0.1', '内网IP', 'Chrome 12', 'Windows 10', '0', '登录成功', '2024-05-22 12:14:56');
INSERT INTO `sys_logininfor` VALUES (101, 'admin', '172.16.10.34', '内网IP', 'Chrome 12', 'Windows 10', '0', '登录成功', '2024-05-23 00:27:20');
INSERT INTO `sys_logininfor` VALUES (102, 'admin', '172.16.10.34', '内网IP', 'Chrome 12', 'Windows 10', '0', '登录成功', '2024-05-23 03:21:24');
INSERT INTO `sys_logininfor` VALUES (103, 'admin', '172.16.10.34', '内网IP', 'Chrome 12', 'Windows 10', '0', '登录成功', '2024-05-23 06:59:43');
INSERT INTO `sys_logininfor` VALUES (104, 'admin', '172.16.10.34', '内网IP', 'Chrome 12', 'Windows 10', '0', '退出成功', '2024-05-23 07:00:01');
INSERT INTO `sys_logininfor` VALUES (105, 'admin', '172.16.10.34', '内网IP', 'Chrome 12', 'Windows 10', '1', '验证码错误', '2024-05-23 07:00:07');
INSERT INTO `sys_logininfor` VALUES (106, 'admin', '172.16.10.34', '内网IP', 'Chrome 12', 'Windows 10', '0', '登录成功', '2024-05-23 07:00:10');
INSERT INTO `sys_logininfor` VALUES (107, 'admin', '172.16.10.34', '内网IP', 'Chrome 12', 'Windows 10', '0', '退出成功', '2024-05-23 07:00:33');
INSERT INTO `sys_logininfor` VALUES (108, 'admin', '172.16.10.34', '内网IP', 'Chrome 12', 'Windows 10', '0', '登录成功', '2024-05-23 07:00:35');
INSERT INTO `sys_logininfor` VALUES (109, 'admin', '172.16.10.34', '内网IP', 'Chrome 12', 'Windows 10', '0', '退出成功', '2024-05-23 07:00:39');
INSERT INTO `sys_logininfor` VALUES (110, 'admin', '172.16.10.34', '内网IP', 'Chrome 12', 'Windows 10', '0', '登录成功', '2024-05-23 07:00:45');
INSERT INTO `sys_logininfor` VALUES (111, 'admin', '127.0.0.1', '内网IP', 'Chrome 12', 'Windows 10', '0', '登录成功', '2024-05-23 07:26:01');
INSERT INTO `sys_logininfor` VALUES (112, 'admin', '127.0.0.1', '内网IP', 'Chrome 12', 'Windows 10', '0', '登录成功', '2024-05-23 07:26:15');
INSERT INTO `sys_logininfor` VALUES (113, 'admin', '127.0.0.1', '内网IP', 'Chrome 12', 'Windows 10', '0', '登录成功', '2024-05-23 07:26:17');
INSERT INTO `sys_logininfor` VALUES (114, 'admin', '127.0.0.1', '内网IP', 'Chrome 12', 'Windows 10', '0', '登录成功', '2024-05-23 12:25:34');
INSERT INTO `sys_logininfor` VALUES (115, 'admin', '127.0.0.1', '内网IP', 'Chrome 12', 'Windows 10', '0', '登录成功', '2024-05-23 12:34:27');
INSERT INTO `sys_logininfor` VALUES (116, 'admin', '127.0.0.1', '内网IP', 'Chrome 12', 'Windows 10', '0', '登录成功', '2024-05-23 13:55:41');
INSERT INTO `sys_logininfor` VALUES (117, 'admin', '127.0.0.1', '内网IP', 'Chrome 12', 'Windows 10', '0', '登录成功', '2024-05-23 15:05:10');
INSERT INTO `sys_logininfor` VALUES (118, 'admin', '172.16.10.34', '内网IP', 'Chrome 12', 'Windows 10', '0', '登录成功', '2024-05-24 00:13:48');
INSERT INTO `sys_logininfor` VALUES (119, 'admin', '172.16.10.34', '内网IP', 'Chrome 12', 'Windows 10', '0', '退出成功', '2024-05-24 00:34:21');
INSERT INTO `sys_logininfor` VALUES (120, 'tianyc', '172.16.10.34', '内网IP', 'Chrome 12', 'Windows 10', '0', '登录成功', '2024-05-24 00:34:32');
INSERT INTO `sys_logininfor` VALUES (121, 'admin', '172.16.10.34', '内网IP', 'Chrome 12', 'Windows 10', '0', '登录成功', '2024-05-24 00:59:25');
INSERT INTO `sys_logininfor` VALUES (122, 'admin', '172.16.10.34', '内网IP', 'Chrome 12', 'Windows 10', '0', '退出成功', '2024-05-24 00:59:30');
INSERT INTO `sys_logininfor` VALUES (123, 'admin', '172.16.10.34', '内网IP', 'Chrome 12', 'Windows 10', '0', '登录成功', '2024-05-24 00:59:38');
INSERT INTO `sys_logininfor` VALUES (124, 'admin', '172.16.10.34', '内网IP', 'Chrome 12', 'Windows 10', '0', '退出成功', '2024-05-24 00:59:46');
INSERT INTO `sys_logininfor` VALUES (125, 'admin', '172.16.10.34', '内网IP', 'Chrome 12', 'Windows 10', '0', '登录成功', '2024-05-24 01:00:20');
INSERT INTO `sys_logininfor` VALUES (126, 'admin', '172.16.10.34', '内网IP', 'Chrome 12', 'Windows 10', '0', '退出成功', '2024-05-24 01:00:32');
INSERT INTO `sys_logininfor` VALUES (127, 'admin', '172.16.10.34', '内网IP', 'Chrome 12', 'Windows 10', '0', '登录成功', '2024-05-24 01:03:16');
INSERT INTO `sys_logininfor` VALUES (128, 'admin', '172.16.10.34', '内网IP', 'Chrome 12', 'Windows 10', '0', '退出成功', '2024-05-24 01:03:19');
INSERT INTO `sys_logininfor` VALUES (129, 'tianyc', '172.16.10.34', '内网IP', 'Chrome 12', 'Windows 10', '0', '登录成功', '2024-05-24 01:03:26');
INSERT INTO `sys_logininfor` VALUES (130, 'admin', '172.16.10.34', '内网IP', 'Chrome 12', 'Windows 10', '0', '登录成功', '2024-05-24 01:23:21');
INSERT INTO `sys_logininfor` VALUES (131, 'admin', '127.0.0.1', '内网IP', 'Chrome 12', 'Windows 10', '0', '登录成功', '2024-05-24 01:25:15');
INSERT INTO `sys_logininfor` VALUES (132, 'tianyc', '127.0.0.1', '内网IP', 'Chrome 12', 'Windows 10', '0', '登录成功', '2024-05-24 01:30:11');
INSERT INTO `sys_logininfor` VALUES (133, 'admin', '127.0.0.1', '内网IP', 'Chrome 12', 'Windows 10', '0', '登录成功', '2024-05-24 01:32:28');
INSERT INTO `sys_logininfor` VALUES (134, 'admin', '127.0.0.1', '内网IP', 'Chrome 12', 'Windows 10', '0', '登录成功', '2024-05-24 01:59:29');
INSERT INTO `sys_logininfor` VALUES (135, 'admin', '127.0.0.1', '内网IP', 'Chrome 12', 'Windows 10', '0', '登录成功', '2024-05-24 02:16:34');
INSERT INTO `sys_logininfor` VALUES (136, 'admin', '127.0.0.1', '内网IP', 'Chrome 12', 'Windows 10', '0', '退出成功', '2024-05-24 02:21:45');
INSERT INTO `sys_logininfor` VALUES (137, 'tianyc', '127.0.0.1', '内网IP', 'Chrome 12', 'Windows 10', '0', '登录成功', '2024-05-24 02:21:52');
INSERT INTO `sys_logininfor` VALUES (138, 'admin', '127.0.0.1', '内网IP', 'Chrome 12', 'Windows 10', '0', '登录成功', '2024-05-24 02:53:48');
INSERT INTO `sys_logininfor` VALUES (139, 'tianyc', '127.0.0.1', '内网IP', 'Chrome 12', 'Windows 10', '0', '登录成功', '2024-05-24 02:53:58');
INSERT INTO `sys_logininfor` VALUES (140, 'admin', '127.0.0.1', '内网IP', 'Chrome 12', 'Windows 10', '0', '退出成功', '2024-05-24 03:05:16');
INSERT INTO `sys_logininfor` VALUES (141, 'admin', '127.0.0.1', '内网IP', 'Chrome 12', 'Windows 10', '0', '登录成功', '2024-05-24 03:05:19');
INSERT INTO `sys_logininfor` VALUES (142, 'tianyc', '127.0.0.1', '内网IP', 'Chrome 12', 'Windows 10', '0', '退出成功', '2024-05-24 03:05:53');
INSERT INTO `sys_logininfor` VALUES (143, 'admin', '127.0.0.1', '内网IP', 'Chrome 12', 'Windows 10', '0', '退出成功', '2024-05-24 03:06:00');
INSERT INTO `sys_logininfor` VALUES (144, 'admin', '127.0.0.1', '内网IP', 'Chrome 12', 'Windows 10', '1', '用户不存在/密码错误', '2024-05-24 03:06:25');
INSERT INTO `sys_logininfor` VALUES (145, 'admin', '127.0.0.1', '内网IP', 'Chrome 12', 'Windows 10', '1', '用户不存在/密码错误', '2024-05-24 03:06:36');
INSERT INTO `sys_logininfor` VALUES (146, 'admin', '127.0.0.1', '内网IP', 'Chrome 12', 'Windows 10', '0', '登录成功', '2024-05-24 03:06:42');
INSERT INTO `sys_logininfor` VALUES (147, 'admin', '127.0.0.1', '内网IP', 'Chrome 12', 'Windows 10', '0', '登录成功', '2024-05-24 03:07:01');
INSERT INTO `sys_logininfor` VALUES (148, 'admin', '127.0.0.1', '内网IP', 'Chrome 12', 'Windows 10', '0', '登录成功', '2024-05-24 03:08:42');
INSERT INTO `sys_logininfor` VALUES (149, 'tianyc', '172.16.10.34', '内网IP', 'Chrome 12', 'Windows 10', '0', '登录成功', '2024-05-24 03:18:07');
INSERT INTO `sys_logininfor` VALUES (150, 'tianyc', '172.16.10.34', '内网IP', 'Chrome 12', 'Windows 10', '0', '退出成功', '2024-05-24 03:29:27');
INSERT INTO `sys_logininfor` VALUES (151, 'admin', '172.16.10.34', '内网IP', 'Chrome 12', 'Windows 10', '0', '登录成功', '2024-05-24 03:29:38');
INSERT INTO `sys_logininfor` VALUES (152, 'admin', '172.16.10.34', '内网IP', 'Chrome 12', 'Windows 10', '0', '登录成功', '2024-05-24 06:13:07');
INSERT INTO `sys_logininfor` VALUES (153, 'admin', '127.0.0.1', '内网IP', 'Chrome 12', 'Windows 10', '0', '登录成功', '2024-05-24 07:13:30');
INSERT INTO `sys_logininfor` VALUES (154, 'admin', '127.0.0.1', '内网IP', 'Chrome 12', 'Windows 10', '0', '退出成功', '2024-05-24 07:28:42');
INSERT INTO `sys_logininfor` VALUES (155, 'admin', '127.0.0.1', '内网IP', 'Chrome 12', 'Windows 10', '0', '登录成功', '2024-05-24 07:28:44');
INSERT INTO `sys_logininfor` VALUES (156, 'admin', '127.0.0.1', '内网IP', 'Chrome 12', 'Windows 10', '0', '退出成功', '2024-05-24 07:29:53');
INSERT INTO `sys_logininfor` VALUES (157, 'admin', '127.0.0.1', '内网IP', 'Chrome 12', 'Windows 10', '0', '登录成功', '2024-05-24 07:30:19');
INSERT INTO `sys_logininfor` VALUES (158, 'admin', '172.16.10.34', '内网IP', 'Chrome 12', 'Windows 10', '0', '登录成功', '2024-05-24 09:05:39');
INSERT INTO `sys_logininfor` VALUES (159, 'admin', '127.0.0.1', '内网IP', 'Chrome 12', 'Windows 10', '0', '登录成功', '2024-05-24 13:17:29');
INSERT INTO `sys_logininfor` VALUES (160, 'admin', '127.0.0.1', '内网IP', 'Chrome 12', 'Windows 10', '0', '登录成功', '2024-05-25 00:11:54');
INSERT INTO `sys_logininfor` VALUES (161, 'admin', '192.168.87.12', '内网IP', 'Chrome 12', 'Windows 10', '0', '登录成功', '2024-05-25 15:16:01');
INSERT INTO `sys_logininfor` VALUES (162, 'admin', '127.0.0.1', '内网IP', 'Chrome 12', 'Windows 10', '0', '登录成功', '2024-05-26 00:49:19');
INSERT INTO `sys_logininfor` VALUES (163, 'admin', '127.0.0.1', '内网IP', 'Chrome 12', 'Windows 10', '0', '登录成功', '2024-05-26 05:06:37');
INSERT INTO `sys_logininfor` VALUES (164, 'tianyc', '127.0.0.1', '内网IP', 'Chrome 12', 'Windows 10', '1', '用户不存在/密码错误', '2024-05-30 08:03:26');
INSERT INTO `sys_logininfor` VALUES (165, 'tianyc', '127.0.0.1', '内网IP', 'Chrome 12', 'Windows 10', '1', '用户不存在/密码错误', '2024-05-30 08:03:30');
INSERT INTO `sys_logininfor` VALUES (166, 'admin', '127.0.0.1', '内网IP', 'Chrome 12', 'Windows 10', '0', '登录成功', '2024-05-30 08:03:46');
INSERT INTO `sys_logininfor` VALUES (167, 'admin', '127.0.0.1', '内网IP', 'Chrome 12', 'Windows 10', '0', '登录成功', '2024-05-30 08:20:48');
INSERT INTO `sys_logininfor` VALUES (168, 'admin', '127.0.0.1', '内网IP', 'Chrome 12', 'Windows 10', '0', '登录成功', '2024-05-30 09:22:33');
INSERT INTO `sys_logininfor` VALUES (169, 'admin', '127.0.0.1', '内网IP', 'Chrome 12', 'Windows 10', '0', '登录成功', '2024-05-30 09:39:18');
INSERT INTO `sys_logininfor` VALUES (170, 'admin', '127.0.0.1', '内网IP', 'Chrome 12', 'Windows 10', '0', '登录成功', '2024-05-30 10:25:47');
INSERT INTO `sys_logininfor` VALUES (171, 'admin', '127.0.0.1', '内网IP', 'Chrome 12', 'Windows 10', '0', '登录成功', '2024-05-30 10:41:21');
INSERT INTO `sys_logininfor` VALUES (172, 'admin', '127.0.0.1', '内网IP', 'Chrome 12', 'Windows 10', '0', '登录成功', '2024-05-30 16:07:13');
INSERT INTO `sys_logininfor` VALUES (173, 'admin', '172.16.10.34', '内网IP', 'Chrome 12', 'Windows 10', '0', '登录成功', '2024-05-31 00:17:31');
INSERT INTO `sys_logininfor` VALUES (174, 'admin', '172.16.10.34', '内网IP', 'Chrome 12', 'Windows 10', '0', '登录成功', '2024-05-31 01:34:37');
INSERT INTO `sys_logininfor` VALUES (175, 'admin', '172.16.10.34', '内网IP', 'Chrome 12', 'Windows 10', '0', '登录成功', '2024-05-31 02:29:27');
INSERT INTO `sys_logininfor` VALUES (176, 'admin', '172.16.10.34', '内网IP', 'Chrome 12', 'Windows 10', '0', '登录成功', '2024-05-31 03:11:59');
INSERT INTO `sys_logininfor` VALUES (177, 'admin', '127.0.0.1', '内网IP', 'Chrome 12', 'Windows 10', '0', '登录成功', '2024-05-31 03:19:40');
INSERT INTO `sys_logininfor` VALUES (178, 'admin', '127.0.0.1', '内网IP', 'Chrome 12', 'Windows 10', '0', '登录成功', '2024-05-31 03:22:21');
INSERT INTO `sys_logininfor` VALUES (179, 'admin', '127.0.0.1', '内网IP', 'Chrome 12', 'Windows 10', '0', '退出成功', '2024-05-31 03:25:12');
INSERT INTO `sys_logininfor` VALUES (180, 'admin', '127.0.0.1', '内网IP', 'Chrome 12', 'Windows 10', '0', '登录成功', '2024-05-31 03:25:33');
INSERT INTO `sys_logininfor` VALUES (181, 'admin', '127.0.0.1', '内网IP', 'Chrome 12', 'Windows 10', '0', '登录成功', '2024-05-31 03:28:38');
INSERT INTO `sys_logininfor` VALUES (182, 'admin', '172.16.10.34', '内网IP', 'Chrome 12', 'Windows 10', '0', '登录成功', '2024-05-31 03:28:46');
INSERT INTO `sys_logininfor` VALUES (183, 'admin', '127.0.0.1', '内网IP', 'Chrome 12', 'Windows 10', '0', '登录成功', '2024-05-31 03:33:55');
INSERT INTO `sys_logininfor` VALUES (184, 'admin', '127.0.0.1', '内网IP', 'Chrome 12', 'Windows 10', '0', '登录成功', '2024-05-31 03:36:57');
INSERT INTO `sys_logininfor` VALUES (185, 'admin', '127.0.0.1', '内网IP', 'Chrome 12', 'Windows 10', '0', '登录成功', '2024-05-31 05:07:17');
INSERT INTO `sys_logininfor` VALUES (186, 'admin', '127.0.0.1', '内网IP', 'Chrome 12', 'Windows 10', '0', '登录成功', '2024-05-31 05:07:55');
INSERT INTO `sys_logininfor` VALUES (187, 'admin', '172.16.10.34', '内网IP', 'Chrome 12', 'Windows 10', '0', '登录成功', '2024-05-31 05:45:56');
INSERT INTO `sys_logininfor` VALUES (188, 'admin', '127.0.0.1', '内网IP', 'Chrome 12', 'Windows 10', '0', '登录成功', '2024-05-31 06:32:40');
INSERT INTO `sys_logininfor` VALUES (189, 'admin', '127.0.0.1', '内网IP', 'Chrome 12', 'Windows 10', '0', '登录成功', '2024-05-31 06:49:49');
INSERT INTO `sys_logininfor` VALUES (190, 'admin', '127.0.0.1', '内网IP', 'Chrome 12', 'Windows 10', '0', '登录成功', '2024-05-31 07:07:23');
INSERT INTO `sys_logininfor` VALUES (191, 'admin', '127.0.0.1', '内网IP', 'Chrome 12', 'Windows 10', '0', '登录成功', '2024-05-31 07:49:30');
INSERT INTO `sys_logininfor` VALUES (192, 'admin', '127.0.0.1', '内网IP', 'Chrome 12', 'Windows 10', '0', '登录成功', '2024-05-31 08:04:17');
INSERT INTO `sys_logininfor` VALUES (193, 'admin', '127.0.0.1', '内网IP', 'Chrome 12', 'Windows 10', '0', '登录成功', '2024-05-31 08:32:29');
INSERT INTO `sys_logininfor` VALUES (194, 'admin', '127.0.0.1', '内网IP', 'Chrome 12', 'Windows 10', '0', '登录成功', '2024-05-31 08:36:35');
INSERT INTO `sys_logininfor` VALUES (195, 'admin', '172.16.10.34', '内网IP', 'Chrome 12', 'Windows 10', '0', '登录成功', '2024-05-31 08:38:56');
INSERT INTO `sys_logininfor` VALUES (196, 'admin', '172.16.10.34', '内网IP', 'Chrome 12', 'Windows 10', '0', '登录成功', '2024-05-31 08:47:58');
INSERT INTO `sys_logininfor` VALUES (197, 'admin', '127.0.0.1', '内网IP', 'Chrome 12', 'Windows 10', '0', '登录成功', '2024-05-31 10:34:27');
INSERT INTO `sys_logininfor` VALUES (198, 'admin', '127.0.0.1', '内网IP', 'Chrome 8', 'Windows 10', '0', '登录成功', '2024-05-31 14:52:22');
INSERT INTO `sys_logininfor` VALUES (199, 'admin', '127.0.0.1', '内网IP', 'Chrome 12', 'Windows 10', '0', '登录成功', '2024-05-31 15:12:30');
INSERT INTO `sys_logininfor` VALUES (200, 'admin', '127.0.0.1', '内网IP', 'Chrome 12', 'Windows 10', '0', '登录成功', '2024-06-01 06:26:48');
INSERT INTO `sys_logininfor` VALUES (201, 'admin', '127.0.0.1', '内网IP', 'Chrome 8', 'Windows 10', '0', '登录成功', '2024-06-02 08:53:44');
INSERT INTO `sys_logininfor` VALUES (202, 'admin', '127.0.0.1', '内网IP', 'Chrome 9', 'Windows 10', '0', '登录成功', '2024-06-02 09:57:19');
INSERT INTO `sys_logininfor` VALUES (203, 'admin', '127.0.0.1', '内网IP', 'Chrome 12', 'Windows 10', '0', '登录成功', '2024-06-02 10:15:17');
INSERT INTO `sys_logininfor` VALUES (204, 'admin', '127.0.0.1', '内网IP', 'Chrome 9', 'Windows 10', '0', '登录成功', '2024-06-02 10:29:06');
INSERT INTO `sys_logininfor` VALUES (205, 'admin', '127.0.0.1', '内网IP', 'Chrome 12', 'Windows 10', '0', '登录成功', '2024-08-02 08:29:32');
INSERT INTO `sys_logininfor` VALUES (206, 'admin', '192.168.3.71', '内网IP', 'Chrome 12', 'Windows 10', '0', '登录成功', '2024-08-02 08:41:14');
INSERT INTO `sys_logininfor` VALUES (207, 'admin', '127.0.0.1', '内网IP', 'Chrome 12', 'Windows 10', '0', '登录成功', '2024-08-02 09:41:17');
INSERT INTO `sys_logininfor` VALUES (208, 'admin', '127.0.0.1', '内网IP', 'Chrome 12', 'Windows 10', '0', '登录成功', '2024-08-05 03:42:45');
INSERT INTO `sys_logininfor` VALUES (209, 'admin', '127.0.0.1', '内网IP', 'Chrome 12', 'Windows 10', '0', '登录成功', '2024-08-05 09:57:49');
INSERT INTO `sys_logininfor` VALUES (210, 'admin', '127.0.0.1', '内网IP', 'Chrome 12', 'Windows 10', '0', '登录成功', '2024-08-06 09:26:44');
INSERT INTO `sys_logininfor` VALUES (211, 'admin', '127.0.0.1', '内网IP', 'Chrome 12', 'Windows 10', '0', '登录成功', '2024-08-06 09:41:57');
INSERT INTO `sys_logininfor` VALUES (212, 'admin', '127.0.0.1', '内网IP', 'Chrome 12', 'Windows 10', '0', '登录成功', '2024-08-06 10:03:00');
INSERT INTO `sys_logininfor` VALUES (213, 'admin', '127.0.0.1', '内网IP', 'Chrome 12', 'Windows 10', '0', '登录成功', '2024-08-06 11:34:45');
INSERT INTO `sys_logininfor` VALUES (214, 'admin', '127.0.0.1', '内网IP', 'Chrome 12', 'Windows 10', '0', '登录成功', '2024-08-06 12:21:51');
INSERT INTO `sys_logininfor` VALUES (215, 'admin', '127.0.0.1', '内网IP', 'Chrome 12', 'Windows 10', '0', '登录成功', '2024-08-06 12:29:55');
INSERT INTO `sys_logininfor` VALUES (216, 'admin', '127.0.0.1', '内网IP', 'Chrome 12', 'Windows 10', '0', '登录成功', '2024-08-06 13:13:09');
INSERT INTO `sys_logininfor` VALUES (217, 'admin', '127.0.0.1', '内网IP', 'Chrome 12', 'Windows 10', '0', '登录成功', '2024-08-06 13:42:02');
INSERT INTO `sys_logininfor` VALUES (218, 'admin', '127.0.0.1', '内网IP', 'Chrome 12', 'Windows 10', '0', '登录成功', '2024-08-06 15:06:10');
INSERT INTO `sys_logininfor` VALUES (219, 'admin', '192.168.3.66', '内网IP', 'Chrome 12', 'Windows 10', '0', '登录成功', '2024-08-07 00:33:04');
INSERT INTO `sys_logininfor` VALUES (220, 'admin', '127.0.0.1', '内网IP', 'Chrome 12', 'Windows 10', '0', '登录成功', '2024-08-07 02:29:08');
INSERT INTO `sys_logininfor` VALUES (221, 'admin', '127.0.0.1', '内网IP', 'Chrome 12', 'Windows 10', '0', '登录成功', '2024-08-07 03:25:21');
INSERT INTO `sys_logininfor` VALUES (222, 'admin', '127.0.0.1', '内网IP', 'Chrome 12', 'Windows 10', '0', '登录成功', '2024-08-07 05:38:22');
INSERT INTO `sys_logininfor` VALUES (223, 'admin', '127.0.0.1', '内网IP', 'Chrome 12', 'Windows 10', '0', '退出成功', '2024-08-07 05:43:01');
INSERT INTO `sys_logininfor` VALUES (224, 'tianyc', '127.0.0.1', '内网IP', 'Chrome 12', 'Windows 10', '1', '用户不存在/密码错误', '2024-08-07 05:43:04');
INSERT INTO `sys_logininfor` VALUES (225, 'tianyc', '127.0.0.1', '内网IP', 'Chrome 12', 'Windows 10', '1', '用户不存在/密码错误', '2024-08-07 05:43:09');
INSERT INTO `sys_logininfor` VALUES (226, 'tianyc', '127.0.0.1', '内网IP', 'Chrome 12', 'Windows 10', '1', '用户不存在/密码错误', '2024-08-07 05:43:13');
INSERT INTO `sys_logininfor` VALUES (227, 'tianyc', '127.0.0.1', '内网IP', 'Chrome 12', 'Windows 10', '1', '用户不存在/密码错误', '2024-08-07 05:43:18');
INSERT INTO `sys_logininfor` VALUES (228, 'admin', '127.0.0.1', '内网IP', 'Chrome 12', 'Windows 10', '1', '用户不存在/密码错误', '2024-08-07 05:43:26');
INSERT INTO `sys_logininfor` VALUES (229, 'tianyc', '127.0.0.1', '内网IP', 'Chrome 12', 'Windows 10', '1', '用户不存在/密码错误', '2024-08-07 05:43:40');
INSERT INTO `sys_logininfor` VALUES (230, 'admin', '127.0.0.1', '内网IP', 'Chrome 12', 'Windows 10', '1', '用户不存在/密码错误', '2024-08-07 05:43:47');
INSERT INTO `sys_logininfor` VALUES (231, 'admin', '127.0.0.1', '内网IP', 'Chrome 12', 'Windows 10', '0', '登录成功', '2024-08-07 05:43:58');
INSERT INTO `sys_logininfor` VALUES (232, 'admin', '192.168.3.66', '内网IP', 'Chrome 12', 'Windows 10', '0', '登录成功', '2024-08-07 06:02:18');
INSERT INTO `sys_logininfor` VALUES (233, 'admin', '127.0.0.1', '内网IP', 'Chrome 12', 'Windows 10', '0', '登录成功', '2024-08-09 03:32:48');
INSERT INTO `sys_logininfor` VALUES (234, 'admin', '127.0.0.1', '内网IP', 'Chrome 12', 'Windows 10', '0', '登录成功', '2024-08-09 04:37:42');
INSERT INTO `sys_logininfor` VALUES (235, 'admin', '127.0.0.1', '内网IP', 'Chrome 12', 'Windows 10', '0', '登录成功', '2024-08-13 01:05:22');
INSERT INTO `sys_logininfor` VALUES (236, 'admin', '127.0.0.1', '内网IP', 'Chrome 12', 'Windows 10', '0', '登录成功', '2024-08-13 01:08:34');
INSERT INTO `sys_logininfor` VALUES (237, 'admin', '127.0.0.1', '内网IP', 'Chrome 12', 'Windows 10', '0', '登录成功', '2024-08-13 02:21:06');
INSERT INTO `sys_logininfor` VALUES (238, 'admin', '127.0.0.1', '内网IP', 'Chrome 12', 'Windows 10', '0', '登录成功', '2024-08-21 07:55:26');
INSERT INTO `sys_logininfor` VALUES (239, 'admin', '127.0.0.1', '内网IP', 'Chrome 12', 'Windows 10', '0', '登录成功', '2024-09-07 04:20:55');
INSERT INTO `sys_logininfor` VALUES (240, 'admin', '127.0.0.1', '内网IP', 'Chrome 12', 'Windows 10', '0', '登录成功', '2024-09-07 04:28:16');
INSERT INTO `sys_logininfor` VALUES (241, 'admin', '127.0.0.1', '内网IP', 'Chrome 12', 'Windows 10', '0', '退出成功', '2024-09-07 04:28:36');
INSERT INTO `sys_logininfor` VALUES (242, 'tianyc', '127.0.0.1', '内网IP', 'Chrome 12', 'Windows 10', '1', '用户不存在/密码错误', '2024-09-07 04:28:43');
INSERT INTO `sys_logininfor` VALUES (243, 'tianyc', '127.0.0.1', '内网IP', 'Chrome 12', 'Windows 10', '1', '用户不存在/密码错误', '2024-09-07 04:28:48');
INSERT INTO `sys_logininfor` VALUES (244, 'tianyc', '127.0.0.1', '内网IP', 'Chrome 12', 'Windows 10', '1', '用户不存在/密码错误', '2024-09-07 04:28:55');
INSERT INTO `sys_logininfor` VALUES (245, 'tianyc', '127.0.0.1', '内网IP', 'Chrome 12', 'Windows 10', '0', '登录成功', '2024-09-07 04:29:03');
INSERT INTO `sys_logininfor` VALUES (246, 'admin', '172.16.10.6', '内网IP', 'Chrome 12', 'Windows 10', '0', '登录成功', '2024-09-08 13:23:16');
INSERT INTO `sys_logininfor` VALUES (247, 'admin', '127.0.0.1', '内网IP', 'Chrome 13', 'Windows 10', '0', '登录成功', '2025-08-18 13:02:56');
INSERT INTO `sys_logininfor` VALUES (248, 'admin', '127.0.0.1', '内网IP', 'Chrome 13', 'Windows 10', '0', '登录成功', '2025-08-18 13:34:24');
INSERT INTO `sys_logininfor` VALUES (249, 'admin', '127.0.0.1', '内网IP', 'Chrome 13', 'Windows 10', '0', '登录成功', '2025-08-19 09:59:59');
INSERT INTO `sys_logininfor` VALUES (250, 'admin', '127.0.0.1', '内网IP', 'Chrome 13', 'Windows 10', '0', '登录成功', '2025-08-19 10:59:12');
INSERT INTO `sys_logininfor` VALUES (251, 'admin', '127.0.0.1', '内网IP', 'Chrome 13', 'Windows 10', '0', '登录成功', '2025-08-20 11:29:28');
INSERT INTO `sys_logininfor` VALUES (252, 'admin', '127.0.0.1', '内网IP', 'Chrome 13', 'Windows 10', '0', '登录成功', '2025-08-20 13:48:07');
INSERT INTO `sys_logininfor` VALUES (253, 'admin', '172.16.10.34', '内网IP', 'Chrome 13', 'Windows 10', '0', '登录成功', '2025-08-20 15:09:19');
INSERT INTO `sys_logininfor` VALUES (254, 'admin', '172.16.10.34', '内网IP', 'Chrome 13', 'Windows 10', '0', '登录成功', '2025-08-20 16:49:14');
INSERT INTO `sys_logininfor` VALUES (255, 'admin', '172.16.10.34', '内网IP', 'Chrome 13', 'Windows 10', '0', '登录成功', '2025-08-20 17:26:17');
INSERT INTO `sys_logininfor` VALUES (256, 'admin', '172.16.10.34', '内网IP', 'Chrome 13', 'Windows 10', '0', '登录成功', '2025-08-21 09:12:07');
INSERT INTO `sys_logininfor` VALUES (257, 'admin', '172.16.10.34', '内网IP', 'Chrome 13', 'Windows 10', '0', '登录成功', '2025-08-21 11:20:32');
INSERT INTO `sys_logininfor` VALUES (258, 'admin', '172.16.10.34', '内网IP', 'Chrome 13', 'Windows 10', '0', '登录成功', '2025-08-21 11:45:09');
INSERT INTO `sys_logininfor` VALUES (259, 'admin', '172.16.10.34', '内网IP', 'Chrome 13', 'Windows 10', '0', '登录成功', '2025-08-21 12:24:39');

-- ----------------------------
-- Table structure for sys_menu
-- ----------------------------
DROP TABLE IF EXISTS `sys_menu`;
CREATE TABLE `sys_menu`  (
  `menu_id` bigint NOT NULL AUTO_INCREMENT COMMENT '菜单ID',
  `menu_name` varchar(50) CHARACTER SET utf8mb4 COLLATE utf8mb4_general_ci NOT NULL COMMENT '菜单名称',
  `parent_id` bigint NULL DEFAULT 0 COMMENT '父菜单ID',
  `order_num` int NULL DEFAULT 0 COMMENT '显示顺序',
  `path` varchar(200) CHARACTER SET utf8mb4 COLLATE utf8mb4_general_ci NULL DEFAULT '' COMMENT '路由地址',
  `component` varchar(255) CHARACTER SET utf8mb4 COLLATE utf8mb4_general_ci NULL DEFAULT NULL COMMENT '组件路径',
  `query` varchar(255) CHARACTER SET utf8mb4 COLLATE utf8mb4_general_ci NULL DEFAULT NULL COMMENT '路由参数',
  `is_frame` int NULL DEFAULT 1 COMMENT '是否为外链（0是 1否）',
  `is_cache` int NULL DEFAULT 0 COMMENT '是否缓存（0缓存 1不缓存）',
  `menu_type` char(1) CHARACTER SET utf8mb4 COLLATE utf8mb4_general_ci NULL DEFAULT '' COMMENT '菜单类型（M目录 C菜单 F按钮）',
  `visible` char(1) CHARACTER SET utf8mb4 COLLATE utf8mb4_general_ci NULL DEFAULT '0' COMMENT '菜单状态（0显示 1隐藏）',
  `status` char(1) CHARACTER SET utf8mb4 COLLATE utf8mb4_general_ci NULL DEFAULT '0' COMMENT '菜单状态（0正常 1停用）',
  `perms` varchar(100) CHARACTER SET utf8mb4 COLLATE utf8mb4_general_ci NULL DEFAULT NULL COMMENT '权限标识',
  `icon` varchar(100) CHARACTER SET utf8mb4 COLLATE utf8mb4_general_ci NULL DEFAULT '#' COMMENT '菜单图标',
  `create_by` varchar(64) CHARACTER SET utf8mb4 COLLATE utf8mb4_general_ci NULL DEFAULT '' COMMENT '创建者',
  `create_time` datetime NULL DEFAULT NULL COMMENT '创建时间',
  `update_by` varchar(64) CHARACTER SET utf8mb4 COLLATE utf8mb4_general_ci NULL DEFAULT '' COMMENT '更新者',
  `update_time` datetime NULL DEFAULT NULL COMMENT '更新时间',
  `remark` varchar(500) CHARACTER SET utf8mb4 COLLATE utf8mb4_general_ci NULL DEFAULT '' COMMENT '备注',
  PRIMARY KEY (`menu_id`) USING BTREE
) ENGINE = InnoDB AUTO_INCREMENT = 2008 CHARACTER SET = utf8mb4 COLLATE = utf8mb4_general_ci COMMENT = '菜单权限表' ROW_FORMAT = DYNAMIC;

-- ----------------------------
-- Records of sys_menu
-- ----------------------------
INSERT INTO `sys_menu` VALUES (1, '系统管理', 0, 1, 'system', NULL, '', 1, 0, 'M', '0', '0', '', 'system', 'admin', '2024-05-22 11:42:57', '', NULL, '系统管理目录');
INSERT INTO `sys_menu` VALUES (2, '系统监控', 0, 2, 'monitor', NULL, '', 1, 0, 'M', '0', '0', '', 'monitor', 'admin', '2024-05-22 11:42:57', '', NULL, '系统监控目录');
INSERT INTO `sys_menu` VALUES (3, '系统工具', 0, 3, 'tool', NULL, '', 1, 0, 'M', '0', '0', '', 'tool', 'admin', '2024-05-22 11:42:57', '', NULL, '系统工具目录');
INSERT INTO `sys_menu` VALUES (4, '若依官网', 0, 4, 'http://ruoyi.vip', NULL, '', 0, 0, 'M', '0', '0', '', 'guide', 'admin', '2024-05-22 11:42:57', '', NULL, '若依官网地址');
INSERT INTO `sys_menu` VALUES (100, '用户管理', 1, 1, 'user', 'system/user/index', '', 1, 0, 'C', '0', '0', 'system:user:list', 'user', 'admin', '2024-05-22 11:42:57', '', NULL, '用户管理菜单');
INSERT INTO `sys_menu` VALUES (101, '角色管理', 1, 2, 'role', 'system/role/index', '', 1, 0, 'C', '0', '0', 'system:role:list', 'peoples', 'admin', '2024-05-22 11:42:57', '', NULL, '角色管理菜单');
INSERT INTO `sys_menu` VALUES (102, '菜单管理', 1, 3, 'menu', 'system/menu/index', '', 1, 0, 'C', '0', '0', 'system:menu:list', 'tree-table', 'admin', '2024-05-22 11:42:57', '', NULL, '菜单管理菜单');
INSERT INTO `sys_menu` VALUES (103, '部门管理', 1, 4, 'dept', 'system/dept/index', '', 1, 0, 'C', '0', '0', 'system:dept:list', 'tree', 'admin', '2024-05-22 11:42:57', '', NULL, '部门管理菜单');
INSERT INTO `sys_menu` VALUES (104, '岗位管理', 1, 5, 'post', 'system/post/index', '', 1, 0, 'C', '0', '0', 'system:post:list', 'post', 'admin', '2024-05-22 11:42:57', '', NULL, '岗位管理菜单');
INSERT INTO `sys_menu` VALUES (105, '字典管理', 1, 6, 'dict', 'system/dict/index', '', 1, 0, 'C', '0', '0', 'system:dict:list', 'dict', 'admin', '2024-05-22 11:42:57', '', NULL, '字典管理菜单');
INSERT INTO `sys_menu` VALUES (106, '参数设置', 1, 7, 'config', 'system/config/index', '', 1, 0, 'C', '0', '0', 'system:config:list', 'edit', 'admin', '2024-05-22 11:42:57', '', NULL, '参数设置菜单');
INSERT INTO `sys_menu` VALUES (107, '通知公告', 1, 8, 'notice', 'system/notice/index', '', 1, 0, 'C', '0', '0', 'system:notice:list', 'message', 'admin', '2024-05-22 11:42:57', '', NULL, '通知公告菜单');
INSERT INTO `sys_menu` VALUES (108, '日志管理', 1, 9, 'log', '', '', 1, 0, 'M', '0', '0', '', 'log', 'admin', '2024-05-22 11:42:57', '', NULL, '日志管理菜单');
INSERT INTO `sys_menu` VALUES (109, '在线用户', 2, 1, 'online', 'monitor/online/index', '', 1, 0, 'C', '0', '0', 'monitor:online:list', 'online', 'admin', '2024-05-22 11:42:57', '', NULL, '在线用户菜单');
INSERT INTO `sys_menu` VALUES (110, '定时任务', 2, 2, 'job', 'monitor/job/index', '', 1, 0, 'C', '0', '0', 'monitor:job:list', 'job', 'admin', '2024-05-22 11:42:57', '', NULL, '定时任务菜单');
INSERT INTO `sys_menu` VALUES (111, '数据监控', 2, 3, 'druid', 'monitor/druid/index', '', 1, 0, 'C', '0', '0', 'monitor:druid:list', 'druid', 'admin', '2024-05-22 11:42:57', '', NULL, '数据监控菜单');
INSERT INTO `sys_menu` VALUES (112, '服务监控', 2, 4, 'server', 'monitor/server/index', '', 1, 0, 'C', '0', '0', 'monitor:server:list', 'server', 'admin', '2024-05-22 11:42:57', '', NULL, '服务监控菜单');
INSERT INTO `sys_menu` VALUES (113, '缓存监控', 2, 5, 'cache', 'monitor/cache/index', '', 1, 0, 'C', '0', '0', 'monitor:cache:list', 'redis', 'admin', '2024-05-22 11:42:57', '', NULL, '缓存监控菜单');
INSERT INTO `sys_menu` VALUES (114, '缓存列表', 2, 6, 'cacheList', 'monitor/cache/list', '', 1, 0, 'C', '0', '0', 'monitor:cache:list', 'redis-list', 'admin', '2024-05-22 11:42:57', '', NULL, '缓存列表菜单');
INSERT INTO `sys_menu` VALUES (115, '表单构建', 3, 1, 'build', 'tool/build/index', '', 1, 0, 'C', '0', '0', 'tool:build:list', 'build', 'admin', '2024-05-22 11:42:57', '', NULL, '表单构建菜单');
INSERT INTO `sys_menu` VALUES (116, '代码生成', 3, 2, 'gen', 'tool/gen/index', '', 1, 0, 'C', '0', '0', 'tool:gen:list', 'code', 'admin', '2024-05-22 11:42:57', '', NULL, '代码生成菜单');
INSERT INTO `sys_menu` VALUES (117, '系统接口', 3, 3, 'swagger', 'tool/swagger/index', '', 1, 0, 'C', '0', '0', 'tool:swagger:list', 'swagger', 'admin', '2024-05-22 11:42:57', '', NULL, '系统接口菜单');
INSERT INTO `sys_menu` VALUES (500, '操作日志', 108, 1, 'operlog', 'monitor/operlog/index', '', 1, 0, 'C', '0', '0', 'monitor:operlog:list', 'form', 'admin', '2024-05-22 11:42:57', '', NULL, '操作日志菜单');
INSERT INTO `sys_menu` VALUES (501, '登录日志', 108, 2, 'logininfor', 'monitor/logininfor/index', '', 1, 0, 'C', '0', '0', 'monitor:logininfor:list', 'logininfor', 'admin', '2024-05-22 11:42:57', '', NULL, '登录日志菜单');
INSERT INTO `sys_menu` VALUES (1000, '用户查询', 100, 1, '', '', '', 1, 0, 'F', '0', '0', 'system:user:query', '#', 'admin', '2024-05-22 11:42:57', '', NULL, '');
INSERT INTO `sys_menu` VALUES (1001, '用户新增', 100, 2, '', '', '', 1, 0, 'F', '0', '0', 'system:user:add', '#', 'admin', '2024-05-22 11:42:57', '', NULL, '');
INSERT INTO `sys_menu` VALUES (1002, '用户修改', 100, 3, '', '', '', 1, 0, 'F', '0', '0', 'system:user:edit', '#', 'admin', '2024-05-22 11:42:57', '', NULL, '');
INSERT INTO `sys_menu` VALUES (1003, '用户删除', 100, 4, '', '', '', 1, 0, 'F', '0', '0', 'system:user:remove', '#', 'admin', '2024-05-22 11:42:57', '', NULL, '');
INSERT INTO `sys_menu` VALUES (1004, '用户导出', 100, 5, '', '', '', 1, 0, 'F', '0', '0', 'system:user:export', '#', 'admin', '2024-05-22 11:42:57', '', NULL, '');
INSERT INTO `sys_menu` VALUES (1005, '用户导入', 100, 6, '', '', '', 1, 0, 'F', '0', '0', 'system:user:import', '#', 'admin', '2024-05-22 11:42:57', '', NULL, '');
INSERT INTO `sys_menu` VALUES (1006, '重置密码', 100, 7, '', '', '', 1, 0, 'F', '0', '0', 'system:user:resetPwd', '#', 'admin', '2024-05-22 11:42:57', '', NULL, '');
INSERT INTO `sys_menu` VALUES (1007, '角色查询', 101, 1, '', '', '', 1, 0, 'F', '0', '0', 'system:role:query', '#', 'admin', '2024-05-22 11:42:57', '', NULL, '');
INSERT INTO `sys_menu` VALUES (1008, '角色新增', 101, 2, '', '', '', 1, 0, 'F', '0', '0', 'system:role:add', '#', 'admin', '2024-05-22 11:42:57', '', NULL, '');
INSERT INTO `sys_menu` VALUES (1009, '角色修改', 101, 3, '', '', '', 1, 0, 'F', '0', '0', 'system:role:edit', '#', 'admin', '2024-05-22 11:42:57', '', NULL, '');
INSERT INTO `sys_menu` VALUES (1010, '角色删除', 101, 4, '', '', '', 1, 0, 'F', '0', '0', 'system:role:remove', '#', 'admin', '2024-05-22 11:42:57', '', NULL, '');
INSERT INTO `sys_menu` VALUES (1011, '角色导出', 101, 5, '', '', '', 1, 0, 'F', '0', '0', 'system:role:export', '#', 'admin', '2024-05-22 11:42:57', '', NULL, '');
INSERT INTO `sys_menu` VALUES (1012, '菜单查询', 102, 1, '', '', '', 1, 0, 'F', '0', '0', 'system:menu:query', '#', 'admin', '2024-05-22 11:42:57', '', NULL, '');
INSERT INTO `sys_menu` VALUES (1013, '菜单新增', 102, 2, '', '', '', 1, 0, 'F', '0', '0', 'system:menu:add', '#', 'admin', '2024-05-22 11:42:57', '', NULL, '');
INSERT INTO `sys_menu` VALUES (1014, '菜单修改', 102, 3, '', '', '', 1, 0, 'F', '0', '0', 'system:menu:edit', '#', 'admin', '2024-05-22 11:42:57', '', NULL, '');
INSERT INTO `sys_menu` VALUES (1015, '菜单删除', 102, 4, '', '', '', 1, 0, 'F', '0', '0', 'system:menu:remove', '#', 'admin', '2024-05-22 11:42:57', '', NULL, '');
INSERT INTO `sys_menu` VALUES (1016, '部门查询', 103, 1, '', '', '', 1, 0, 'F', '0', '0', 'system:dept:query', '#', 'admin', '2024-05-22 11:42:57', '', NULL, '');
INSERT INTO `sys_menu` VALUES (1017, '部门新增', 103, 2, '', '', '', 1, 0, 'F', '0', '0', 'system:dept:add', '#', 'admin', '2024-05-22 11:42:57', '', NULL, '');
INSERT INTO `sys_menu` VALUES (1018, '部门修改', 103, 3, '', '', '', 1, 0, 'F', '0', '0', 'system:dept:edit', '#', 'admin', '2024-05-22 11:42:57', '', NULL, '');
INSERT INTO `sys_menu` VALUES (1019, '部门删除', 103, 4, '', '', '', 1, 0, 'F', '0', '0', 'system:dept:remove', '#', 'admin', '2024-05-22 11:42:57', '', NULL, '');
INSERT INTO `sys_menu` VALUES (1020, '岗位查询', 104, 1, '', '', '', 1, 0, 'F', '0', '0', 'system:post:query', '#', 'admin', '2024-05-22 11:42:57', '', NULL, '');
INSERT INTO `sys_menu` VALUES (1021, '岗位新增', 104, 2, '', '', '', 1, 0, 'F', '0', '0', 'system:post:add', '#', 'admin', '2024-05-22 11:42:57', '', NULL, '');
INSERT INTO `sys_menu` VALUES (1022, '岗位修改', 104, 3, '', '', '', 1, 0, 'F', '0', '0', 'system:post:edit', '#', 'admin', '2024-05-22 11:42:57', '', NULL, '');
INSERT INTO `sys_menu` VALUES (1023, '岗位删除', 104, 4, '', '', '', 1, 0, 'F', '0', '0', 'system:post:remove', '#', 'admin', '2024-05-22 11:42:57', '', NULL, '');
INSERT INTO `sys_menu` VALUES (1024, '岗位导出', 104, 5, '', '', '', 1, 0, 'F', '0', '0', 'system:post:export', '#', 'admin', '2024-05-22 11:42:57', '', NULL, '');
INSERT INTO `sys_menu` VALUES (1025, '字典查询', 105, 1, '#', '', '', 1, 0, 'F', '0', '0', 'system:dict:query', '#', 'admin', '2024-05-22 11:42:57', '', NULL, '');
INSERT INTO `sys_menu` VALUES (1026, '字典新增', 105, 2, '#', '', '', 1, 0, 'F', '0', '0', 'system:dict:add', '#', 'admin', '2024-05-22 11:42:57', '', NULL, '');
INSERT INTO `sys_menu` VALUES (1027, '字典修改', 105, 3, '#', '', '', 1, 0, 'F', '0', '0', 'system:dict:edit', '#', 'admin', '2024-05-22 11:42:57', '', NULL, '');
INSERT INTO `sys_menu` VALUES (1028, '字典删除', 105, 4, '#', '', '', 1, 0, 'F', '0', '0', 'system:dict:remove', '#', 'admin', '2024-05-22 11:42:57', '', NULL, '');
INSERT INTO `sys_menu` VALUES (1029, '字典导出', 105, 5, '#', '', '', 1, 0, 'F', '0', '0', 'system:dict:export', '#', 'admin', '2024-05-22 11:42:57', '', NULL, '');
INSERT INTO `sys_menu` VALUES (1030, '参数查询', 106, 1, '#', '', '', 1, 0, 'F', '0', '0', 'system:config:query', '#', 'admin', '2024-05-22 11:42:57', '', NULL, '');
INSERT INTO `sys_menu` VALUES (1031, '参数新增', 106, 2, '#', '', '', 1, 0, 'F', '0', '0', 'system:config:add', '#', 'admin', '2024-05-22 11:42:57', '', NULL, '');
INSERT INTO `sys_menu` VALUES (1032, '参数修改', 106, 3, '#', '', '', 1, 0, 'F', '0', '0', 'system:config:edit', '#', 'admin', '2024-05-22 11:42:57', '', NULL, '');
INSERT INTO `sys_menu` VALUES (1033, '参数删除', 106, 4, '#', '', '', 1, 0, 'F', '0', '0', 'system:config:remove', '#', 'admin', '2024-05-22 11:42:57', '', NULL, '');
INSERT INTO `sys_menu` VALUES (1034, '参数导出', 106, 5, '#', '', '', 1, 0, 'F', '0', '0', 'system:config:export', '#', 'admin', '2024-05-22 11:42:57', '', NULL, '');
INSERT INTO `sys_menu` VALUES (1035, '公告查询', 107, 1, '#', '', '', 1, 0, 'F', '0', '0', 'system:notice:query', '#', 'admin', '2024-05-22 11:42:57', '', NULL, '');
INSERT INTO `sys_menu` VALUES (1036, '公告新增', 107, 2, '#', '', '', 1, 0, 'F', '0', '0', 'system:notice:add', '#', 'admin', '2024-05-22 11:42:57', '', NULL, '');
INSERT INTO `sys_menu` VALUES (1037, '公告修改', 107, 3, '#', '', '', 1, 0, 'F', '0', '0', 'system:notice:edit', '#', 'admin', '2024-05-22 11:42:57', '', NULL, '');
INSERT INTO `sys_menu` VALUES (1038, '公告删除', 107, 4, '#', '', '', 1, 0, 'F', '0', '0', 'system:notice:remove', '#', 'admin', '2024-05-22 11:42:57', '', NULL, '');
INSERT INTO `sys_menu` VALUES (1039, '操作查询', 500, 1, '#', '', '', 1, 0, 'F', '0', '0', 'monitor:operlog:query', '#', 'admin', '2024-05-22 11:42:57', '', NULL, '');
INSERT INTO `sys_menu` VALUES (1040, '操作删除', 500, 2, '#', '', '', 1, 0, 'F', '0', '0', 'monitor:operlog:remove', '#', 'admin', '2024-05-22 11:42:57', '', NULL, '');
INSERT INTO `sys_menu` VALUES (1041, '日志导出', 500, 3, '#', '', '', 1, 0, 'F', '0', '0', 'monitor:operlog:export', '#', 'admin', '2024-05-22 11:42:57', '', NULL, '');
INSERT INTO `sys_menu` VALUES (1042, '登录查询', 501, 1, '#', '', '', 1, 0, 'F', '0', '0', 'monitor:logininfor:query', '#', 'admin', '2024-05-22 11:42:57', '', NULL, '');
INSERT INTO `sys_menu` VALUES (1043, '登录删除', 501, 2, '#', '', '', 1, 0, 'F', '0', '0', 'monitor:logininfor:remove', '#', 'admin', '2024-05-22 11:42:57', '', NULL, '');
INSERT INTO `sys_menu` VALUES (1044, '日志导出', 501, 3, '#', '', '', 1, 0, 'F', '0', '0', 'monitor:logininfor:export', '#', 'admin', '2024-05-22 11:42:57', '', NULL, '');
INSERT INTO `sys_menu` VALUES (1045, '账户解锁', 501, 4, '#', '', '', 1, 0, 'F', '0', '0', 'monitor:logininfor:unlock', '#', 'admin', '2024-05-22 11:42:57', '', NULL, '');
INSERT INTO `sys_menu` VALUES (1046, '在线查询', 109, 1, '#', '', '', 1, 0, 'F', '0', '0', 'monitor:online:query', '#', 'admin', '2024-05-22 11:42:57', '', NULL, '');
INSERT INTO `sys_menu` VALUES (1047, '批量强退', 109, 2, '#', '', '', 1, 0, 'F', '0', '0', 'monitor:online:batchLogout', '#', 'admin', '2024-05-22 11:42:57', '', NULL, '');
INSERT INTO `sys_menu` VALUES (1048, '单条强退', 109, 3, '#', '', '', 1, 0, 'F', '0', '0', 'monitor:online:forceLogout', '#', 'admin', '2024-05-22 11:42:57', '', NULL, '');
INSERT INTO `sys_menu` VALUES (1049, '任务查询', 110, 1, '#', '', '', 1, 0, 'F', '0', '0', 'monitor:job:query', '#', 'admin', '2024-05-22 11:42:57', '', NULL, '');
INSERT INTO `sys_menu` VALUES (1050, '任务新增', 110, 2, '#', '', '', 1, 0, 'F', '0', '0', 'monitor:job:add', '#', 'admin', '2024-05-22 11:42:57', '', NULL, '');
INSERT INTO `sys_menu` VALUES (1051, '任务修改', 110, 3, '#', '', '', 1, 0, 'F', '0', '0', 'monitor:job:edit', '#', 'admin', '2024-05-22 11:42:57', '', NULL, '');
INSERT INTO `sys_menu` VALUES (1052, '任务删除', 110, 4, '#', '', '', 1, 0, 'F', '0', '0', 'monitor:job:remove', '#', 'admin', '2024-05-22 11:42:57', '', NULL, '');
INSERT INTO `sys_menu` VALUES (1053, '状态修改', 110, 5, '#', '', '', 1, 0, 'F', '0', '0', 'monitor:job:changeStatus', '#', 'admin', '2024-05-22 11:42:57', '', NULL, '');
INSERT INTO `sys_menu` VALUES (1054, '任务导出', 110, 6, '#', '', '', 1, 0, 'F', '0', '0', 'monitor:job:export', '#', 'admin', '2024-05-22 11:42:57', '', NULL, '');
INSERT INTO `sys_menu` VALUES (1055, '生成查询', 116, 1, '#', '', '', 1, 0, 'F', '0', '0', 'tool:gen:query', '#', 'admin', '2024-05-22 11:42:57', '', NULL, '');
INSERT INTO `sys_menu` VALUES (1056, '生成修改', 116, 2, '#', '', '', 1, 0, 'F', '0', '0', 'tool:gen:edit', '#', 'admin', '2024-05-22 11:42:57', '', NULL, '');
INSERT INTO `sys_menu` VALUES (1057, '生成删除', 116, 3, '#', '', '', 1, 0, 'F', '0', '0', 'tool:gen:remove', '#', 'admin', '2024-05-22 11:42:57', '', NULL, '');
INSERT INTO `sys_menu` VALUES (1058, '导入代码', 116, 4, '#', '', '', 1, 0, 'F', '0', '0', 'tool:gen:import', '#', 'admin', '2024-05-22 11:42:57', '', NULL, '');
INSERT INTO `sys_menu` VALUES (1059, '预览代码', 116, 5, '#', '', '', 1, 0, 'F', '0', '0', 'tool:gen:preview', '#', 'admin', '2024-05-22 11:42:57', '', NULL, '');
INSERT INTO `sys_menu` VALUES (1060, '生成代码', 116, 6, '#', '', '', 1, 0, 'F', '0', '0', 'tool:gen:code', '#', 'admin', '2024-05-22 11:42:57', '', NULL, '');
INSERT INTO `sys_menu` VALUES (2000, '贫困人员', 0, 0, 'poor', NULL, NULL, 1, 0, 'M', '0', '0', '', 'user', 'admin', '2024-05-23 00:33:13', 'admin', '2024-05-23 00:33:36', '');
INSERT INTO `sys_menu` VALUES (2001, 'Excel导入', 2000, 1, 'poor/import', 'poor/import/index', NULL, 1, 0, 'C', '0', '0', '', 'excel', 'admin', '2024-05-23 00:34:13', 'admin', '2024-05-23 00:34:55', '');
INSERT INTO `sys_menu` VALUES (2002, '贫困人员', 2000, 2, 'poor/user', 'poor/user/index', NULL, 1, 0, 'C', '0', '0', '', 'user', 'admin', '2024-05-23 00:35:31', 'admin', '2024-05-23 00:37:53', '');
INSERT INTO `sys_menu` VALUES (2003, '家庭管理', 2000, 3, '/poor/family', 'poor/family/index', NULL, 1, 0, 'C', '0', '0', '', 'tree', 'admin', '2024-05-23 00:36:00', 'admin', '2024-05-23 00:37:57', '');
INSERT INTO `sys_menu` VALUES (2004, '原始数据', 2000, 1, 'subsidy', 'poor/subsidy/index', NULL, 1, 0, 'C', '0', '0', '', 'documentation', 'admin', '2024-05-24 09:34:46', 'admin', '2024-05-24 13:20:10', '');
INSERT INTO `sys_menu` VALUES (2005, '统计分析', 2000, 4, 'analysis', 'poor/analysis/index', NULL, 1, 0, 'C', '0', '0', NULL, 'monitor', 'admin', '2024-05-24 13:22:11', '', NULL, '');
INSERT INTO `sys_menu` VALUES (2006, '村务管理', 0, 1, 'village', NULL, NULL, 1, 0, 'M', '0', '0', NULL, 'peoples', 'admin', '2025-08-18 13:04:31', '', NULL, '');
INSERT INTO `sys_menu` VALUES (2007, '村庄管理', 2006, 1, 'village', 'village/index', NULL, 1, 0, 'C', '0', '0', NULL, '#', 'admin', '2025-08-18 13:05:14', '', NULL, '');

-- ----------------------------
-- Table structure for sys_notice
-- ----------------------------
DROP TABLE IF EXISTS `sys_notice`;
CREATE TABLE `sys_notice`  (
  `notice_id` int NOT NULL AUTO_INCREMENT COMMENT '公告ID',
  `notice_title` varchar(50) CHARACTER SET utf8mb4 COLLATE utf8mb4_general_ci NOT NULL COMMENT '公告标题',
  `notice_type` char(1) CHARACTER SET utf8mb4 COLLATE utf8mb4_general_ci NOT NULL COMMENT '公告类型（1通知 2公告）',
  `notice_content` longblob NULL COMMENT '公告内容',
  `status` char(1) CHARACTER SET utf8mb4 COLLATE utf8mb4_general_ci NULL DEFAULT '0' COMMENT '公告状态（0正常 1关闭）',
  `create_by` varchar(64) CHARACTER SET utf8mb4 COLLATE utf8mb4_general_ci NULL DEFAULT '' COMMENT '创建者',
  `create_time` datetime NULL DEFAULT NULL COMMENT '创建时间',
  `update_by` varchar(64) CHARACTER SET utf8mb4 COLLATE utf8mb4_general_ci NULL DEFAULT '' COMMENT '更新者',
  `update_time` datetime NULL DEFAULT NULL COMMENT '更新时间',
  `remark` varchar(255) CHARACTER SET utf8mb4 COLLATE utf8mb4_general_ci NULL DEFAULT NULL COMMENT '备注',
  PRIMARY KEY (`notice_id`) USING BTREE
) ENGINE = InnoDB AUTO_INCREMENT = 11 CHARACTER SET = utf8mb4 COLLATE = utf8mb4_general_ci COMMENT = '通知公告表' ROW_FORMAT = DYNAMIC;

-- ----------------------------
-- Records of sys_notice
-- ----------------------------
INSERT INTO `sys_notice` VALUES (1, '温馨提醒：2018-07-01 若依新版本发布啦', '2', 0xE696B0E78988E69CACE58685E5AEB9, '0', 'admin', '2024-05-22 11:42:58', '', NULL, '管理员');
INSERT INTO `sys_notice` VALUES (2, '维护通知：2018-07-01 若依系统凌晨维护', '1', 0xE7BBB4E68AA4E58685E5AEB9, '0', 'admin', '2024-05-22 11:42:58', '', NULL, '管理员');
INSERT INTO `sys_notice` VALUES (10, '二狗', '1', 0x3C703EE4BA8CE78B973C2F703E, '0', 'admin', '2024-05-30 08:24:58', '', NULL, NULL);

-- ----------------------------
-- Table structure for sys_oper_log
-- ----------------------------
DROP TABLE IF EXISTS `sys_oper_log`;
CREATE TABLE `sys_oper_log`  (
  `oper_id` bigint NOT NULL AUTO_INCREMENT COMMENT '日志主键',
  `title` varchar(50) CHARACTER SET utf8mb4 COLLATE utf8mb4_general_ci NULL DEFAULT '' COMMENT '模块标题',
  `business_type` int NULL DEFAULT 0 COMMENT '业务类型（0其它 1新增 2修改 3删除）',
  `method` varchar(100) CHARACTER SET utf8mb4 COLLATE utf8mb4_general_ci NULL DEFAULT '' COMMENT '方法名称',
  `request_method` varchar(10) CHARACTER SET utf8mb4 COLLATE utf8mb4_general_ci NULL DEFAULT '' COMMENT '请求方式',
  `operator_type` int NULL DEFAULT 0 COMMENT '操作类别（0其它 1后台用户 2手机端用户）',
  `oper_name` varchar(50) CHARACTER SET utf8mb4 COLLATE utf8mb4_general_ci NULL DEFAULT '' COMMENT '操作人员',
  `dept_name` varchar(50) CHARACTER SET utf8mb4 COLLATE utf8mb4_general_ci NULL DEFAULT '' COMMENT '部门名称',
  `oper_url` varchar(255) CHARACTER SET utf8mb4 COLLATE utf8mb4_general_ci NULL DEFAULT '' COMMENT '请求URL',
  `oper_ip` varchar(128) CHARACTER SET utf8mb4 COLLATE utf8mb4_general_ci NULL DEFAULT '' COMMENT '主机地址',
  `oper_location` varchar(255) CHARACTER SET utf8mb4 COLLATE utf8mb4_general_ci NULL DEFAULT '' COMMENT '操作地点',
  `oper_param` varchar(2000) CHARACTER SET utf8mb4 COLLATE utf8mb4_general_ci NULL DEFAULT '' COMMENT '请求参数',
  `json_result` varchar(2000) CHARACTER SET utf8mb4 COLLATE utf8mb4_general_ci NULL DEFAULT '' COMMENT '返回参数',
  `status` int NULL DEFAULT 0 COMMENT '操作状态（0正常 1异常）',
  `error_msg` varchar(2000) CHARACTER SET utf8mb4 COLLATE utf8mb4_general_ci NULL DEFAULT '' COMMENT '错误消息',
  `oper_time` datetime NULL DEFAULT NULL COMMENT '操作时间',
  `cost_time` bigint NULL DEFAULT 0 COMMENT '消耗时间',
  PRIMARY KEY (`oper_id`) USING BTREE,
  INDEX `idx_sys_oper_log_bt`(`business_type` ASC) USING BTREE,
  INDEX `idx_sys_oper_log_s`(`status` ASC) USING BTREE,
  INDEX `idx_sys_oper_log_ot`(`oper_time` ASC) USING BTREE
) ENGINE = InnoDB AUTO_INCREMENT = 215 CHARACTER SET = utf8mb4 COLLATE = utf8mb4_general_ci COMMENT = '操作日志记录' ROW_FORMAT = DYNAMIC;

-- ----------------------------
-- Records of sys_oper_log
-- ----------------------------
INSERT INTO `sys_oper_log` VALUES (100, '菜单管理', 1, 'com.ruoyi.web.controller.system.SysMenuController.add()', 'POST', 1, 'admin', '研发部门', '/system/menu', '172.16.10.34', '内网IP', '{\"children\":[],\"createBy\":\"admin\",\"isCache\":\"0\",\"isFrame\":\"1\",\"menuName\":\"贫困人员\",\"menuType\":\"M\",\"orderNum\":0,\"params\":{},\"parentId\":0,\"path\":\"poor\",\"status\":\"0\",\"visible\":\"0\"}', '{\"msg\":\"操作成功\",\"code\":200}', 0, NULL, '2024-05-23 00:33:13', 161);
INSERT INTO `sys_oper_log` VALUES (101, '菜单管理', 2, 'com.ruoyi.web.controller.system.SysMenuController.edit()', 'PUT', 1, 'admin', '研发部门', '/system/menu', '172.16.10.34', '内网IP', '{\"children\":[],\"createTime\":\"2024-05-23 00:33:13\",\"icon\":\"user\",\"isCache\":\"0\",\"isFrame\":\"1\",\"menuId\":2000,\"menuName\":\"贫困人员\",\"menuType\":\"M\",\"orderNum\":0,\"params\":{},\"parentId\":0,\"path\":\"poor\",\"perms\":\"\",\"status\":\"0\",\"updateBy\":\"admin\",\"visible\":\"0\"}', '{\"msg\":\"操作成功\",\"code\":200}', 0, NULL, '2024-05-23 00:33:36', 85);
INSERT INTO `sys_oper_log` VALUES (102, '菜单管理', 1, 'com.ruoyi.web.controller.system.SysMenuController.add()', 'POST', 1, 'admin', '研发部门', '/system/menu', '172.16.10.34', '内网IP', '{\"children\":[],\"createBy\":\"admin\",\"icon\":\"excel\",\"isCache\":\"0\",\"isFrame\":\"1\",\"menuName\":\"Excel导入\",\"menuType\":\"M\",\"orderNum\":1,\"params\":{},\"parentId\":2000,\"path\":\"poor/import/index\",\"status\":\"0\",\"visible\":\"0\"}', '{\"msg\":\"操作成功\",\"code\":200}', 0, NULL, '2024-05-23 00:34:13', 93);
INSERT INTO `sys_oper_log` VALUES (103, '菜单管理', 2, 'com.ruoyi.web.controller.system.SysMenuController.edit()', 'PUT', 1, 'admin', '研发部门', '/system/menu', '172.16.10.34', '内网IP', '{\"children\":[],\"component\":\"poor/import/index\",\"createTime\":\"2024-05-23 00:34:13\",\"icon\":\"excel\",\"isCache\":\"0\",\"isFrame\":\"1\",\"menuId\":2001,\"menuName\":\"Excel导入\",\"menuType\":\"C\",\"orderNum\":1,\"params\":{},\"parentId\":2000,\"path\":\"poor/import/index\",\"perms\":\"\",\"status\":\"0\",\"updateBy\":\"admin\",\"visible\":\"0\"}', '{\"msg\":\"操作成功\",\"code\":200}', 0, NULL, '2024-05-23 00:34:28', 82);
INSERT INTO `sys_oper_log` VALUES (104, '菜单管理', 2, 'com.ruoyi.web.controller.system.SysMenuController.edit()', 'PUT', 1, 'admin', '研发部门', '/system/menu', '172.16.10.34', '内网IP', '{\"children\":[],\"component\":\"poor/import/index\",\"createTime\":\"2024-05-23 00:34:13\",\"icon\":\"excel\",\"isCache\":\"0\",\"isFrame\":\"1\",\"menuId\":2001,\"menuName\":\"Excel导入\",\"menuType\":\"C\",\"orderNum\":1,\"params\":{},\"parentId\":2000,\"path\":\"poor/import\",\"perms\":\"\",\"status\":\"0\",\"updateBy\":\"admin\",\"visible\":\"0\"}', '{\"msg\":\"操作成功\",\"code\":200}', 0, NULL, '2024-05-23 00:34:55', 82);
INSERT INTO `sys_oper_log` VALUES (105, '菜单管理', 1, 'com.ruoyi.web.controller.system.SysMenuController.add()', 'POST', 1, 'admin', '研发部门', '/system/menu', '172.16.10.34', '内网IP', '{\"children\":[],\"component\":\"/poor/user/index\",\"createBy\":\"admin\",\"icon\":\"user\",\"isCache\":\"0\",\"isFrame\":\"1\",\"menuName\":\"贫困人员\",\"menuType\":\"C\",\"orderNum\":2,\"params\":{},\"parentId\":2000,\"path\":\"poor/user\",\"status\":\"0\",\"visible\":\"0\"}', '{\"msg\":\"操作成功\",\"code\":200}', 0, NULL, '2024-05-23 00:35:31', 79);
INSERT INTO `sys_oper_log` VALUES (106, '菜单管理', 1, 'com.ruoyi.web.controller.system.SysMenuController.add()', 'POST', 1, 'admin', '研发部门', '/system/menu', '172.16.10.34', '内网IP', '{\"children\":[],\"component\":\"/poor/family\",\"createBy\":\"admin\",\"icon\":\"tree\",\"isCache\":\"0\",\"isFrame\":\"1\",\"menuName\":\"家庭管理\",\"menuType\":\"C\",\"orderNum\":3,\"params\":{},\"parentId\":2000,\"path\":\"/poor/family\",\"status\":\"0\",\"visible\":\"0\"}', '{\"msg\":\"操作成功\",\"code\":200}', 0, NULL, '2024-05-23 00:36:00', 80);
INSERT INTO `sys_oper_log` VALUES (107, '角色管理', 2, 'com.ruoyi.web.controller.system.SysRoleController.edit()', 'PUT', 1, 'admin', '研发部门', '/system/role', '172.16.10.34', '内网IP', '{\"admin\":false,\"createTime\":\"2024-05-22 11:42:57\",\"dataScope\":\"2\",\"delFlag\":\"0\",\"deptCheckStrictly\":true,\"flag\":false,\"menuCheckStrictly\":true,\"menuIds\":[2000,2001,2002,2003,1,100,1000,1001,1002,1003,1004,1005,1006,101,1007,1008,1009,1010,1011,102,1012,1013,1014,1015,103,1016,1017,1018,1019,104,1020,1021,1022,1023,1024,105,1025,1026,1027,1028,1029,106,1030,1031,1032,1033,1034,107,1035,1036,1037,1038,108,500,1039,1040,1041,501,1042,1043,1044,1045,2,109,1046,1047,1048,110,1049,1050,1051,1052,1053,1054,111,112,113,114,3,115,116,1055,1056,1057,1058,1059,1060,117,4],\"params\":{},\"remark\":\"普通角色\",\"roleId\":2,\"roleKey\":\"common\",\"roleName\":\"普通角色\",\"roleSort\":2,\"status\":\"0\",\"updateBy\":\"admin\"}', '{\"msg\":\"操作成功\",\"code\":200}', 0, NULL, '2024-05-23 00:36:17', 301);
INSERT INTO `sys_oper_log` VALUES (108, '部门管理', 3, 'com.ruoyi.web.controller.system.SysDeptController.remove()', 'DELETE', 1, 'admin', '研发部门', '/system/dept/109', '172.16.10.34', '内网IP', '{}', '{\"msg\":\"操作成功\",\"code\":200}', 0, NULL, '2024-05-23 00:36:30', 105);
INSERT INTO `sys_oper_log` VALUES (109, '部门管理', 3, 'com.ruoyi.web.controller.system.SysDeptController.remove()', 'DELETE', 1, 'admin', '研发部门', '/system/dept/108', '172.16.10.34', '内网IP', '{}', '{\"msg\":\"操作成功\",\"code\":200}', 0, NULL, '2024-05-23 00:36:32', 109);
INSERT INTO `sys_oper_log` VALUES (110, '部门管理', 3, 'com.ruoyi.web.controller.system.SysDeptController.remove()', 'DELETE', 1, 'admin', '研发部门', '/system/dept/102', '172.16.10.34', '内网IP', '{}', '{\"msg\":\"操作成功\",\"code\":200}', 0, NULL, '2024-05-23 00:36:34', 105);
INSERT INTO `sys_oper_log` VALUES (111, '部门管理', 3, 'com.ruoyi.web.controller.system.SysDeptController.remove()', 'DELETE', 1, 'admin', '研发部门', '/system/dept/107', '172.16.10.34', '内网IP', '{}', '{\"msg\":\"操作成功\",\"code\":200}', 0, NULL, '2024-05-23 00:36:36', 104);
INSERT INTO `sys_oper_log` VALUES (112, '部门管理', 3, 'com.ruoyi.web.controller.system.SysDeptController.remove()', 'DELETE', 1, 'admin', '研发部门', '/system/dept/106', '172.16.10.34', '内网IP', '{}', '{\"msg\":\"操作成功\",\"code\":200}', 0, NULL, '2024-05-23 00:36:38', 104);
INSERT INTO `sys_oper_log` VALUES (113, '部门管理', 3, 'com.ruoyi.web.controller.system.SysDeptController.remove()', 'DELETE', 1, 'admin', '研发部门', '/system/dept/104', '172.16.10.34', '内网IP', '{}', '{\"msg\":\"操作成功\",\"code\":200}', 0, NULL, '2024-05-23 00:36:41', 103);
INSERT INTO `sys_oper_log` VALUES (114, '菜单管理', 2, 'com.ruoyi.web.controller.system.SysMenuController.edit()', 'PUT', 1, 'admin', '研发部门', '/system/menu', '172.16.10.34', '内网IP', '{\"children\":[],\"component\":\"/poor/family/index\",\"createTime\":\"2024-05-23 00:36:00\",\"icon\":\"tree\",\"isCache\":\"0\",\"isFrame\":\"1\",\"menuId\":2003,\"menuName\":\"家庭管理\",\"menuType\":\"C\",\"orderNum\":3,\"params\":{},\"parentId\":2000,\"path\":\"/poor/family\",\"perms\":\"\",\"status\":\"0\",\"updateBy\":\"admin\",\"visible\":\"0\"}', '{\"msg\":\"操作成功\",\"code\":200}', 0, NULL, '2024-05-23 00:37:36', 79);
INSERT INTO `sys_oper_log` VALUES (115, '菜单管理', 2, 'com.ruoyi.web.controller.system.SysMenuController.edit()', 'PUT', 1, 'admin', '研发部门', '/system/menu', '172.16.10.34', '内网IP', '{\"children\":[],\"component\":\"poor/user/index\",\"createTime\":\"2024-05-23 00:35:31\",\"icon\":\"user\",\"isCache\":\"0\",\"isFrame\":\"1\",\"menuId\":2002,\"menuName\":\"贫困人员\",\"menuType\":\"C\",\"orderNum\":2,\"params\":{},\"parentId\":2000,\"path\":\"poor/user\",\"perms\":\"\",\"status\":\"0\",\"updateBy\":\"admin\",\"visible\":\"0\"}', '{\"msg\":\"操作成功\",\"code\":200}', 0, NULL, '2024-05-23 00:37:53', 80);
INSERT INTO `sys_oper_log` VALUES (116, '菜单管理', 2, 'com.ruoyi.web.controller.system.SysMenuController.edit()', 'PUT', 1, 'admin', '研发部门', '/system/menu', '172.16.10.34', '内网IP', '{\"children\":[],\"component\":\"poor/family/index\",\"createTime\":\"2024-05-23 00:36:00\",\"icon\":\"tree\",\"isCache\":\"0\",\"isFrame\":\"1\",\"menuId\":2003,\"menuName\":\"家庭管理\",\"menuType\":\"C\",\"orderNum\":3,\"params\":{},\"parentId\":2000,\"path\":\"/poor/family\",\"perms\":\"\",\"status\":\"0\",\"updateBy\":\"admin\",\"visible\":\"0\"}', '{\"msg\":\"操作成功\",\"code\":200}', 0, NULL, '2024-05-23 00:37:57', 81);
INSERT INTO `sys_oper_log` VALUES (117, '字典类型', 1, 'com.ruoyi.web.controller.system.SysDictTypeController.add()', 'POST', 1, 'admin', '研发部门', '/system/dict/type', '172.16.10.34', '内网IP', '{\"createBy\":\"admin\",\"dictName\":\"是否\",\"dictType\":\"yes_no\",\"params\":{},\"status\":\"0\"}', '{\"msg\":\"操作成功\",\"code\":200}', 0, NULL, '2024-05-23 01:08:03', 167);
INSERT INTO `sys_oper_log` VALUES (118, '字典数据', 1, 'com.ruoyi.web.controller.system.SysDictDataController.add()', 'POST', 1, 'admin', '研发部门', '/system/dict/data', '172.16.10.34', '内网IP', '{\"createBy\":\"admin\",\"default\":false,\"dictLabel\":\"是\",\"dictSort\":0,\"dictType\":\"yes_no\",\"dictValue\":\"1\",\"listClass\":\"default\",\"params\":{},\"status\":\"0\"}', '{\"msg\":\"操作成功\",\"code\":200}', 0, NULL, '2024-05-23 01:08:17', 103);
INSERT INTO `sys_oper_log` VALUES (119, '字典数据', 1, 'com.ruoyi.web.controller.system.SysDictDataController.add()', 'POST', 1, 'admin', '研发部门', '/system/dict/data', '172.16.10.34', '内网IP', '{\"createBy\":\"admin\",\"default\":false,\"dictLabel\":\"否\",\"dictSort\":0,\"dictType\":\"yes_no\",\"dictValue\":\"0\",\"listClass\":\"default\",\"params\":{},\"status\":\"0\"}', '{\"msg\":\"操作成功\",\"code\":200}', 0, NULL, '2024-05-23 01:08:26', 89);
INSERT INTO `sys_oper_log` VALUES (120, '字典数据', 2, 'com.ruoyi.web.controller.system.SysDictDataController.edit()', 'PUT', 1, 'admin', '研发部门', '/system/dict/data', '172.16.10.34', '内网IP', '{\"createBy\":\"admin\",\"createTime\":\"2024-05-23 01:08:17\",\"default\":false,\"dictCode\":100,\"dictLabel\":\"是\",\"dictSort\":0,\"dictType\":\"yes_no\",\"dictValue\":\"1\",\"isDefault\":\"N\",\"listClass\":\"primary\",\"params\":{},\"status\":\"0\",\"updateBy\":\"admin\"}', '{\"msg\":\"操作成功\",\"code\":200}', 0, NULL, '2024-05-23 01:15:17', 108);
INSERT INTO `sys_oper_log` VALUES (121, '字典数据', 2, 'com.ruoyi.web.controller.system.SysDictDataController.edit()', 'PUT', 1, 'admin', '研发部门', '/system/dict/data', '172.16.10.34', '内网IP', '{\"createBy\":\"admin\",\"createTime\":\"2024-05-23 01:08:26\",\"default\":false,\"dictCode\":101,\"dictLabel\":\"否\",\"dictSort\":0,\"dictType\":\"yes_no\",\"dictValue\":\"0\",\"isDefault\":\"N\",\"listClass\":\"danger\",\"params\":{},\"status\":\"0\",\"updateBy\":\"admin\"}', '{\"msg\":\"操作成功\",\"code\":200}', 0, NULL, '2024-05-23 01:15:22', 91);
INSERT INTO `sys_oper_log` VALUES (122, '字典数据', 2, 'com.ruoyi.web.controller.system.SysDictDataController.edit()', 'PUT', 1, 'admin', '研发部门', '/system/dict/data', '172.16.10.34', '内网IP', '{\"createBy\":\"admin\",\"createTime\":\"2024-05-23 01:08:17\",\"default\":false,\"dictCode\":100,\"dictLabel\":\"是\",\"dictSort\":0,\"dictType\":\"yes_no\",\"dictValue\":\"1\",\"isDefault\":\"N\",\"listClass\":\"danger\",\"params\":{},\"status\":\"0\",\"updateBy\":\"admin\"}', '{\"msg\":\"操作成功\",\"code\":200}', 0, NULL, '2024-05-23 01:15:53', 103);
INSERT INTO `sys_oper_log` VALUES (123, '字典数据', 2, 'com.ruoyi.web.controller.system.SysDictDataController.edit()', 'PUT', 1, 'admin', '研发部门', '/system/dict/data', '172.16.10.34', '内网IP', '{\"createBy\":\"admin\",\"createTime\":\"2024-05-23 01:08:26\",\"default\":false,\"dictCode\":101,\"dictLabel\":\"否\",\"dictSort\":0,\"dictType\":\"yes_no\",\"dictValue\":\"0\",\"isDefault\":\"N\",\"listClass\":\"primary\",\"params\":{},\"status\":\"0\",\"updateBy\":\"admin\"}', '{\"msg\":\"操作成功\",\"code\":200}', 0, NULL, '2024-05-23 01:15:58', 87);
INSERT INTO `sys_oper_log` VALUES (124, '参数管理', 2, 'com.ruoyi.web.controller.system.SysConfigController.edit()', 'PUT', 1, 'admin', '研发部门', '/system/config', '172.16.10.34', '内网IP', '{\"configId\":4,\"configKey\":\"sys.account.captchaEnabled\",\"configName\":\"账号自助-验证码开关\",\"configType\":\"N\",\"configValue\":\"true\",\"createBy\":\"admin\",\"createTime\":\"2024-05-22 11:42:58\",\"params\":{},\"remark\":\"是否开启验证码功能（true开启，false关闭）\",\"updateBy\":\"admin\"}', '{\"msg\":\"操作成功\",\"code\":200}', 0, NULL, '2024-05-23 06:59:58', 108);
INSERT INTO `sys_oper_log` VALUES (125, '参数管理', 2, 'com.ruoyi.web.controller.system.SysConfigController.edit()', 'PUT', 1, 'admin', '研发部门', '/system/config', '172.16.10.34', '内网IP', '{\"configId\":4,\"configKey\":\"sys.account.captchaEnabled\",\"configName\":\"账号自助-验证码开关\",\"configType\":\"N\",\"configValue\":\"false\",\"createBy\":\"admin\",\"createTime\":\"2024-05-22 11:42:58\",\"params\":{},\"remark\":\"是否开启验证码功能（true开启，false关闭）\",\"updateBy\":\"admin\",\"updateTime\":\"2024-05-23 06:59:58\"}', '{\"msg\":\"操作成功\",\"code\":200}', 0, NULL, '2024-05-23 07:00:27', 104);
INSERT INTO `sys_oper_log` VALUES (126, '字典类型', 1, 'com.ruoyi.web.controller.system.SysDictTypeController.add()', 'POST', 1, 'admin', '研发部门', '/system/dict/type', '127.0.0.1', '内网IP', '{\"createBy\":\"admin\",\"dictName\":\"补贴类型\",\"dictType\":\"subsidy_type\",\"params\":{},\"status\":\"0\"}', '{\"msg\":\"操作成功\",\"code\":200}', 0, NULL, '2024-05-23 07:38:19', 172);
INSERT INTO `sys_oper_log` VALUES (127, '字典数据', 1, 'com.ruoyi.web.controller.system.SysDictDataController.add()', 'POST', 1, 'admin', '研发部门', '/system/dict/data', '127.0.0.1', '内网IP', '{\"createBy\":\"admin\",\"default\":false,\"dictLabel\":\"低保补贴\",\"dictSort\":1,\"dictType\":\"subsidy_type\",\"dictValue\":\"0\",\"listClass\":\"primary\",\"params\":{},\"status\":\"0\"}', '{\"msg\":\"操作成功\",\"code\":200}', 0, NULL, '2024-05-23 07:38:47', 97);
INSERT INTO `sys_oper_log` VALUES (128, '字典数据', 1, 'com.ruoyi.web.controller.system.SysDictDataController.add()', 'POST', 1, 'admin', '研发部门', '/system/dict/data', '127.0.0.1', '内网IP', '{\"createBy\":\"admin\",\"default\":false,\"dictLabel\":\"伤残补贴\",\"dictSort\":0,\"dictType\":\"subsidy_type\",\"dictValue\":\"1\",\"listClass\":\"success\",\"params\":{},\"status\":\"0\"}', '{\"msg\":\"操作成功\",\"code\":200}', 0, NULL, '2024-05-23 07:38:59', 89);
INSERT INTO `sys_oper_log` VALUES (129, '字典数据', 1, 'com.ruoyi.web.controller.system.SysDictDataController.add()', 'POST', 1, 'admin', '研发部门', '/system/dict/data', '127.0.0.1', '内网IP', '{\"createBy\":\"admin\",\"default\":false,\"dictLabel\":\"养老补贴\",\"dictSort\":0,\"dictType\":\"subsidy_type\",\"dictValue\":\"2\",\"listClass\":\"info\",\"params\":{},\"status\":\"0\"}', '{\"msg\":\"操作成功\",\"code\":200}', 0, NULL, '2024-05-23 07:39:12', 88);
INSERT INTO `sys_oper_log` VALUES (130, '字典类型', 1, 'com.ruoyi.web.controller.system.SysDictTypeController.add()', 'POST', 1, 'admin', '研发部门', '/system/dict/type', '127.0.0.1', '内网IP', '{\"createBy\":\"admin\",\"dictName\":\"村落\",\"dictType\":\"village\",\"params\":{},\"status\":\"0\"}', '{\"msg\":\"操作成功\",\"code\":200}', 0, NULL, '2024-05-23 09:46:25', 113);
INSERT INTO `sys_oper_log` VALUES (131, '字典数据', 1, 'com.ruoyi.web.controller.system.SysDictDataController.add()', 'POST', 1, 'admin', '研发部门', '/system/dict/data', '127.0.0.1', '内网IP', '{\"createBy\":\"admin\",\"default\":false,\"dictLabel\":\"东高村\",\"dictSort\":0,\"dictType\":\"village\",\"dictValue\":\"dongao\",\"listClass\":\"default\",\"params\":{},\"status\":\"0\"}', '{\"msg\":\"操作成功\",\"code\":200}', 0, NULL, '2024-05-23 09:46:41', 124);
INSERT INTO `sys_oper_log` VALUES (132, '字典数据', 1, 'com.ruoyi.web.controller.system.SysDictDataController.add()', 'POST', 1, 'admin', '研发部门', '/system/dict/data', '127.0.0.1', '内网IP', '{\"createBy\":\"admin\",\"default\":false,\"dictLabel\":\"梨园村\",\"dictSort\":0,\"dictType\":\"village\",\"dictValue\":\"liyuan\",\"listClass\":\"default\",\"params\":{},\"status\":\"0\"}', '{\"msg\":\"操作成功\",\"code\":200}', 0, NULL, '2024-05-23 09:46:57', 96);
INSERT INTO `sys_oper_log` VALUES (133, '角色管理', 1, 'com.ruoyi.web.controller.system.SysRoleController.add()', 'POST', 1, 'admin', '研发部门', '/system/role', '172.16.10.34', '内网IP', '{\"admin\":false,\"createBy\":\"admin\",\"deptCheckStrictly\":true,\"deptIds\":[],\"flag\":false,\"menuCheckStrictly\":true,\"menuIds\":[2000,2001,2002],\"params\":{},\"roleId\":100,\"roleKey\":\"poor:admin\",\"roleName\":\"贫困人员管理者\",\"roleSort\":0,\"status\":\"0\"}', '{\"msg\":\"操作成功\",\"code\":200}', 0, NULL, '2024-05-24 00:33:20', 334);
INSERT INTO `sys_oper_log` VALUES (134, '用户管理', 1, 'com.ruoyi.web.controller.system.SysUserController.add()', 'POST', 1, 'admin', '研发部门', '/system/user', '172.16.10.34', '内网IP', '{\"admin\":false,\"createBy\":\"admin\",\"deptId\":103,\"nickName\":\"田老二\",\"params\":{},\"postIds\":[],\"roleIds\":[],\"sex\":\"1\",\"status\":\"0\",\"userId\":100,\"userName\":\"tianyc\"}', '{\"msg\":\"操作成功\",\"code\":200}', 0, NULL, '2024-05-24 00:34:07', 210);
INSERT INTO `sys_oper_log` VALUES (135, '用户管理', 4, 'com.ruoyi.web.controller.system.SysUserController.insertAuthRole()', 'PUT', 1, 'admin', '研发部门', '/system/user/authRole', '172.16.10.34', '内网IP', '{\"roleIds\":\"100\",\"userId\":\"100\"}', '{\"msg\":\"操作成功\",\"code\":200}', 0, NULL, '2024-05-24 00:34:18', 154);
INSERT INTO `sys_oper_log` VALUES (136, '菜单管理', 1, 'com.ruoyi.web.controller.system.SysMenuController.add()', 'POST', 1, 'admin', '研发部门', '/system/menu', '172.16.10.34', '内网IP', '{\"children\":[],\"component\":\"poor/subsidy/index\",\"createBy\":\"admin\",\"icon\":\"documentation\",\"isCache\":\"0\",\"isFrame\":\"1\",\"menuName\":\"原始数据\",\"menuType\":\"C\",\"orderNum\":2,\"params\":{},\"parentId\":2000,\"path\":\"subsidy\",\"status\":\"0\",\"visible\":\"0\"}', '{\"msg\":\"操作成功\",\"code\":200}', 0, NULL, '2024-05-24 09:34:46', 158);
INSERT INTO `sys_oper_log` VALUES (137, '菜单管理', 2, 'com.ruoyi.web.controller.system.SysMenuController.edit()', 'PUT', 1, 'admin', '研发部门', '/system/menu', '127.0.0.1', '内网IP', '{\"children\":[],\"component\":\"poor/subsidy/index\",\"createTime\":\"2024-05-24 09:34:46\",\"icon\":\"documentation\",\"isCache\":\"0\",\"isFrame\":\"1\",\"menuId\":2004,\"menuName\":\"原始数据\",\"menuType\":\"C\",\"orderNum\":1,\"params\":{},\"parentId\":2000,\"path\":\"subsidy\",\"perms\":\"\",\"status\":\"0\",\"updateBy\":\"admin\",\"visible\":\"0\"}', '{\"msg\":\"操作成功\",\"code\":200}', 0, NULL, '2024-05-24 13:20:10', 197);
INSERT INTO `sys_oper_log` VALUES (138, '菜单管理', 1, 'com.ruoyi.web.controller.system.SysMenuController.add()', 'POST', 1, 'admin', '研发部门', '/system/menu', '127.0.0.1', '内网IP', '{\"children\":[],\"component\":\"poor/analysis/index\",\"createBy\":\"admin\",\"icon\":\"monitor\",\"isCache\":\"0\",\"isFrame\":\"1\",\"menuName\":\"统计分析\",\"menuType\":\"C\",\"orderNum\":4,\"params\":{},\"parentId\":2000,\"path\":\"analysis\",\"status\":\"0\",\"visible\":\"0\"}', '{\"msg\":\"操作成功\",\"code\":200}', 0, NULL, '2024-05-24 13:22:11', 117);
INSERT INTO `sys_oper_log` VALUES (139, '角色管理', 2, 'com.ruoyi.web.controller.system.SysRoleController.edit()', 'PUT', 1, 'admin', '研发部门', '/system/role', '127.0.0.1', '内网IP', '{\"admin\":false,\"createTime\":\"2024-05-24 00:33:20\",\"dataScope\":\"1\",\"delFlag\":\"0\",\"deptCheckStrictly\":true,\"flag\":false,\"menuCheckStrictly\":true,\"menuIds\":[2000,2001,2004,2002,2003,2005],\"params\":{},\"roleId\":100,\"roleKey\":\"poor:admin\",\"roleName\":\"贫困人员管理者\",\"roleSort\":0,\"status\":\"0\",\"updateBy\":\"admin\"}', '{\"msg\":\"操作成功\",\"code\":200}', 0, NULL, '2024-05-30 08:04:00', 422);
INSERT INTO `sys_oper_log` VALUES (140, '通知公告', 1, 'com.ruoyi.web.controller.system.SysNoticeController.add()', 'POST', 1, 'admin', '研发部门', '/system/notice', '127.0.0.1', '内网IP', '{\"createBy\":\"admin\",\"noticeContent\":\"<p>二狗</p>\",\"noticeTitle\":\"二狗\",\"noticeType\":\"1\",\"params\":{},\"status\":\"0\"}', '{\"msg\":\"操作成功\",\"code\":200}', 0, NULL, '2024-05-30 08:24:58', 42);
INSERT INTO `sys_oper_log` VALUES (141, '角色管理', 2, 'com.ruoyi.web.controller.system.SysRoleController.edit()', 'PUT', 1, 'admin', '研发部门', '/system/role', '127.0.0.1', '内网IP', '{\"admin\":false,\"createTime\":\"2024-05-24 00:33:20\",\"dataScope\":\"1\",\"delFlag\":\"0\",\"deptCheckStrictly\":true,\"flag\":false,\"menuCheckStrictly\":true,\"menuIds\":[1,2000,2001,2004,2002,2003,2005,105,1025,1026,1027,1028,1029],\"params\":{},\"roleId\":100,\"roleKey\":\"poor:admin\",\"roleName\":\"贫困人员管理者\",\"roleSort\":0,\"status\":\"0\",\"updateBy\":\"admin\"}', '{\"msg\":\"操作成功\",\"code\":200}', 0, NULL, '2024-05-30 08:26:04', 235);
INSERT INTO `sys_oper_log` VALUES (142, '字典数据', 2, 'com.ruoyi.web.controller.system.SysDictDataController.edit()', 'PUT', 1, 'admin', '研发部门', '/system/dict/data', '127.0.0.1', '内网IP', '{\"createBy\":\"admin\",\"createTime\":\"2024-05-23 07:38:59\",\"default\":false,\"dictCode\":103,\"dictLabel\":\"困难残疾人生活补贴\",\"dictSort\":0,\"dictType\":\"subsidy_type\",\"dictValue\":\"1\",\"isDefault\":\"N\",\"listClass\":\"success\",\"params\":{},\"status\":\"0\",\"updateBy\":\"admin\"}', '{\"msg\":\"操作成功\",\"code\":200}', 0, NULL, '2024-05-30 08:31:15', 260);
INSERT INTO `sys_oper_log` VALUES (143, '字典数据', 2, 'com.ruoyi.web.controller.system.SysDictDataController.edit()', 'PUT', 1, 'admin', '研发部门', '/system/dict/data', '127.0.0.1', '内网IP', '{\"createBy\":\"admin\",\"createTime\":\"2024-05-23 07:39:11\",\"default\":false,\"dictCode\":104,\"dictLabel\":\"重残护理补贴\",\"dictSort\":0,\"dictType\":\"subsidy_type\",\"dictValue\":\"2\",\"isDefault\":\"N\",\"listClass\":\"info\",\"params\":{},\"status\":\"0\",\"updateBy\":\"admin\"}', '{\"msg\":\"操作成功\",\"code\":200}', 0, NULL, '2024-05-30 08:31:58', 209);
INSERT INTO `sys_oper_log` VALUES (144, '字典数据', 1, 'com.ruoyi.web.controller.system.SysDictDataController.add()', 'POST', 1, 'admin', '研发部门', '/system/dict/data', '127.0.0.1', '内网IP', '{\"createBy\":\"admin\",\"default\":false,\"dictLabel\":\"特困金额\",\"dictSort\":0,\"dictType\":\"subsidy_type\",\"dictValue\":\"3\",\"listClass\":\"default\",\"params\":{},\"status\":\"0\"}', '{\"msg\":\"操作成功\",\"code\":200}', 0, NULL, '2024-05-30 08:33:09', 328);
INSERT INTO `sys_oper_log` VALUES (145, '字典数据', 1, 'com.ruoyi.web.controller.system.SysDictDataController.add()', 'POST', 1, 'admin', '研发部门', '/system/dict/data', '127.0.0.1', '内网IP', '{\"createBy\":\"admin\",\"default\":false,\"dictLabel\":\"临时救助金额\",\"dictSort\":0,\"dictType\":\"subsidy_type\",\"dictValue\":\"4\",\"listClass\":\"default\",\"params\":{},\"status\":\"0\"}', '{\"msg\":\"操作成功\",\"code\":200}', 0, NULL, '2024-05-30 08:33:39', 137);
INSERT INTO `sys_oper_log` VALUES (146, '字典数据', 1, 'com.ruoyi.web.controller.system.SysDictDataController.add()', 'POST', 1, 'admin', '研发部门', '/system/dict/data', '127.0.0.1', '内网IP', '{\"createBy\":\"admin\",\"default\":false,\"dictLabel\":\"困难老年人补贴\",\"dictSort\":0,\"dictType\":\"subsidy_type\",\"dictValue\":\"5\",\"listClass\":\"default\",\"params\":{},\"status\":\"0\"}', '{\"msg\":\"操作成功\",\"code\":200}', 0, NULL, '2024-05-30 08:34:05', 137);
INSERT INTO `sys_oper_log` VALUES (147, '字典数据', 1, 'com.ruoyi.web.controller.system.SysDictDataController.add()', 'POST', 1, 'admin', '研发部门', '/system/dict/data', '127.0.0.1', '内网IP', '{\"createBy\":\"admin\",\"default\":false,\"dictLabel\":\"养老金\",\"dictSort\":0,\"dictType\":\"subsidy_type\",\"dictValue\":\"6\",\"listClass\":\"default\",\"params\":{},\"status\":\"0\"}', '{\"msg\":\"操作成功\",\"code\":200}', 0, NULL, '2024-05-30 08:34:32', 130);
INSERT INTO `sys_oper_log` VALUES (148, '字典数据', 1, 'com.ruoyi.web.controller.system.SysDictDataController.add()', 'POST', 1, 'admin', '研发部门', '/system/dict/data', '127.0.0.1', '内网IP', '{\"createBy\":\"admin\",\"default\":false,\"dictLabel\":\"人社公益岗工资金额\",\"dictSort\":0,\"dictType\":\"subsidy_type\",\"dictValue\":\"7\",\"listClass\":\"default\",\"params\":{},\"status\":\"0\"}', '{\"msg\":\"操作成功\",\"code\":200}', 0, NULL, '2024-05-30 08:35:18', 125);
INSERT INTO `sys_oper_log` VALUES (149, '字典数据', 1, 'com.ruoyi.web.controller.system.SysDictDataController.add()', 'POST', 1, 'admin', '研发部门', '/system/dict/data', '127.0.0.1', '内网IP', '{\"createBy\":\"admin\",\"default\":false,\"dictLabel\":\"扶贫专岗金额\",\"dictSort\":0,\"dictType\":\"subsidy_type\",\"dictValue\":\"8\",\"listClass\":\"default\",\"params\":{},\"status\":\"0\"}', '{\"msg\":\"操作成功\",\"code\":200}', 0, NULL, '2024-05-30 08:35:47', 119);
INSERT INTO `sys_oper_log` VALUES (150, '字典数据', 1, 'com.ruoyi.web.controller.system.SysDictDataController.add()', 'POST', 1, 'admin', '研发部门', '/system/dict/data', '127.0.0.1', '内网IP', '{\"createBy\":\"admin\",\"default\":false,\"dictLabel\":\"高龄津贴\",\"dictSort\":0,\"dictType\":\"subsidy_type\",\"dictValue\":\"9\",\"listClass\":\"default\",\"params\":{},\"status\":\"0\"}', '{\"msg\":\"操作成功\",\"code\":200}', 0, NULL, '2024-05-30 08:36:14', 119);
INSERT INTO `sys_oper_log` VALUES (151, '字典数据', 1, 'com.ruoyi.web.controller.system.SysDictDataController.add()', 'POST', 1, 'admin', '研发部门', '/system/dict/data', '127.0.0.1', '内网IP', '{\"createBy\":\"admin\",\"default\":false,\"dictLabel\":\"长寿津贴\",\"dictSort\":0,\"dictType\":\"subsidy_type\",\"dictValue\":\"10\",\"listClass\":\"default\",\"params\":{},\"status\":\"0\"}', '{\"msg\":\"操作成功\",\"code\":200}', 0, NULL, '2024-05-30 08:36:43', 113);
INSERT INTO `sys_oper_log` VALUES (152, '字典类型', 1, 'com.ruoyi.web.controller.system.SysDictTypeController.add()', 'POST', 1, 'admin', '研发部门', '/system/dict/type', '172.16.10.34', '内网IP', '{\"createBy\":\"admin\",\"dictName\":\"与户主关系\",\"dictType\":\"relation_type\",\"params\":{},\"status\":\"0\"}', '{\"msg\":\"操作成功\",\"code\":200}', 0, NULL, '2024-05-31 01:51:59', 156);
INSERT INTO `sys_oper_log` VALUES (153, '字典数据', 1, 'com.ruoyi.web.controller.system.SysDictDataController.add()', 'POST', 1, 'admin', '研发部门', '/system/dict/data', '172.16.10.34', '内网IP', '{\"createBy\":\"admin\",\"default\":false,\"dictLabel\":\"户主\",\"dictSort\":0,\"dictType\":\"relation_type\",\"dictValue\":\"0\",\"listClass\":\"primary\",\"params\":{},\"status\":\"0\"}', '{\"msg\":\"操作成功\",\"code\":200}', 0, NULL, '2024-05-31 01:52:15', 63);
INSERT INTO `sys_oper_log` VALUES (154, '字典数据', 1, 'com.ruoyi.web.controller.system.SysDictDataController.add()', 'POST', 1, 'admin', '研发部门', '/system/dict/data', '172.16.10.34', '内网IP', '{\"createBy\":\"admin\",\"default\":false,\"dictLabel\":\"配偶\",\"dictSort\":0,\"dictType\":\"relation_type\",\"dictValue\":\"1\",\"listClass\":\"success\",\"params\":{},\"status\":\"0\"}', '{\"msg\":\"操作成功\",\"code\":200}', 0, NULL, '2024-05-31 01:52:29', 66);
INSERT INTO `sys_oper_log` VALUES (155, '字典数据', 1, 'com.ruoyi.web.controller.system.SysDictDataController.add()', 'POST', 1, 'admin', '研发部门', '/system/dict/data', '172.16.10.34', '内网IP', '{\"createBy\":\"admin\",\"default\":false,\"dictLabel\":\"之子\",\"dictSort\":0,\"dictType\":\"relation_type\",\"dictValue\":\"2\",\"listClass\":\"default\",\"params\":{},\"status\":\"0\"}', '{\"msg\":\"操作成功\",\"code\":200}', 0, NULL, '2024-05-31 01:52:47', 53);
INSERT INTO `sys_oper_log` VALUES (156, '字典数据', 1, 'com.ruoyi.web.controller.system.SysDictDataController.add()', 'POST', 1, 'admin', '研发部门', '/system/dict/data', '172.16.10.34', '内网IP', '{\"createBy\":\"admin\",\"default\":false,\"dictLabel\":\"之女\",\"dictSort\":0,\"dictType\":\"relation_type\",\"dictValue\":\"3\",\"listClass\":\"default\",\"params\":{},\"status\":\"0\"}', '{\"msg\":\"操作成功\",\"code\":200}', 0, NULL, '2024-05-31 01:53:01', 53);
INSERT INTO `sys_oper_log` VALUES (157, '字典数据', 1, 'com.ruoyi.web.controller.system.SysDictDataController.add()', 'POST', 1, 'admin', '研发部门', '/system/dict/data', '172.16.10.34', '内网IP', '{\"createBy\":\"admin\",\"default\":false,\"dictLabel\":\"之儿媳\",\"dictSort\":0,\"dictType\":\"relation_type\",\"dictValue\":\"4\",\"listClass\":\"default\",\"params\":{},\"status\":\"0\"}', '{\"msg\":\"操作成功\",\"code\":200}', 0, NULL, '2024-05-31 01:53:18', 55);
INSERT INTO `sys_oper_log` VALUES (158, '字典数据', 1, 'com.ruoyi.web.controller.system.SysDictDataController.add()', 'POST', 1, 'admin', '研发部门', '/system/dict/data', '172.16.10.34', '内网IP', '{\"createBy\":\"admin\",\"default\":false,\"dictLabel\":\"之女婿\",\"dictSort\":0,\"dictType\":\"relation_type\",\"dictValue\":\"5\",\"listClass\":\"default\",\"params\":{},\"status\":\"0\"}', '{\"msg\":\"操作成功\",\"code\":200}', 0, NULL, '2024-05-31 01:53:26', 52);
INSERT INTO `sys_oper_log` VALUES (159, '字典数据', 2, 'com.ruoyi.web.controller.system.SysDictDataController.edit()', 'PUT', 1, 'admin', '研发部门', '/system/dict/data', '172.16.10.34', '内网IP', '{\"createBy\":\"admin\",\"createTime\":\"2024-05-31 01:52:47\",\"default\":false,\"dictCode\":117,\"dictLabel\":\"之子\",\"dictSort\":0,\"dictType\":\"relation_type\",\"dictValue\":\"2\",\"isDefault\":\"N\",\"listClass\":\"info\",\"params\":{},\"status\":\"0\",\"updateBy\":\"admin\"}', '{\"msg\":\"操作成功\",\"code\":200}', 0, NULL, '2024-05-31 02:36:37', 124);
INSERT INTO `sys_oper_log` VALUES (160, '字典数据', 2, 'com.ruoyi.web.controller.system.SysDictDataController.edit()', 'PUT', 1, 'admin', '研发部门', '/system/dict/data', '172.16.10.34', '内网IP', '{\"createBy\":\"admin\",\"createTime\":\"2024-05-31 01:53:01\",\"default\":false,\"dictCode\":118,\"dictLabel\":\"之女\",\"dictSort\":0,\"dictType\":\"relation_type\",\"dictValue\":\"3\",\"isDefault\":\"N\",\"listClass\":\"info\",\"params\":{},\"status\":\"0\",\"updateBy\":\"admin\"}', '{\"msg\":\"操作成功\",\"code\":200}', 0, NULL, '2024-05-31 02:36:42', 54);
INSERT INTO `sys_oper_log` VALUES (161, '字典数据', 2, 'com.ruoyi.web.controller.system.SysDictDataController.edit()', 'PUT', 1, 'admin', '研发部门', '/system/dict/data', '172.16.10.34', '内网IP', '{\"createBy\":\"admin\",\"createTime\":\"2024-05-31 01:53:18\",\"default\":false,\"dictCode\":119,\"dictLabel\":\"之儿媳\",\"dictSort\":0,\"dictType\":\"relation_type\",\"dictValue\":\"4\",\"isDefault\":\"N\",\"listClass\":\"info\",\"params\":{},\"status\":\"0\",\"updateBy\":\"admin\"}', '{\"msg\":\"操作成功\",\"code\":200}', 0, NULL, '2024-05-31 02:36:46', 64);
INSERT INTO `sys_oper_log` VALUES (162, '字典数据', 2, 'com.ruoyi.web.controller.system.SysDictDataController.edit()', 'PUT', 1, 'admin', '研发部门', '/system/dict/data', '172.16.10.34', '内网IP', '{\"createBy\":\"admin\",\"createTime\":\"2024-05-31 01:53:26\",\"default\":false,\"dictCode\":120,\"dictLabel\":\"之女婿\",\"dictSort\":0,\"dictType\":\"relation_type\",\"dictValue\":\"5\",\"isDefault\":\"N\",\"listClass\":\"info\",\"params\":{},\"status\":\"0\",\"updateBy\":\"admin\"}', '{\"msg\":\"操作成功\",\"code\":200}', 0, NULL, '2024-05-31 02:36:50', 55);
INSERT INTO `sys_oper_log` VALUES (163, '字典数据', 1, 'com.ruoyi.web.controller.system.SysDictDataController.add()', 'POST', 1, 'admin', '研发部门', '/system/dict/data', '127.0.0.1', '内网IP', '{\"createBy\":\"admin\",\"default\":false,\"dictLabel\":\"雨露计划\",\"dictSort\":0,\"dictType\":\"subsidy_type\",\"dictValue\":\"11\",\"listClass\":\"default\",\"params\":{},\"status\":\"0\"}', '{\"msg\":\"操作成功\",\"code\":200}', 0, NULL, '2024-05-31 03:27:21', 222);
INSERT INTO `sys_oper_log` VALUES (164, '字典数据', 1, 'com.ruoyi.web.controller.system.SysDictDataController.add()', 'POST', 1, 'admin', '研发部门', '/system/dict/data', '127.0.0.1', '内网IP', '{\"createBy\":\"admin\",\"default\":false,\"dictLabel\":\"12\",\"dictSort\":0,\"dictType\":\"subsidy_type\",\"dictValue\":\"养老金代缴\",\"listClass\":\"default\",\"params\":{},\"status\":\"0\"}', '{\"msg\":\"操作成功\",\"code\":200}', 0, NULL, '2024-05-31 08:53:44', 243);
INSERT INTO `sys_oper_log` VALUES (165, '字典数据', 2, 'com.ruoyi.web.controller.system.SysDictDataController.edit()', 'PUT', 1, 'admin', '研发部门', '/system/dict/data', '172.16.10.34', '内网IP', '{\"createBy\":\"admin\",\"createTime\":\"2024-05-31 08:53:43\",\"default\":false,\"dictCode\":142,\"dictLabel\":\"养老金代缴\",\"dictSort\":0,\"dictType\":\"subsidy_type\",\"dictValue\":\"12\",\"isDefault\":\"N\",\"listClass\":\"default\",\"params\":{},\"status\":\"0\",\"updateBy\":\"admin\"}', '{\"msg\":\"操作成功\",\"code\":200}', 0, NULL, '2024-05-31 09:07:39', 175);
INSERT INTO `sys_oper_log` VALUES (166, '字典数据', 1, 'com.ruoyi.web.controller.system.SysDictDataController.add()', 'POST', 1, 'admin', '研发部门', '/system/dict/data', '127.0.0.1', '内网IP', '{\"createBy\":\"admin\",\"default\":false,\"dictLabel\":\"北张\",\"dictSort\":0,\"dictType\":\"village\",\"dictValue\":\"19\",\"listClass\":\"info\",\"params\":{},\"status\":\"0\"}', '{\"msg\":\"操作成功\",\"code\":200}', 0, NULL, '2024-08-05 10:31:56', 62);
INSERT INTO `sys_oper_log` VALUES (167, '字典数据', 1, 'com.ruoyi.web.controller.system.SysDictDataController.add()', 'POST', 1, 'admin', '研发部门', '/system/dict/data', '127.0.0.1', '内网IP', '{\"createBy\":\"admin\",\"default\":false,\"dictLabel\":\"XX村\",\"dictSort\":0,\"dictType\":\"village\",\"dictValue\":\"21\",\"listClass\":\"default\",\"params\":{},\"status\":\"0\"}', '{\"msg\":\"操作成功\",\"code\":200}', 0, NULL, '2024-08-06 10:09:38', 19924);
INSERT INTO `sys_oper_log` VALUES (168, '字典数据', 1, 'com.ruoyi.web.controller.system.SysDictDataController.add()', 'POST', 1, 'admin', '研发部门', '/system/dict/data', '127.0.0.1', '内网IP', '{\"createBy\":\"admin\",\"default\":false,\"dictLabel\":\"XX村\",\"dictSort\":0,\"dictType\":\"village\",\"dictValue\":\"21\",\"listClass\":\"default\",\"params\":{},\"status\":\"0\"}', '{\"msg\":\"操作成功\",\"code\":200}', 0, NULL, '2024-08-06 10:09:39', 19370);
INSERT INTO `sys_oper_log` VALUES (169, '字典数据', 1, 'com.ruoyi.web.controller.system.SysDictDataController.add()', 'POST', 1, 'admin', '研发部门', '/system/dict/data', '127.0.0.1', '内网IP', '{\"createBy\":\"admin\",\"default\":false,\"dictLabel\":\"XX村\",\"dictSort\":0,\"dictType\":\"village\",\"dictValue\":\"21\",\"listClass\":\"default\",\"params\":{},\"status\":\"0\"}', '{\"msg\":\"操作成功\",\"code\":200}', 0, NULL, '2024-08-06 10:09:44', 19370);
INSERT INTO `sys_oper_log` VALUES (170, '字典数据', 2, 'com.ruoyi.web.controller.system.SysDictDataController.edit()', 'PUT', 1, 'admin', '研发部门', '/system/dict/data', '127.0.0.1', '内网IP', '{\"createBy\":\"admin\",\"createTime\":\"2024-05-23 09:46:41\",\"default\":false,\"dictCode\":105,\"dictLabel\":\"东街村\",\"dictSort\":0,\"dictType\":\"village\",\"dictValue\":\"0\",\"isDefault\":\"N\",\"listClass\":\"default\",\"params\":{},\"status\":\"0\",\"updateBy\":\"admin\"}', '{\"msg\":\"操作成功\",\"code\":200}', 0, NULL, '2024-08-06 12:32:47', 149);
INSERT INTO `sys_oper_log` VALUES (171, '字典数据', 2, 'com.ruoyi.web.controller.system.SysDictDataController.edit()', 'PUT', 1, 'admin', '研发部门', '/system/dict/data', '127.0.0.1', '内网IP', '{\"createBy\":\"admin\",\"createTime\":\"2024-08-06 10:09:44\",\"default\":false,\"dictCode\":146,\"dictLabel\":\"西街村\",\"dictSort\":0,\"dictType\":\"village\",\"dictValue\":\"21\",\"isDefault\":\"N\",\"listClass\":\"default\",\"params\":{},\"status\":\"0\",\"updateBy\":\"admin\"}', '{\"msg\":\"操作成功\",\"code\":200}', 0, NULL, '2024-08-06 12:34:21', 210);
INSERT INTO `sys_oper_log` VALUES (172, '字典数据', 2, 'com.ruoyi.web.controller.system.SysDictDataController.edit()', 'PUT', 1, 'admin', '研发部门', '/system/dict/data', '127.0.0.1', '内网IP', '{\"createBy\":\"admin\",\"createTime\":\"2024-08-06 10:09:39\",\"default\":false,\"dictCode\":145,\"dictLabel\":\"南街村\",\"dictSort\":0,\"dictType\":\"village\",\"dictValue\":\"21\",\"isDefault\":\"N\",\"listClass\":\"default\",\"params\":{},\"status\":\"0\",\"updateBy\":\"admin\"}', '{\"msg\":\"操作成功\",\"code\":200}', 0, NULL, '2024-08-06 12:34:42', 124);
INSERT INTO `sys_oper_log` VALUES (173, '字典数据', 2, 'com.ruoyi.web.controller.system.SysDictDataController.edit()', 'PUT', 1, 'admin', '研发部门', '/system/dict/data', '127.0.0.1', '内网IP', '{\"createBy\":\"admin\",\"createTime\":\"2024-08-06 10:09:37\",\"default\":false,\"dictCode\":144,\"dictLabel\":\"北张村\",\"dictSort\":0,\"dictType\":\"village\",\"dictValue\":\"21\",\"isDefault\":\"N\",\"listClass\":\"default\",\"params\":{},\"status\":\"0\",\"updateBy\":\"admin\"}', '{\"msg\":\"操作成功\",\"code\":200}', 0, NULL, '2024-08-06 12:35:03', 139);
INSERT INTO `sys_oper_log` VALUES (174, '字典数据', 2, 'com.ruoyi.web.controller.system.SysDictDataController.edit()', 'PUT', 1, 'admin', '研发部门', '/system/dict/data', '127.0.0.1', '内网IP', '{\"createBy\":\"admin\",\"createTime\":\"2024-08-05 10:31:56\",\"default\":false,\"dictCode\":143,\"dictLabel\":\"耿楼\",\"dictSort\":0,\"dictType\":\"village\",\"dictValue\":\"19\",\"isDefault\":\"N\",\"listClass\":\"info\",\"params\":{},\"status\":\"0\",\"updateBy\":\"admin\"}', '{\"msg\":\"操作成功\",\"code\":200}', 0, NULL, '2024-08-06 12:35:15', 131);
INSERT INTO `sys_oper_log` VALUES (175, '字典数据', 2, 'com.ruoyi.web.controller.system.SysDictDataController.edit()', 'PUT', 1, 'admin', '研发部门', '/system/dict/data', '127.0.0.1', '内网IP', '{\"createBy\":\"admin\",\"createTime\":\"2024-08-05 10:31:56\",\"default\":false,\"dictCode\":143,\"dictLabel\":\"窑上村\",\"dictSort\":0,\"dictType\":\"village\",\"dictValue\":\"19\",\"isDefault\":\"N\",\"listClass\":\"info\",\"params\":{},\"status\":\"0\",\"updateBy\":\"admin\"}', '{\"msg\":\"操作成功\",\"code\":200}', 0, NULL, '2024-08-06 12:35:39', 138);
INSERT INTO `sys_oper_log` VALUES (176, '字典数据', 2, 'com.ruoyi.web.controller.system.SysDictDataController.edit()', 'PUT', 1, 'admin', '研发部门', '/system/dict/data', '127.0.0.1', '内网IP', '{\"createBy\":\"\",\"default\":false,\"dictCode\":124,\"dictLabel\":\"宋范村\",\"dictSort\":4,\"dictType\":\"village\",\"dictValue\":\"4\",\"isDefault\":\"N\",\"params\":{},\"status\":\"0\",\"updateBy\":\"admin\"}', '{\"msg\":\"操作成功\",\"code\":200}', 0, NULL, '2024-08-06 12:36:28', 128);
INSERT INTO `sys_oper_log` VALUES (177, '字典数据', 2, 'com.ruoyi.web.controller.system.SysDictDataController.edit()', 'PUT', 1, 'admin', '研发部门', '/system/dict/data', '127.0.0.1', '内网IP', '{\"createBy\":\"\",\"default\":false,\"dictCode\":125,\"dictLabel\":\"孔庄村\",\"dictSort\":5,\"dictType\":\"village\",\"dictValue\":\"5\",\"isDefault\":\"N\",\"params\":{},\"status\":\"0\",\"updateBy\":\"admin\"}', '{\"msg\":\"操作成功\",\"code\":200}', 0, NULL, '2024-08-06 12:36:47', 128);
INSERT INTO `sys_oper_log` VALUES (178, '字典数据', 2, 'com.ruoyi.web.controller.system.SysDictDataController.edit()', 'PUT', 1, 'admin', '研发部门', '/system/dict/data', '127.0.0.1', '内网IP', '{\"createBy\":\"admin\",\"createTime\":\"2024-08-05 10:31:56\",\"default\":false,\"dictCode\":143,\"dictLabel\":\"窑上村\",\"dictSort\":0,\"dictType\":\"village\",\"dictValue\":\"19\",\"isDefault\":\"N\",\"listClass\":\"info\",\"params\":{},\"status\":\"0\",\"updateBy\":\"admin\"}', '{\"msg\":\"操作成功\",\"code\":200}', 0, NULL, '2024-08-06 12:37:00', 130);
INSERT INTO `sys_oper_log` VALUES (179, '字典数据', 1, 'com.ruoyi.web.controller.system.SysDictDataController.add()', 'POST', 1, 'admin', '研发部门', '/system/dict/data', '127.0.0.1', '内网IP', '{\"createBy\":\"admin\",\"cssClass\":\"2\",\"default\":false,\"dictLabel\":\"大李\",\"dictSort\":0,\"dictType\":\"village\",\"dictValue\":\"2\",\"listClass\":\"default\",\"params\":{},\"status\":\"0\"}', '{\"msg\":\"操作成功\",\"code\":200}', 0, NULL, '2024-08-06 12:37:42', 143);
INSERT INTO `sys_oper_log` VALUES (180, '字典数据', 2, 'com.ruoyi.web.controller.system.SysDictDataController.edit()', 'PUT', 1, 'admin', '研发部门', '/system/dict/data', '127.0.0.1', '内网IP', '{\"createBy\":\"admin\",\"createTime\":\"2024-08-06 12:37:42\",\"cssClass\":\"2\",\"default\":false,\"dictCode\":147,\"dictLabel\":\"大李村\",\"dictSort\":0,\"dictType\":\"village\",\"dictValue\":\"2\",\"isDefault\":\"N\",\"listClass\":\"default\",\"params\":{},\"status\":\"0\",\"updateBy\":\"admin\"}', '{\"msg\":\"操作成功\",\"code\":200}', 0, NULL, '2024-08-06 12:38:07', 163);
INSERT INTO `sys_oper_log` VALUES (181, '字典数据', 2, 'com.ruoyi.web.controller.system.SysDictDataController.edit()', 'PUT', 1, 'admin', '研发部门', '/system/dict/data', '127.0.0.1', '内网IP', '{\"createBy\":\"admin\",\"createTime\":\"2024-08-06 10:09:39\",\"default\":false,\"dictCode\":145,\"dictLabel\":\"南街村\",\"dictSort\":0,\"dictType\":\"village\",\"dictValue\":\"22\",\"isDefault\":\"N\",\"listClass\":\"default\",\"params\":{},\"status\":\"0\",\"updateBy\":\"admin\"}', '{\"msg\":\"操作成功\",\"code\":200}', 0, NULL, '2024-08-06 12:38:50', 128);
INSERT INTO `sys_oper_log` VALUES (182, '字典数据', 2, 'com.ruoyi.web.controller.system.SysDictDataController.edit()', 'PUT', 1, 'admin', '研发部门', '/system/dict/data', '127.0.0.1', '内网IP', '{\"createBy\":\"admin\",\"createTime\":\"2024-08-06 10:09:37\",\"default\":false,\"dictCode\":144,\"dictLabel\":\"北张村\",\"dictSort\":0,\"dictType\":\"village\",\"dictValue\":\"23\",\"isDefault\":\"N\",\"listClass\":\"default\",\"params\":{},\"status\":\"0\",\"updateBy\":\"admin\"}', '{\"msg\":\"操作成功\",\"code\":200}', 0, NULL, '2024-08-06 12:38:58', 148);
INSERT INTO `sys_oper_log` VALUES (183, '字典数据', 1, 'com.ruoyi.web.controller.system.SysDictDataController.add()', 'POST', 1, 'admin', '研发部门', '/system/dict/data', '127.0.0.1', '内网IP', '{\"createBy\":\"admin\",\"default\":false,\"dictLabel\":\"小屯村\",\"dictSort\":0,\"dictType\":\"village\",\"dictValue\":\"28\",\"listClass\":\"default\",\"params\":{},\"status\":\"0\"}', '{\"msg\":\"操作成功\",\"code\":200}', 0, NULL, '2024-08-06 12:42:18', 169);
INSERT INTO `sys_oper_log` VALUES (184, '字典数据', 1, 'com.ruoyi.web.controller.system.SysDictDataController.add()', 'POST', 1, 'admin', '研发部门', '/system/dict/data', '127.0.0.1', '内网IP', '{\"createBy\":\"admin\",\"default\":false,\"dictLabel\":\"小芝坊\",\"dictSort\":0,\"dictType\":\"village\",\"dictValue\":\"29\",\"listClass\":\"default\",\"params\":{},\"status\":\"0\"}', '{\"msg\":\"操作成功\",\"code\":200}', 0, NULL, '2024-08-06 12:43:00', 126);
INSERT INTO `sys_oper_log` VALUES (185, '字典数据', 2, 'com.ruoyi.web.controller.system.SysDictDataController.edit()', 'PUT', 1, 'admin', '研发部门', '/system/dict/data', '127.0.0.1', '内网IP', '{\"createBy\":\"admin\",\"createTime\":\"2024-08-06 12:43:00\",\"default\":false,\"dictCode\":149,\"dictLabel\":\"小芝坊村\",\"dictSort\":0,\"dictType\":\"village\",\"dictValue\":\"29\",\"isDefault\":\"N\",\"listClass\":\"default\",\"params\":{},\"status\":\"0\",\"updateBy\":\"admin\"}', '{\"msg\":\"操作成功\",\"code\":200}', 0, NULL, '2024-08-06 12:43:10', 153);
INSERT INTO `sys_oper_log` VALUES (186, '字典数据', 1, 'com.ruoyi.web.controller.system.SysDictDataController.add()', 'POST', 1, 'admin', '研发部门', '/system/dict/data', '127.0.0.1', '内网IP', '{\"createBy\":\"admin\",\"default\":false,\"dictLabel\":\"小吴村\",\"dictSort\":0,\"dictType\":\"village\",\"dictValue\":\"31\",\"listClass\":\"default\",\"params\":{},\"status\":\"0\"}', '{\"msg\":\"操作成功\",\"code\":200}', 0, NULL, '2024-08-06 12:43:45', 123);
INSERT INTO `sys_oper_log` VALUES (187, '字典数据', 1, 'com.ruoyi.web.controller.system.SysDictDataController.add()', 'POST', 1, 'admin', '研发部门', '/system/dict/data', '127.0.0.1', '内网IP', '{\"createBy\":\"admin\",\"default\":false,\"dictLabel\":\"马庄村\",\"dictSort\":0,\"dictType\":\"village\",\"dictValue\":\"30\",\"listClass\":\"default\",\"params\":{},\"status\":\"0\"}', '{\"msg\":\"操作成功\",\"code\":200}', 0, NULL, '2024-08-06 12:44:13', 128);
INSERT INTO `sys_oper_log` VALUES (188, '字典数据', 1, 'com.ruoyi.web.controller.system.SysDictDataController.add()', 'POST', 1, 'admin', '研发部门', '/system/dict/data', '127.0.0.1', '内网IP', '{\"createBy\":\"admin\",\"default\":false,\"dictLabel\":\"林桥村\",\"dictSort\":0,\"dictType\":\"village\",\"dictValue\":\"32\",\"listClass\":\"default\",\"params\":{},\"status\":\"0\"}', '{\"msg\":\"操作成功\",\"code\":200}', 0, NULL, '2024-08-06 12:44:33', 134);
INSERT INTO `sys_oper_log` VALUES (189, '字典数据', 1, 'com.ruoyi.web.controller.system.SysDictDataController.add()', 'POST', 1, 'admin', '研发部门', '/system/dict/data', '127.0.0.1', '内网IP', '{\"createBy\":\"admin\",\"default\":false,\"dictLabel\":\"陈排村\",\"dictSort\":0,\"dictType\":\"village\",\"dictValue\":\"33\",\"listClass\":\"default\",\"params\":{},\"status\":\"0\"}', '{\"msg\":\"操作成功\",\"code\":200}', 0, NULL, '2024-08-06 12:44:49', 158);
INSERT INTO `sys_oper_log` VALUES (190, '字典数据', 1, 'com.ruoyi.web.controller.system.SysDictDataController.add()', 'POST', 1, 'admin', '研发部门', '/system/dict/data', '127.0.0.1', '内网IP', '{\"createBy\":\"admin\",\"default\":false,\"dictLabel\":\"徐庄村\",\"dictSort\":0,\"dictType\":\"village\",\"dictValue\":\"34\",\"listClass\":\"default\",\"params\":{},\"status\":\"0\"}', '{\"msg\":\"操作成功\",\"code\":200}', 0, NULL, '2024-08-06 12:45:03', 121);
INSERT INTO `sys_oper_log` VALUES (191, '字典数据', 2, 'com.ruoyi.web.controller.system.SysDictDataController.edit()', 'PUT', 1, 'admin', '研发部门', '/system/dict/data', '127.0.0.1', '内网IP', '{\"createBy\":\"\",\"default\":false,\"dictCode\":122,\"dictLabel\":\"土屋村\",\"dictSort\":0,\"dictType\":\"village\",\"dictValue\":\"37\",\"isDefault\":\"N\",\"params\":{},\"status\":\"0\",\"updateBy\":\"admin\"}', '{\"msg\":\"操作成功\",\"code\":200}', 0, NULL, '2024-08-06 12:45:55', 150);
INSERT INTO `sys_oper_log` VALUES (192, '字典数据', 2, 'com.ruoyi.web.controller.system.SysDictDataController.edit()', 'PUT', 1, 'admin', '研发部门', '/system/dict/data', '127.0.0.1', '内网IP', '{\"createBy\":\"\",\"default\":false,\"dictCode\":138,\"dictLabel\":\"沙庄村\",\"dictSort\":18,\"dictType\":\"village\",\"dictValue\":\"18\",\"isDefault\":\"N\",\"params\":{},\"status\":\"0\",\"updateBy\":\"admin\"}', '{\"msg\":\"操作成功\",\"code\":200}', 0, NULL, '2024-08-06 12:46:26', 141);
INSERT INTO `sys_oper_log` VALUES (193, '字典数据', 2, 'com.ruoyi.web.controller.system.SysDictDataController.edit()', 'PUT', 1, 'admin', '研发部门', '/system/dict/data', '127.0.0.1', '内网IP', '{\"createBy\":\"\",\"default\":false,\"dictCode\":136,\"dictLabel\":\"塘坊村\",\"dictSort\":16,\"dictType\":\"village\",\"dictValue\":\"16\",\"isDefault\":\"N\",\"params\":{},\"status\":\"0\",\"updateBy\":\"admin\"}', '{\"msg\":\"操作成功\",\"code\":200}', 0, NULL, '2024-08-06 12:46:52', 144);
INSERT INTO `sys_oper_log` VALUES (194, '字典数据', 2, 'com.ruoyi.web.controller.system.SysDictDataController.edit()', 'PUT', 1, 'admin', '研发部门', '/system/dict/data', '127.0.0.1', '内网IP', '{\"createBy\":\"\",\"default\":false,\"dictCode\":135,\"dictLabel\":\"柳庄村\",\"dictSort\":15,\"dictType\":\"village\",\"dictValue\":\"15\",\"isDefault\":\"N\",\"params\":{},\"status\":\"0\",\"updateBy\":\"admin\"}', '{\"msg\":\"操作成功\",\"code\":200}', 0, NULL, '2024-08-06 12:47:18', 150);
INSERT INTO `sys_oper_log` VALUES (195, '字典数据', 2, 'com.ruoyi.web.controller.system.SysDictDataController.edit()', 'PUT', 1, 'admin', '研发部门', '/system/dict/data', '127.0.0.1', '内网IP', '{\"createBy\":\"\",\"default\":false,\"dictCode\":134,\"dictLabel\":\"黄庄村\",\"dictSort\":14,\"dictType\":\"village\",\"dictValue\":\"14\",\"isDefault\":\"N\",\"params\":{},\"status\":\"0\",\"updateBy\":\"admin\"}', '{\"msg\":\"操作成功\",\"code\":200}', 0, NULL, '2024-08-06 12:47:36', 216);
INSERT INTO `sys_oper_log` VALUES (196, '字典数据', 2, 'com.ruoyi.web.controller.system.SysDictDataController.edit()', 'PUT', 1, 'admin', '研发部门', '/system/dict/data', '127.0.0.1', '内网IP', '{\"createBy\":\"\",\"default\":false,\"dictCode\":133,\"dictLabel\":\"土屋村\",\"dictSort\":13,\"dictType\":\"village\",\"dictValue\":\"13\",\"isDefault\":\"N\",\"params\":{},\"status\":\"0\",\"updateBy\":\"admin\"}', '{\"msg\":\"操作成功\",\"code\":200}', 0, NULL, '2024-08-06 12:47:53', 271);
INSERT INTO `sys_oper_log` VALUES (197, '字典数据', 2, 'com.ruoyi.web.controller.system.SysDictDataController.edit()', 'PUT', 1, 'admin', '研发部门', '/system/dict/data', '127.0.0.1', '内网IP', '{\"createBy\":\"\",\"default\":false,\"dictCode\":132,\"dictLabel\":\"大白村\",\"dictSort\":12,\"dictType\":\"village\",\"dictValue\":\"12\",\"isDefault\":\"N\",\"params\":{},\"status\":\"0\",\"updateBy\":\"admin\"}', '{\"msg\":\"操作成功\",\"code\":200}', 0, NULL, '2024-08-06 12:48:03', 132);
INSERT INTO `sys_oper_log` VALUES (198, '字典数据', 2, 'com.ruoyi.web.controller.system.SysDictDataController.edit()', 'PUT', 1, 'admin', '研发部门', '/system/dict/data', '127.0.0.1', '内网IP', '{\"createBy\":\"\",\"default\":false,\"dictCode\":131,\"dictLabel\":\"西韩村\",\"dictSort\":11,\"dictType\":\"village\",\"dictValue\":\"11\",\"isDefault\":\"N\",\"params\":{},\"status\":\"0\",\"updateBy\":\"admin\"}', '{\"msg\":\"操作成功\",\"code\":200}', 0, NULL, '2024-08-06 12:48:22', 138);
INSERT INTO `sys_oper_log` VALUES (199, '字典数据', 2, 'com.ruoyi.web.controller.system.SysDictDataController.edit()', 'PUT', 1, 'admin', '研发部门', '/system/dict/data', '127.0.0.1', '内网IP', '{\"createBy\":\"\",\"default\":false,\"dictCode\":130,\"dictLabel\":\"梁庄村\",\"dictSort\":10,\"dictType\":\"village\",\"dictValue\":\"10\",\"isDefault\":\"N\",\"params\":{},\"status\":\"0\",\"updateBy\":\"admin\"}', '{\"msg\":\"操作成功\",\"code\":200}', 0, NULL, '2024-08-06 12:48:37', 127);
INSERT INTO `sys_oper_log` VALUES (200, '字典数据', 2, 'com.ruoyi.web.controller.system.SysDictDataController.edit()', 'PUT', 1, 'admin', '研发部门', '/system/dict/data', '127.0.0.1', '内网IP', '{\"createBy\":\"\",\"default\":false,\"dictCode\":129,\"dictLabel\":\"前槐村\",\"dictSort\":9,\"dictType\":\"village\",\"dictValue\":\"9\",\"isDefault\":\"N\",\"params\":{},\"status\":\"0\",\"updateBy\":\"admin\"}', '{\"msg\":\"操作成功\",\"code\":200}', 0, NULL, '2024-08-06 12:49:00', 166);
INSERT INTO `sys_oper_log` VALUES (201, '字典数据', 2, 'com.ruoyi.web.controller.system.SysDictDataController.edit()', 'PUT', 1, 'admin', '研发部门', '/system/dict/data', '127.0.0.1', '内网IP', '{\"createBy\":\"\",\"default\":false,\"dictCode\":128,\"dictLabel\":\"大魏村\",\"dictSort\":8,\"dictType\":\"village\",\"dictValue\":\"8\",\"isDefault\":\"N\",\"params\":{},\"status\":\"0\",\"updateBy\":\"admin\"}', '{\"msg\":\"操作成功\",\"code\":200}', 0, NULL, '2024-08-06 12:49:20', 136);
INSERT INTO `sys_oper_log` VALUES (202, '字典数据', 2, 'com.ruoyi.web.controller.system.SysDictDataController.edit()', 'PUT', 1, 'admin', '研发部门', '/system/dict/data', '127.0.0.1', '内网IP', '{\"createBy\":\"\",\"default\":false,\"dictCode\":127,\"dictLabel\":\"王双堂村\",\"dictSort\":7,\"dictType\":\"village\",\"dictValue\":\"7\",\"isDefault\":\"N\",\"params\":{},\"status\":\"0\",\"updateBy\":\"admin\"}', '{\"msg\":\"操作成功\",\"code\":200}', 0, NULL, '2024-08-06 12:49:47', 240);
INSERT INTO `sys_oper_log` VALUES (203, '字典数据', 2, 'com.ruoyi.web.controller.system.SysDictDataController.edit()', 'PUT', 1, 'admin', '研发部门', '/system/dict/data', '127.0.0.1', '内网IP', '{\"createBy\":\"\",\"default\":false,\"dictCode\":126,\"dictLabel\":\"后槐村\",\"dictSort\":6,\"dictType\":\"village\",\"dictValue\":\"6\",\"isDefault\":\"N\",\"params\":{},\"status\":\"0\",\"updateBy\":\"admin\"}', '{\"msg\":\"操作成功\",\"code\":200}', 0, NULL, '2024-08-06 12:50:14', 141);
INSERT INTO `sys_oper_log` VALUES (204, '字典数据', 1, 'com.ruoyi.web.controller.system.SysDictDataController.add()', 'POST', 1, 'admin', '研发部门', '/system/dict/data', '127.0.0.1', '内网IP', '{\"createBy\":\"admin\",\"cssClass\":\"\",\"default\":false,\"dictLabel\":\"阚庄村\",\"dictSort\":0,\"dictType\":\"village\",\"dictValue\":\"38\",\"listClass\":\"default\",\"params\":{},\"status\":\"0\"}', '{\"msg\":\"操作成功\",\"code\":200}', 0, NULL, '2024-08-06 12:51:35', 124);
INSERT INTO `sys_oper_log` VALUES (205, '字典数据', 1, 'com.ruoyi.web.controller.system.SysDictDataController.add()', 'POST', 1, 'admin', '研发部门', '/system/dict/data', '127.0.0.1', '内网IP', '{\"createBy\":\"admin\",\"default\":false,\"dictLabel\":\"小李村\",\"dictSort\":0,\"dictType\":\"village\",\"dictValue\":\"40\",\"listClass\":\"default\",\"params\":{},\"status\":\"0\"}', '{\"msg\":\"操作成功\",\"code\":200}', 0, NULL, '2024-08-06 12:51:53', 138);
INSERT INTO `sys_oper_log` VALUES (206, '字典数据', 1, 'com.ruoyi.web.controller.system.SysDictDataController.add()', 'POST', 1, 'admin', '研发部门', '/system/dict/data', '127.0.0.1', '内网IP', '{\"createBy\":\"admin\",\"default\":false,\"dictLabel\":\"耿楼村\",\"dictSort\":0,\"dictType\":\"village\",\"dictValue\":\"41\",\"listClass\":\"default\",\"params\":{},\"status\":\"0\"}', '{\"msg\":\"操作成功\",\"code\":200}', 0, NULL, '2024-08-06 13:49:26', 125);
INSERT INTO `sys_oper_log` VALUES (207, '字典数据', 2, 'com.ruoyi.web.controller.system.SysDictDataController.edit()', 'PUT', 1, 'admin', '研发部门', '/system/dict/data', '127.0.0.1', '内网IP', '{\"createBy\":\"admin\",\"createTime\":\"2024-05-23 09:46:57\",\"default\":false,\"dictCode\":106,\"dictLabel\":\"培口村\",\"dictSort\":1,\"dictType\":\"village\",\"dictValue\":\"1\",\"isDefault\":\"N\",\"listClass\":\"default\",\"params\":{},\"status\":\"0\",\"updateBy\":\"admin\"}', '{\"msg\":\"操作成功\",\"code\":200}', 0, NULL, '2024-08-07 05:39:34', 151);
INSERT INTO `sys_oper_log` VALUES (208, '字典数据', 1, 'com.ruoyi.web.controller.system.SysDictDataController.add()', 'POST', 1, 'admin', '研发部门', '/system/dict/data', '127.0.0.1', '内网IP', '{\"createBy\":\"admin\",\"default\":false,\"dictLabel\":\"之孙女\",\"dictSort\":0,\"dictType\":\"relation_type\",\"dictValue\":\"9\",\"listClass\":\"default\",\"params\":{},\"status\":\"0\"}', '{\"msg\":\"操作成功\",\"code\":200}', 0, NULL, '2024-08-09 03:55:40', 73);
INSERT INTO `sys_oper_log` VALUES (209, '字典数据', 2, 'com.ruoyi.web.controller.system.SysDictDataController.edit()', 'PUT', 1, 'admin', '研发部门', '/system/dict/data', '127.0.0.1', '内网IP', '{\"createBy\":\"admin\",\"createTime\":\"2024-08-09 03:55:40\",\"default\":false,\"dictCode\":158,\"dictLabel\":\"之孙女\",\"dictSort\":0,\"dictType\":\"relation_type\",\"dictValue\":\"9\",\"isDefault\":\"N\",\"listClass\":\"primary\",\"params\":{},\"status\":\"0\",\"updateBy\":\"admin\"}', '{\"msg\":\"操作成功\",\"code\":200}', 0, NULL, '2024-08-09 03:55:47', 57);
INSERT INTO `sys_oper_log` VALUES (210, '字典数据', 1, 'com.ruoyi.web.controller.system.SysDictDataController.add()', 'POST', 1, 'admin', '研发部门', '/system/dict/data', '127.0.0.1', '内网IP', '{\"createBy\":\"admin\",\"default\":false,\"dictLabel\":\"之外孙女\",\"dictSort\":0,\"dictType\":\"relation_type\",\"dictValue\":\"10\",\"listClass\":\"primary\",\"params\":{},\"status\":\"0\"}', '{\"msg\":\"操作成功\",\"code\":200}', 0, NULL, '2024-08-09 03:58:31', 69);
INSERT INTO `sys_oper_log` VALUES (211, '字典数据', 1, 'com.ruoyi.web.controller.system.SysDictDataController.add()', 'POST', 1, 'admin', '研发部门', '/system/dict/data', '127.0.0.1', '内网IP', '{\"createBy\":\"admin\",\"default\":false,\"dictLabel\":\"之妹\",\"dictSort\":0,\"dictType\":\"relation_type\",\"dictValue\":\"11\",\"listClass\":\"success\",\"params\":{},\"status\":\"0\"}', '{\"msg\":\"操作成功\",\"code\":200}', 0, NULL, '2024-08-09 04:39:30', 72);
INSERT INTO `sys_oper_log` VALUES (212, '字典数据', 1, 'com.ruoyi.web.controller.system.SysDictDataController.add()', 'POST', 1, 'admin', '研发部门', '/system/dict/data', '127.0.0.1', '内网IP', '{\"createBy\":\"admin\",\"default\":false,\"dictLabel\":\"之母\",\"dictSort\":0,\"dictType\":\"relation_type\",\"dictValue\":\"12\",\"listClass\":\"info\",\"params\":{},\"status\":\"0\"}', '{\"msg\":\"操作成功\",\"code\":200}', 0, NULL, '2024-08-09 04:41:17', 72);
INSERT INTO `sys_oper_log` VALUES (213, '菜单管理', 1, 'com.ruoyi.web.controller.system.SysMenuController.add()', 'POST', 1, 'admin', '研发部门', '/system/menu', '127.0.0.1', '内网IP', '{\"children\":[],\"createBy\":\"admin\",\"icon\":\"peoples\",\"isCache\":\"0\",\"isFrame\":\"1\",\"menuName\":\"村务管理\",\"menuType\":\"M\",\"orderNum\":1,\"params\":{},\"parentId\":0,\"path\":\"village\",\"status\":\"0\",\"visible\":\"0\"}', '{\"msg\":\"操作成功\",\"code\":200}', 0, NULL, '2025-08-18 13:04:31', 84);
INSERT INTO `sys_oper_log` VALUES (214, '菜单管理', 1, 'com.ruoyi.web.controller.system.SysMenuController.add()', 'POST', 1, 'admin', '研发部门', '/system/menu', '127.0.0.1', '内网IP', '{\"children\":[],\"component\":\"village/index\",\"createBy\":\"admin\",\"isCache\":\"0\",\"isFrame\":\"1\",\"menuName\":\"村庄管理\",\"menuType\":\"C\",\"orderNum\":1,\"params\":{},\"parentId\":2006,\"path\":\"village\",\"status\":\"0\",\"visible\":\"0\"}', '{\"msg\":\"操作成功\",\"code\":200}', 0, NULL, '2025-08-18 13:05:14', 80);

-- ----------------------------
-- Table structure for sys_post
-- ----------------------------
DROP TABLE IF EXISTS `sys_post`;
CREATE TABLE `sys_post`  (
  `post_id` bigint NOT NULL AUTO_INCREMENT COMMENT '岗位ID',
  `post_code` varchar(64) CHARACTER SET utf8mb4 COLLATE utf8mb4_general_ci NOT NULL COMMENT '岗位编码',
  `post_name` varchar(50) CHARACTER SET utf8mb4 COLLATE utf8mb4_general_ci NOT NULL COMMENT '岗位名称',
  `post_sort` int NOT NULL COMMENT '显示顺序',
  `status` char(1) CHARACTER SET utf8mb4 COLLATE utf8mb4_general_ci NOT NULL COMMENT '状态（0正常 1停用）',
  `create_by` varchar(64) CHARACTER SET utf8mb4 COLLATE utf8mb4_general_ci NULL DEFAULT '' COMMENT '创建者',
  `create_time` datetime NULL DEFAULT NULL COMMENT '创建时间',
  `update_by` varchar(64) CHARACTER SET utf8mb4 COLLATE utf8mb4_general_ci NULL DEFAULT '' COMMENT '更新者',
  `update_time` datetime NULL DEFAULT NULL COMMENT '更新时间',
  `remark` varchar(500) CHARACTER SET utf8mb4 COLLATE utf8mb4_general_ci NULL DEFAULT NULL COMMENT '备注',
  PRIMARY KEY (`post_id`) USING BTREE
) ENGINE = InnoDB AUTO_INCREMENT = 5 CHARACTER SET = utf8mb4 COLLATE = utf8mb4_general_ci COMMENT = '岗位信息表' ROW_FORMAT = DYNAMIC;

-- ----------------------------
-- Records of sys_post
-- ----------------------------
INSERT INTO `sys_post` VALUES (1, 'ceo', '董事长', 1, '0', 'admin', '2024-05-22 11:42:57', '', NULL, '');
INSERT INTO `sys_post` VALUES (2, 'se', '项目经理', 2, '0', 'admin', '2024-05-22 11:42:57', '', NULL, '');
INSERT INTO `sys_post` VALUES (3, 'hr', '人力资源', 3, '0', 'admin', '2024-05-22 11:42:57', '', NULL, '');
INSERT INTO `sys_post` VALUES (4, 'user', '普通员工', 4, '0', 'admin', '2024-05-22 11:42:57', '', NULL, '');

-- ----------------------------
-- Table structure for sys_role
-- ----------------------------
DROP TABLE IF EXISTS `sys_role`;
CREATE TABLE `sys_role`  (
  `role_id` bigint NOT NULL AUTO_INCREMENT COMMENT '角色ID',
  `role_name` varchar(30) CHARACTER SET utf8mb4 COLLATE utf8mb4_general_ci NOT NULL COMMENT '角色名称',
  `role_key` varchar(100) CHARACTER SET utf8mb4 COLLATE utf8mb4_general_ci NOT NULL COMMENT '角色权限字符串',
  `role_sort` int NOT NULL COMMENT '显示顺序',
  `data_scope` char(1) CHARACTER SET utf8mb4 COLLATE utf8mb4_general_ci NULL DEFAULT '1' COMMENT '数据范围（1：全部数据权限 2：自定数据权限 3：本部门数据权限 4：本部门及以下数据权限）',
  `menu_check_strictly` tinyint(1) NULL DEFAULT 1 COMMENT '菜单树选择项是否关联显示',
  `dept_check_strictly` tinyint(1) NULL DEFAULT 1 COMMENT '部门树选择项是否关联显示',
  `status` char(1) CHARACTER SET utf8mb4 COLLATE utf8mb4_general_ci NOT NULL COMMENT '角色状态（0正常 1停用）',
  `del_flag` char(1) CHARACTER SET utf8mb4 COLLATE utf8mb4_general_ci NULL DEFAULT '0' COMMENT '删除标志（0代表存在 2代表删除）',
  `create_by` varchar(64) CHARACTER SET utf8mb4 COLLATE utf8mb4_general_ci NULL DEFAULT '' COMMENT '创建者',
  `create_time` datetime NULL DEFAULT NULL COMMENT '创建时间',
  `update_by` varchar(64) CHARACTER SET utf8mb4 COLLATE utf8mb4_general_ci NULL DEFAULT '' COMMENT '更新者',
  `update_time` datetime NULL DEFAULT NULL COMMENT '更新时间',
  `remark` varchar(500) CHARACTER SET utf8mb4 COLLATE utf8mb4_general_ci NULL DEFAULT NULL COMMENT '备注',
  PRIMARY KEY (`role_id`) USING BTREE
) ENGINE = InnoDB AUTO_INCREMENT = 101 CHARACTER SET = utf8mb4 COLLATE = utf8mb4_general_ci COMMENT = '角色信息表' ROW_FORMAT = DYNAMIC;

-- ----------------------------
-- Records of sys_role
-- ----------------------------
INSERT INTO `sys_role` VALUES (1, '超级管理员', 'admin', 1, '1', 1, 1, '0', '0', 'admin', '2024-05-22 11:42:57', '', NULL, '超级管理员');
INSERT INTO `sys_role` VALUES (2, '普通角色', 'common', 2, '2', 1, 1, '0', '0', 'admin', '2024-05-22 11:42:57', 'admin', '2024-05-23 00:36:16', '普通角色');
INSERT INTO `sys_role` VALUES (100, '贫困人员管理者', 'poor:admin', 0, '1', 1, 1, '0', '0', 'admin', '2024-05-24 00:33:20', 'admin', '2024-05-30 08:26:03', NULL);

-- ----------------------------
-- Table structure for sys_role_dept
-- ----------------------------
DROP TABLE IF EXISTS `sys_role_dept`;
CREATE TABLE `sys_role_dept`  (
  `role_id` bigint NOT NULL COMMENT '角色ID',
  `dept_id` bigint NOT NULL COMMENT '部门ID',
  PRIMARY KEY (`role_id`, `dept_id`) USING BTREE
) ENGINE = InnoDB CHARACTER SET = utf8mb4 COLLATE = utf8mb4_general_ci COMMENT = '角色和部门关联表' ROW_FORMAT = DYNAMIC;

-- ----------------------------
-- Records of sys_role_dept
-- ----------------------------
INSERT INTO `sys_role_dept` VALUES (2, 100);
INSERT INTO `sys_role_dept` VALUES (2, 101);
INSERT INTO `sys_role_dept` VALUES (2, 105);

-- ----------------------------
-- Table structure for sys_role_menu
-- ----------------------------
DROP TABLE IF EXISTS `sys_role_menu`;
CREATE TABLE `sys_role_menu`  (
  `role_id` bigint NOT NULL COMMENT '角色ID',
  `menu_id` bigint NOT NULL COMMENT '菜单ID',
  PRIMARY KEY (`role_id`, `menu_id`) USING BTREE
) ENGINE = InnoDB CHARACTER SET = utf8mb4 COLLATE = utf8mb4_general_ci COMMENT = '角色和菜单关联表' ROW_FORMAT = DYNAMIC;

-- ----------------------------
-- Records of sys_role_menu
-- ----------------------------
INSERT INTO `sys_role_menu` VALUES (2, 1);
INSERT INTO `sys_role_menu` VALUES (2, 2);
INSERT INTO `sys_role_menu` VALUES (2, 3);
INSERT INTO `sys_role_menu` VALUES (2, 4);
INSERT INTO `sys_role_menu` VALUES (2, 100);
INSERT INTO `sys_role_menu` VALUES (2, 101);
INSERT INTO `sys_role_menu` VALUES (2, 102);
INSERT INTO `sys_role_menu` VALUES (2, 103);
INSERT INTO `sys_role_menu` VALUES (2, 104);
INSERT INTO `sys_role_menu` VALUES (2, 105);
INSERT INTO `sys_role_menu` VALUES (2, 106);
INSERT INTO `sys_role_menu` VALUES (2, 107);
INSERT INTO `sys_role_menu` VALUES (2, 108);
INSERT INTO `sys_role_menu` VALUES (2, 109);
INSERT INTO `sys_role_menu` VALUES (2, 110);
INSERT INTO `sys_role_menu` VALUES (2, 111);
INSERT INTO `sys_role_menu` VALUES (2, 112);
INSERT INTO `sys_role_menu` VALUES (2, 113);
INSERT INTO `sys_role_menu` VALUES (2, 114);
INSERT INTO `sys_role_menu` VALUES (2, 115);
INSERT INTO `sys_role_menu` VALUES (2, 116);
INSERT INTO `sys_role_menu` VALUES (2, 117);
INSERT INTO `sys_role_menu` VALUES (2, 500);
INSERT INTO `sys_role_menu` VALUES (2, 501);
INSERT INTO `sys_role_menu` VALUES (2, 1000);
INSERT INTO `sys_role_menu` VALUES (2, 1001);
INSERT INTO `sys_role_menu` VALUES (2, 1002);
INSERT INTO `sys_role_menu` VALUES (2, 1003);
INSERT INTO `sys_role_menu` VALUES (2, 1004);
INSERT INTO `sys_role_menu` VALUES (2, 1005);
INSERT INTO `sys_role_menu` VALUES (2, 1006);
INSERT INTO `sys_role_menu` VALUES (2, 1007);
INSERT INTO `sys_role_menu` VALUES (2, 1008);
INSERT INTO `sys_role_menu` VALUES (2, 1009);
INSERT INTO `sys_role_menu` VALUES (2, 1010);
INSERT INTO `sys_role_menu` VALUES (2, 1011);
INSERT INTO `sys_role_menu` VALUES (2, 1012);
INSERT INTO `sys_role_menu` VALUES (2, 1013);
INSERT INTO `sys_role_menu` VALUES (2, 1014);
INSERT INTO `sys_role_menu` VALUES (2, 1015);
INSERT INTO `sys_role_menu` VALUES (2, 1016);
INSERT INTO `sys_role_menu` VALUES (2, 1017);
INSERT INTO `sys_role_menu` VALUES (2, 1018);
INSERT INTO `sys_role_menu` VALUES (2, 1019);
INSERT INTO `sys_role_menu` VALUES (2, 1020);
INSERT INTO `sys_role_menu` VALUES (2, 1021);
INSERT INTO `sys_role_menu` VALUES (2, 1022);
INSERT INTO `sys_role_menu` VALUES (2, 1023);
INSERT INTO `sys_role_menu` VALUES (2, 1024);
INSERT INTO `sys_role_menu` VALUES (2, 1025);
INSERT INTO `sys_role_menu` VALUES (2, 1026);
INSERT INTO `sys_role_menu` VALUES (2, 1027);
INSERT INTO `sys_role_menu` VALUES (2, 1028);
INSERT INTO `sys_role_menu` VALUES (2, 1029);
INSERT INTO `sys_role_menu` VALUES (2, 1030);
INSERT INTO `sys_role_menu` VALUES (2, 1031);
INSERT INTO `sys_role_menu` VALUES (2, 1032);
INSERT INTO `sys_role_menu` VALUES (2, 1033);
INSERT INTO `sys_role_menu` VALUES (2, 1034);
INSERT INTO `sys_role_menu` VALUES (2, 1035);
INSERT INTO `sys_role_menu` VALUES (2, 1036);
INSERT INTO `sys_role_menu` VALUES (2, 1037);
INSERT INTO `sys_role_menu` VALUES (2, 1038);
INSERT INTO `sys_role_menu` VALUES (2, 1039);
INSERT INTO `sys_role_menu` VALUES (2, 1040);
INSERT INTO `sys_role_menu` VALUES (2, 1041);
INSERT INTO `sys_role_menu` VALUES (2, 1042);
INSERT INTO `sys_role_menu` VALUES (2, 1043);
INSERT INTO `sys_role_menu` VALUES (2, 1044);
INSERT INTO `sys_role_menu` VALUES (2, 1045);
INSERT INTO `sys_role_menu` VALUES (2, 1046);
INSERT INTO `sys_role_menu` VALUES (2, 1047);
INSERT INTO `sys_role_menu` VALUES (2, 1048);
INSERT INTO `sys_role_menu` VALUES (2, 1049);
INSERT INTO `sys_role_menu` VALUES (2, 1050);
INSERT INTO `sys_role_menu` VALUES (2, 1051);
INSERT INTO `sys_role_menu` VALUES (2, 1052);
INSERT INTO `sys_role_menu` VALUES (2, 1053);
INSERT INTO `sys_role_menu` VALUES (2, 1054);
INSERT INTO `sys_role_menu` VALUES (2, 1055);
INSERT INTO `sys_role_menu` VALUES (2, 1056);
INSERT INTO `sys_role_menu` VALUES (2, 1057);
INSERT INTO `sys_role_menu` VALUES (2, 1058);
INSERT INTO `sys_role_menu` VALUES (2, 1059);
INSERT INTO `sys_role_menu` VALUES (2, 1060);
INSERT INTO `sys_role_menu` VALUES (2, 2000);
INSERT INTO `sys_role_menu` VALUES (2, 2001);
INSERT INTO `sys_role_menu` VALUES (2, 2002);
INSERT INTO `sys_role_menu` VALUES (2, 2003);
INSERT INTO `sys_role_menu` VALUES (100, 1);
INSERT INTO `sys_role_menu` VALUES (100, 105);
INSERT INTO `sys_role_menu` VALUES (100, 1025);
INSERT INTO `sys_role_menu` VALUES (100, 1026);
INSERT INTO `sys_role_menu` VALUES (100, 1027);
INSERT INTO `sys_role_menu` VALUES (100, 1028);
INSERT INTO `sys_role_menu` VALUES (100, 1029);
INSERT INTO `sys_role_menu` VALUES (100, 2000);
INSERT INTO `sys_role_menu` VALUES (100, 2001);
INSERT INTO `sys_role_menu` VALUES (100, 2002);
INSERT INTO `sys_role_menu` VALUES (100, 2003);
INSERT INTO `sys_role_menu` VALUES (100, 2004);
INSERT INTO `sys_role_menu` VALUES (100, 2005);

-- ----------------------------
-- Table structure for sys_user
-- ----------------------------
DROP TABLE IF EXISTS `sys_user`;
CREATE TABLE `sys_user`  (
  `user_id` bigint NOT NULL AUTO_INCREMENT COMMENT '用户ID',
  `dept_id` bigint NULL DEFAULT NULL COMMENT '部门ID',
  `user_name` varchar(30) CHARACTER SET utf8mb4 COLLATE utf8mb4_general_ci NOT NULL COMMENT '用户账号',
  `nick_name` varchar(30) CHARACTER SET utf8mb4 COLLATE utf8mb4_general_ci NOT NULL COMMENT '用户昵称',
  `user_type` varchar(2) CHARACTER SET utf8mb4 COLLATE utf8mb4_general_ci NULL DEFAULT '00' COMMENT '用户类型（00系统用户）',
  `email` varchar(50) CHARACTER SET utf8mb4 COLLATE utf8mb4_general_ci NULL DEFAULT '' COMMENT '用户邮箱',
  `phonenumber` varchar(11) CHARACTER SET utf8mb4 COLLATE utf8mb4_general_ci NULL DEFAULT '' COMMENT '手机号码',
  `sex` char(1) CHARACTER SET utf8mb4 COLLATE utf8mb4_general_ci NULL DEFAULT '0' COMMENT '用户性别（0男 1女 2未知）',
  `avatar` varchar(100) CHARACTER SET utf8mb4 COLLATE utf8mb4_general_ci NULL DEFAULT '' COMMENT '头像地址',
  `password` varchar(100) CHARACTER SET utf8mb4 COLLATE utf8mb4_general_ci NULL DEFAULT '' COMMENT '密码',
  `status` char(1) CHARACTER SET utf8mb4 COLLATE utf8mb4_general_ci NULL DEFAULT '0' COMMENT '帐号状态（0正常 1停用）',
  `del_flag` char(1) CHARACTER SET utf8mb4 COLLATE utf8mb4_general_ci NULL DEFAULT '0' COMMENT '删除标志（0代表存在 2代表删除）',
  `login_ip` varchar(128) CHARACTER SET utf8mb4 COLLATE utf8mb4_general_ci NULL DEFAULT '' COMMENT '最后登录IP',
  `login_date` datetime NULL DEFAULT NULL COMMENT '最后登录时间',
  `create_by` varchar(64) CHARACTER SET utf8mb4 COLLATE utf8mb4_general_ci NULL DEFAULT '' COMMENT '创建者',
  `create_time` datetime NULL DEFAULT NULL COMMENT '创建时间',
  `update_by` varchar(64) CHARACTER SET utf8mb4 COLLATE utf8mb4_general_ci NULL DEFAULT '' COMMENT '更新者',
  `update_time` datetime NULL DEFAULT NULL COMMENT '更新时间',
  `remark` varchar(500) CHARACTER SET utf8mb4 COLLATE utf8mb4_general_ci NULL DEFAULT NULL COMMENT '备注',
  PRIMARY KEY (`user_id`) USING BTREE
) ENGINE = InnoDB AUTO_INCREMENT = 101 CHARACTER SET = utf8mb4 COLLATE = utf8mb4_general_ci COMMENT = '用户信息表' ROW_FORMAT = DYNAMIC;

-- ----------------------------
-- Records of sys_user
-- ----------------------------
INSERT INTO `sys_user` VALUES (1, 103, 'admin', '若依', '00', 'ry@163.com', '15888888888', '1', '', '$2a$10$7JB720yubVSZvUI0rEqK/.VqGOZTH.ulu33dHOiBE8ByOhJIrdAu2', '0', '0', '172.16.10.34', '2025-08-21 12:24:33', 'admin', '2024-05-22 11:42:57', '', '2025-08-21 12:24:39', '管理员');
INSERT INTO `sys_user` VALUES (2, 105, 'ry', '若依', '00', 'ry@qq.com', '15666666666', '1', '', '$2a$10$7JB720yubVSZvUI0rEqK/.VqGOZTH.ulu33dHOiBE8ByOhJIrdAu2', '0', '0', '127.0.0.1', '2024-05-22 11:42:57', 'admin', '2024-05-22 11:42:57', '', NULL, '测试员');
INSERT INTO `sys_user` VALUES (100, 103, 'tianyc', '田老二', '00', '', '', '1', '', '$2a$10$E0OjkFF.To5WIl37aC4xaOPVM9iG1KZiLbcCX1b2CzCyiCm/XgDye', '0', '0', '127.0.0.1', '2024-09-07 12:29:03', 'admin', '2024-05-24 00:34:07', '', '2024-09-07 04:29:03', NULL);

-- ----------------------------
-- Table structure for sys_user_post
-- ----------------------------
DROP TABLE IF EXISTS `sys_user_post`;
CREATE TABLE `sys_user_post`  (
  `user_id` bigint NOT NULL COMMENT '用户ID',
  `post_id` bigint NOT NULL COMMENT '岗位ID',
  PRIMARY KEY (`user_id`, `post_id`) USING BTREE
) ENGINE = InnoDB CHARACTER SET = utf8mb4 COLLATE = utf8mb4_general_ci COMMENT = '用户与岗位关联表' ROW_FORMAT = DYNAMIC;

-- ----------------------------
-- Records of sys_user_post
-- ----------------------------
INSERT INTO `sys_user_post` VALUES (1, 1);
INSERT INTO `sys_user_post` VALUES (2, 2);

-- ----------------------------
-- Table structure for sys_user_role
-- ----------------------------
DROP TABLE IF EXISTS `sys_user_role`;
CREATE TABLE `sys_user_role`  (
  `user_id` bigint NOT NULL COMMENT '用户ID',
  `role_id` bigint NOT NULL COMMENT '角色ID',
  PRIMARY KEY (`user_id`, `role_id`) USING BTREE
) ENGINE = InnoDB CHARACTER SET = utf8mb4 COLLATE = utf8mb4_general_ci COMMENT = '用户和角色关联表' ROW_FORMAT = DYNAMIC;

-- ----------------------------
-- Records of sys_user_role
-- ----------------------------
INSERT INTO `sys_user_role` VALUES (1, 1);
INSERT INTO `sys_user_role` VALUES (2, 2);
INSERT INTO `sys_user_role` VALUES (100, 100);

-- ----------------------------
-- Table structure for test
-- ----------------------------
DROP TABLE IF EXISTS `test`;
CREATE TABLE `test`  (
  `cardId` varchar(255) CHARACTER SET utf8mb4 COLLATE utf8mb4_general_ci NOT NULL,
  `name` varchar(255) CHARACTER SET utf8mb4 COLLATE utf8mb4_general_ci NULL DEFAULT NULL,
  PRIMARY KEY (`cardId`) USING BTREE
) ENGINE = InnoDB CHARACTER SET = utf8mb4 COLLATE = utf8mb4_general_ci ROW_FORMAT = DYNAMIC;

-- ----------------------------
-- Records of test
-- ----------------------------
INSERT INTO `test` VALUES ('370831196708051911', '桂思雨');
INSERT INTO `test` VALUES ('371325197306102318', '李贞儒');
INSERT INTO `test` VALUES ('371426197108137618', '耿学国');
INSERT INTO `test` VALUES ('37142619740209126X', '范玉秀');
INSERT INTO `test` VALUES ('371426197508142010', '乔彦峰');
INSERT INTO `test` VALUES ('37142619780801124X', '姚光珍');
INSERT INTO `test` VALUES ('371426197904241221', '李建云');
INSERT INTO `test` VALUES ('371426198001201215', '范会才');
INSERT INTO `test` VALUES ('371426198104231214', '魏胜军');
INSERT INTO `test` VALUES ('371426198308191218', '周玉禄');
INSERT INTO `test` VALUES ('371426198406241215', '王传伟');
INSERT INTO `test` VALUES ('371426198511141232', '胡文如');
INSERT INTO `test` VALUES ('371426198610251277', '宋廷云');
INSERT INTO `test` VALUES ('371426198803171230', '宋廷强');
INSERT INTO `test` VALUES ('371426198808151220', '王月月');
INSERT INTO `test` VALUES ('371426198904051246', '徐倩');
INSERT INTO `test` VALUES ('371426199101081219', '范鸣宇');
INSERT INTO `test` VALUES ('371426199102051230', '霍传明');
INSERT INTO `test` VALUES ('371426199112231227', '宋洪梅');
INSERT INTO `test` VALUES ('371426199508201235', '林铁生');
INSERT INTO `test` VALUES ('371426199601261216', '张新财');
INSERT INTO `test` VALUES ('371426199803151218', '范志虎');
INSERT INTO `test` VALUES ('371426199810271226', '耿婷婷');
INSERT INTO `test` VALUES ('371426199811011231', '陈文举');
INSERT INTO `test` VALUES ('371426199901221216', '姚光成');
INSERT INTO `test` VALUES ('371426199911201227', '王建敏');
INSERT INTO `test` VALUES ('371426200004191227', '崔龙女');
INSERT INTO `test` VALUES ('371426200009181263', '王朋朋');
INSERT INTO `test` VALUES ('371426200101221221', '李广雪');
INSERT INTO `test` VALUES ('371426200105141224', '张慧');
INSERT INTO `test` VALUES ('371426200110271247', '马燕');
INSERT INTO `test` VALUES ('371426200203261240', '陈云');
INSERT INTO `test` VALUES ('371426200203286421', '霍鑫彤');
INSERT INTO `test` VALUES ('371426200204111236', '姚传颖');
INSERT INTO `test` VALUES ('371426200206161210', '李迈');
INSERT INTO `test` VALUES ('37142620020710121X', '林大旺');
INSERT INTO `test` VALUES ('371426200207261221', '李向月');
INSERT INTO `test` VALUES ('371426200208201212', '周皓晨');
INSERT INTO `test` VALUES ('371426200212081241', '焦娜');
INSERT INTO `test` VALUES ('371426200311291228', '魏文彩');
INSERT INTO `test` VALUES ('371426200410241226', '周师哲');
INSERT INTO `test` VALUES ('371426200412071224', '王松玉');
INSERT INTO `test` VALUES ('37142620050606122X', '张睿');
INSERT INTO `test` VALUES ('371426200601161229', '魏文琪');
INSERT INTO `test` VALUES ('371426200605101215', '耿士禄');
INSERT INTO `test` VALUES ('371426200701051211', '陈蘅');
INSERT INTO `test` VALUES ('371426200701171248', '马婷');
INSERT INTO `test` VALUES ('371426200706091220', '刘子涵');
INSERT INTO `test` VALUES ('371426200708011220', '魏梦菲');
INSERT INTO `test` VALUES ('371426200801291220', '王桂琪');
INSERT INTO `test` VALUES ('371426200805211216', '范志栋');
INSERT INTO `test` VALUES ('371426200809101233', '李广伟');
INSERT INTO `test` VALUES ('371426200811151213', '耿学岩');
INSERT INTO `test` VALUES ('37142620081118121X', '刘延续');
INSERT INTO `test` VALUES ('371426201006171224', '李向艳');
INSERT INTO `test` VALUES ('371426201006291218', '宋建康');
INSERT INTO `test` VALUES ('37142620110729125X', '宋建勋');
INSERT INTO `test` VALUES ('371426201203251215', '周心辰');
INSERT INTO `test` VALUES ('371426201307071219', '王松阔');
INSERT INTO `test` VALUES ('371426201308181217', '胡振宇');
INSERT INTO `test` VALUES ('371426201409261216', '姚甲譞');
INSERT INTO `test` VALUES ('371426201505041248', '霍婉晴');
INSERT INTO `test` VALUES ('371427198102131961', '房忠菊');
INSERT INTO `test` VALUES ('372422193703201239', '姚庆颜');
INSERT INTO `test` VALUES ('372422193709131219', '范振河');
INSERT INTO `test` VALUES ('372422193805061249', '任吉香');
INSERT INTO `test` VALUES ('372422193911221226', '刘桂兰');
INSERT INTO `test` VALUES ('372422193912191217', '魏风彬');
INSERT INTO `test` VALUES ('372422193912271217', '梁成正');
INSERT INTO `test` VALUES ('372422194007181216', '刘同振');
INSERT INTO `test` VALUES ('372422194101081238', '张书信');
INSERT INTO `test` VALUES ('372422194102061220', '霍俊兰');
INSERT INTO `test` VALUES ('372422194306051227', '周吉珍');
INSERT INTO `test` VALUES ('372422194309221236', '徐桂平');
INSERT INTO `test` VALUES ('37242219431108121X', '马付友');
INSERT INTO `test` VALUES ('372422194507171241', '张云莲');
INSERT INTO `test` VALUES ('372422194508121211', '周玉才');
INSERT INTO `test` VALUES ('372422194604011215', '王守明');
INSERT INTO `test` VALUES ('372422194612071226', '张文香');
INSERT INTO `test` VALUES ('372422194705011222', '王秀荣');
INSERT INTO `test` VALUES ('372422194708151247', '刘荣英');
INSERT INTO `test` VALUES ('372422194810281224', '张传美');
INSERT INTO `test` VALUES ('372422194902031222', '范振俊');
INSERT INTO `test` VALUES ('372422194902051231', '王林付');
INSERT INTO `test` VALUES ('372422195004161214', '耿学新');
INSERT INTO `test` VALUES ('372422195006201224', '杨秀英');
INSERT INTO `test` VALUES ('372422195007251223', '刘桂芝');
INSERT INTO `test` VALUES ('372422195008121228', '蔡兰风');
INSERT INTO `test` VALUES ('372422195105071218', '麻然国');
INSERT INTO `test` VALUES ('372422195201091219', '范金江');
INSERT INTO `test` VALUES ('372422195202131219', '梁连印');
INSERT INTO `test` VALUES ('37242219520227122X', '赵玉环');
INSERT INTO `test` VALUES ('372422195204011210', '魏玉良');
INSERT INTO `test` VALUES ('372422195204211212', '刘金华');
INSERT INTO `test` VALUES ('37242219520426121X', '刘同国');
INSERT INTO `test` VALUES ('372422195204281229', '徐贞荣');
INSERT INTO `test` VALUES ('37242219520515124X', '耿秀凤');
INSERT INTO `test` VALUES ('372422195308031232', '张长玉');
INSERT INTO `test` VALUES ('372422195310071217', '魏恒顺');
INSERT INTO `test` VALUES ('372422195402261245', '魏连兰');
INSERT INTO `test` VALUES ('372422195403211215', '刘同树');
INSERT INTO `test` VALUES ('372422195404051225', '张洪英');
INSERT INTO `test` VALUES ('372422195408081253', '任吉印');
INSERT INTO `test` VALUES ('372422195502051210', '宋怀营');
INSERT INTO `test` VALUES ('372422195503251230', '刘玉德');
INSERT INTO `test` VALUES ('372422195504041251', '王吉贞');
INSERT INTO `test` VALUES ('372422195505081220', '刘玉美');
INSERT INTO `test` VALUES ('37242219550602122X', '李秀英');
INSERT INTO `test` VALUES ('372422195506141221', '李红云');
INSERT INTO `test` VALUES ('372422195507221223', '孙爱英');
INSERT INTO `test` VALUES ('372422195508161226', '黑玉秋');
INSERT INTO `test` VALUES ('372422195508291215', '杜守水');
INSERT INTO `test` VALUES ('372422195509251223', '刘云');
INSERT INTO `test` VALUES ('372422195510101249', '倪爱荣');
INSERT INTO `test` VALUES ('37242219551011121X', '宋传平');
INSERT INTO `test` VALUES ('372422195601171226', '张秀芝');
INSERT INTO `test` VALUES ('372422195602141213', '王义贵');
INSERT INTO `test` VALUES ('372422195604101231', '李清顺');
INSERT INTO `test` VALUES ('372422195604291215', '孙保柱');
INSERT INTO `test` VALUES ('372422195609091212', '姚汝成');
INSERT INTO `test` VALUES ('372422195610051234', '刘心增');
INSERT INTO `test` VALUES ('372422195610121239', '耿学东');
INSERT INTO `test` VALUES ('372422195701101225', '马希玲');
INSERT INTO `test` VALUES ('372422195701221219', '耿士旺');
INSERT INTO `test` VALUES ('372422195704181224', '耿秀英');
INSERT INTO `test` VALUES ('372422195705201223', '陈洪灵');
INSERT INTO `test` VALUES ('372422195706101216', '姚如良');
INSERT INTO `test` VALUES ('372422195707061260', '王凤琴');
INSERT INTO `test` VALUES ('37242219570714121X', '梁东涛');
INSERT INTO `test` VALUES ('372422195708051232', '杜有柱');
INSERT INTO `test` VALUES ('372422195708291252', '胡新华');
INSERT INTO `test` VALUES ('372422195710121224', '侯秀红');
INSERT INTO `test` VALUES ('372422195806051260', '赵明菊');
INSERT INTO `test` VALUES ('372422195809201244', '刘淑婷');
INSERT INTO `test` VALUES ('37242219580921124X', '徐秀兰');
INSERT INTO `test` VALUES ('372422196009031229', '贾玉香');
INSERT INTO `test` VALUES ('372422196112101213', '马希平');
INSERT INTO `test` VALUES ('372422196112111219', '刘同勇');
INSERT INTO `test` VALUES ('372422196305201210', '周文秋');
INSERT INTO `test` VALUES ('372422196307031227', '张明菊');
INSERT INTO `test` VALUES ('372422196403141223', '徐德芹');
INSERT INTO `test` VALUES ('372422196403181217', '柳立国');
INSERT INTO `test` VALUES ('372422196406061245', '李风莲');
INSERT INTO `test` VALUES ('37242219640824124X', '栗希英');
INSERT INTO `test` VALUES ('372422196504041213', '林春德');
INSERT INTO `test` VALUES ('372422196510161211', '张洪岭');
INSERT INTO `test` VALUES ('372422196802191228', '王吉红');
INSERT INTO `test` VALUES ('372422196805051220', '赵玉玲');
INSERT INTO `test` VALUES ('372422196904051218', '马希忠');
INSERT INTO `test` VALUES ('372422196904221213', '王自军');
INSERT INTO `test` VALUES ('372422196912281216', '崔爱民');
INSERT INTO `test` VALUES ('372422197001301217', '姚如田');
INSERT INTO `test` VALUES ('372422197005271211', '周玉国');
INSERT INTO `test` VALUES ('37242219700611121X', '王明刚');
INSERT INTO `test` VALUES ('37242219701010125X', '林和军');
INSERT INTO `test` VALUES ('37242219701219121X', '周洪生');
INSERT INTO `test` VALUES ('372422197012271228', '郭洪霞');
INSERT INTO `test` VALUES ('372422197102241217', '安玉砚');
INSERT INTO `test` VALUES ('372422197202251236', '陈守坚');
INSERT INTO `test` VALUES ('372422197207091251', '刘心勇');
INSERT INTO `test` VALUES ('372422197210027242', '崔红廷');
INSERT INTO `test` VALUES ('372422197301041226', '付俊华');
INSERT INTO `test` VALUES ('372422197301291217', '徐吉侠');
INSERT INTO `test` VALUES ('372422197303101229', '寇金玉');
INSERT INTO `test` VALUES ('372422197304231228', '李书红');
INSERT INTO `test` VALUES ('372422197310171225', '王东娟');
INSERT INTO `test` VALUES ('372422197409271242', '肖莉');
INSERT INTO `test` VALUES ('372422197410091222', '王义玉');
INSERT INTO `test` VALUES ('372422197411171224', '李叶领');
INSERT INTO `test` VALUES ('372422197501021211', '刘泉庆');
INSERT INTO `test` VALUES ('372422197502201257', '陈文寅');
INSERT INTO `test` VALUES ('372422197504121218', '焦风永');
INSERT INTO `test` VALUES ('372422197507171229', '王连俊');
INSERT INTO `test` VALUES ('372422197510251238', '周新华');
INSERT INTO `test` VALUES ('372422197604177227', '张悦喜');
INSERT INTO `test` VALUES ('372422197607251218', '耿全国');
INSERT INTO `test` VALUES ('372422197608241230', '王兴');
INSERT INTO `test` VALUES ('372422197712107226', '陈玉芳');
INSERT INTO `test` VALUES ('37242219771225121X', '李庆卫');
INSERT INTO `test` VALUES ('372422197809201235', '姚相军');
INSERT INTO `test` VALUES ('372422197810191257', '陈文海');
INSERT INTO `test` VALUES ('372423197301011947', '秦春花');
INSERT INTO `test` VALUES ('372423197606082543', '张金秀');
INSERT INTO `test` VALUES ('372424196510120041', '付玉美');
INSERT INTO `test` VALUES ('372527197106250812', '张正齐');
INSERT INTO `test` VALUES ('372527197302140821', '张爱红');

SET FOREIGN_KEY_CHECKS = 1;
